entry_id,verify,trace_index,file,line,line_start,line_end,duplicate,anomaly,certainty,file_group,comparison,vs_entry,vs_critical,code_preview
entry-00057,1,0,src/lib/components/chat/MessageInput/CommandSuggestionList.svelte,97,97,97,no,before_entry,ambiguous,entry_file,overlapping,overlapping,n/a,insertTextHandler(data.content);
entry-00057,1,1,backend/open_webui/routers/prompts.py,47,47,47,no,none,n/a,cross_file,n/a (cross-file),n/a,n/a,"@router.post(""/create"", response_model=Optional[PromptModel])"
entry-00057,1,2,src/lib/components/chat/MessageInput/CommandSuggestionList.svelte,30,30,30,no,before_entry,clear,entry_file,strictly_before,strictly_before,n/a,prompts.set(await getPrompts(localStorage.token));
entry-00057,1,3,src/lib/components/chat/MessageInput/CommandSuggestionList.svelte,93,93,93,no,before_entry,clear,entry_file,strictly_before,strictly_before,n/a,onSelect={(e) => {
entry-00057,1,4,src/lib/components/chat/MessageInput.svelte,324,324,324,no,none,n/a,cross_file,n/a (cross-file),n/a,n/a,const replaceCommandWithText = (text) => {
entry-00057,1,5,src/lib/components/chat/MessageInput.svelte,1207,1207,1207,no,none,n/a,cross_file,n/a (cross-file),n/a,n/a,insertPromptAsRichText={$settings?.insertPromptAsRichText ?? false}
entry-00057,1,6,src/lib/components/common/RichTextInput.svelte,338,338,338,no,none,n/a,critical_file,strictly_before,n/a,strictly_before,if (insertPromptAsRichText) {
entry-00057,1,7,src/lib/components/common/RichTextInput.svelte,347-348,347,348,no,after_critical,ambiguous,critical_file,overlapping,n/a,overlapping,"const tempDiv = document.createElement('div');
			tempDiv.innerHTML = htmlContent;"
entry-00058,1,0,internal/distributed/proxy/service.go,240-249,240,249,no,before_entry,ambiguous,entry_file,overlapping,overlapping,n/a,"	if enableCustomInterceptor {
		unaryServerOption = grpc.UnaryInterceptor(grpc_middleware.ChainUnary"
entry-00058,1,1,internal/proxy/authentication_interceptor.go,50-59,50,59,no,none,n/a,critical_file,strictly_before,n/a,strictly_before,"func GrpcAuthInterceptor(authFunc grpc_auth.AuthFunc) grpc.UnaryServerInterceptor {
	return func(ctx"
entry-00058,1,2,internal/proxy/authentication_interceptor.go,39-48,39,48,no,none,n/a,critical_file,strictly_before,n/a,strictly_before,"		return false
	}
	// token format: base64<sourceID>
	token := authorization[0]
	sourceID, err := cr"
entry-00058,1,3,pkg/util/constant.go,49-52,49,52,no,none,n/a,cross_file,n/a (cross-file),n/a,n/a,"	// HeaderSourceID identify requests from Milvus members and client requests
	HeaderSourceID = ""sour"
entry-00058,1,4,internal/proxy/authentication_interceptor.go,83-92,83,92,no,after_critical,ambiguous,critical_file,overlapping,n/a,overlapping,"	if Params.CommonCfg.AuthorizationEnabled.GetAsBool() {
		if !validSourceID(ctx, md[strings.ToLower("
entry-00061,1,0,packages/ui/src/views/account/index.jsx,702,702,702,no,after_critical,ambiguous,both,strictly_after,overlapping,strictly_after,onChange={(e) => setEmail(e.target.value)}
entry-00061,1,1,packages/ui/src/views/account/index.jsx,667,667,667,no,before_entry,ambiguous,both,strictly_before,strictly_before,strictly_after,"<StyledButton onClick={saveProfileData} sx={{ borderRadius: 2, height: 40 }} variant='contained'>"
entry-00061,1,2,packages/ui/src/views/account/index.jsx,198,198,198,no,before_entry,clear,both,strictly_before,strictly_before,strictly_before,const saveProfileData = async () => {
entry-00061,1,3,packages/ui/src/views/account/index.jsx,200-206,200,206,no,before_entry,ambiguous,both,strictly_before,strictly_before,overlapping,"            const obj = {
                id: currentUser.id,
                name: profileName,
   "
entry-00061,1,4,packages/ui/src/views/account/index.jsx,205,205,205,no,before_entry,ambiguous,both,strictly_before,strictly_before,overlapping,const saveProfileResp = await userApi.updateUser(obj)
entry-00062,1,0,backend/open_webui/routers/retrieval.py,1778,1778,1778,no,before_entry,ambiguous,entry_file,overlapping,overlapping,n/a,"    request: Request, form_data: ProcessUrlForm, user=Depends(get_verified_user)"
entry-00062,1,1,backend/open_webui/routers/retrieval.py,1785,1785,1785,no,none,n/a,entry_file,strictly_after,strictly_after,n/a,"        content, docs = get_content_from_url(request, form_data.url)"
entry-00062,1,2,backend/open_webui/retrieval/utils.py,78-82,78,82,no,none,n/a,cross_file,n/a (cross-file),n/a,n/a,"def get_content_from_url(request, url: str) -> str:
    loader = get_loader(request, url)
    docs ="
entry-00062,1,3,backend/open_webui/retrieval/utils.py,62-71,62,71,no,none,n/a,cross_file,n/a (cross-file),n/a,n/a,"def get_loader(request, url: str):
    if is_youtube_url(url):
        return YoutubeLoader(
       "
entry-00062,1,4,backend/open_webui/retrieval/web/utils.py,636-643,636,643,no,after_critical,clear,critical_file,strictly_after,n/a,strictly_after,"def get_web_loader(
    urls: Union[str, Sequence[str]],
    verify_ssl: bool = True,
    requests_p"
entry-00062,1,5,backend/open_webui/retrieval/web/utils.py,73-82,73,82,no,none,n/a,critical_file,strictly_before,n/a,strictly_before,"def safe_validate_urls(url: Sequence[str]) -> Sequence[str]:
    valid_urls = []
    for u in url:
 "
entry-00062,1,6,backend/open_webui/retrieval/web/utils.py,49-58,49,58,no,none,n/a,critical_file,strictly_before,n/a,strictly_before,"def validate_url(url: Union[str, Sequence[str]]):
    if isinstance(url, str):
        if isinstance"
entry-00062,1,7,backend/open_webui/retrieval/web/utils.py,556-563,556,563,no,after_critical,ambiguous,critical_file,overlapping,n/a,overlapping,"                    async with session.get(
                        url,
                        **("
entry-00063,1,0,packages/server/src/enterprise/routes/account.route.ts,9,9,9,no,before_entry,ambiguous,entry_file,overlapping,overlapping,n/a,"router.post('/register', accountController.register)"
entry-00063,1,1,packages/server/src/utils/constants.ts,34,34,34,no,none,n/a,cross_file,n/a (cross-file),n/a,n/a,"    '/api/v1/account/register',"
entry-00063,1,2,packages/server/src/index.ts,196-198,196,198,no,none,n/a,cross_file,n/a (cross-file),n/a,n/a,"                    const isWhitelisted = whitelistURLs.some((url) => req.path.startsWith(url))
    "
entry-00063,1,3,packages/server/src/enterprise/controllers/account.controller.ts,8-16,8,16,no,none,n/a,cross_file,n/a (cross-file),n/a,n/a,"    public async register(req: Request, res: Response, next: NextFunction) {
        try {
         "
entry-00063,1,4,packages/server/src/enterprise/services/account.service.ts,268-270,268,270,no,after_critical,clear,critical_file,strictly_after,n/a,strictly_after,"    public async register(data: AccountDTO) {
        return await this.saveRegisterAccount(data)
  "
entry-00063,1,5,packages/server/src/enterprise/services/account.service.ts,231-237,231,237,no,after_critical,clear,critical_file,strictly_after,n/a,strictly_after,"    private async saveRegisterAccount(data: AccountDTO) {
        const queryRunner = this.dataSourc"
entry-00063,1,6,packages/server/src/enterprise/services/account.service.ts,112-119,112,119,no,after_critical,ambiguous,critical_file,overlapping,n/a,overlapping,"        switch (platform) {
            case Platform.OPEN_SOURCE:
                data.organization"
entry-00064,1,0,packages/server/src/routes/index.ts,134,134,134,no,before_entry,ambiguous,entry_file,overlapping,overlapping,n/a,"router.use('/account', accountRouter)"
entry-00064,1,1,packages/server/src/utils/constants.ts,6,6,6,no,none,n/a,cross_file,n/a (cross-file),n/a,n/a,export const WHITELIST_URLS = [
entry-00064,1,2,packages/server/src/index.ts,184,184,184,no,none,n/a,cross_file,n/a (cross-file),n/a,n/a,        const whitelistURLs = WHITELIST_URLS
entry-00064,1,3,packages/server/src/enterprise/routes/account.route.ts,7,7,7,no,none,n/a,cross_file,n/a (cross-file),n/a,n/a,const accountController = new AccountController()
entry-00064,1,4,packages/server/src/enterprise/services/account.service.ts,168-169,168,169,no,none,n/a,critical_file,strictly_before,n/a,strictly_before,"            case Platform.ENTERPRISE: {
                if (data.user.tempToken) {"
entry-00064,1,5,packages/server/src/enterprise/services/account.service.ts,203,203,203,no,after_critical,ambiguous,critical_file,overlapping,n/a,overlapping,"                    data.user = await this.userService.createNewUser(data.user, queryRunner)"
entry-00064,1,6,packages/server/src/enterprise/services/account.service.ts,199-203,199,203,no,after_critical,ambiguous,critical_file,overlapping,n/a,overlapping,                    data.organizationUser.role = await this.roleService.readGeneralRoleByName(Genera
entry-00065,1,0,packages/ui/src/views/account/index.jsx,741,741,741,no,before_entry,ambiguous,entry_file,overlapping,overlapping,n/a,                                                id='newPassword'
entry-00065,1,1,packages/ui/src/views/account/index.jsx,241,241,241,no,before_entry,clear,entry_file,strictly_before,strictly_before,n/a,const savePassword = async () => {
entry-00065,1,2,packages/ui/src/views/account/index.jsx,244,244,244,no,before_entry,clear,entry_file,strictly_before,strictly_before,n/a,if (newPassword !== confirmPassword) {
entry-00065,1,3,packages/ui/src/views/account/index.jsx,268,268,268,no,before_entry,clear,entry_file,strictly_before,strictly_before,n/a,const obj = {
entry-00065,1,4,packages/ui/src/views/account/index.jsx,272,272,272,no,before_entry,clear,entry_file,strictly_before,strictly_before,n/a,const saveProfileResp = await userApi.updateUser(obj)
entry-00065,1,5,packages/ui/src/api/user.js,5,5,5,no,none,n/a,cross_file,n/a (cross-file),n/a,n/a,"const updateUser = (body) => client.put(`/user`, body)"
entry-00065,1,6,packages/server/src/enterprise/controllers/user.controller.ts,52,52,52,no,none,n/a,cross_file,n/a (cross-file),n/a,n/a,"public async update(req: Request, res: Response, next: NextFunction) {"
entry-00065,1,7,packages/server/src/enterprise/controllers/user.controller.ts,60,60,60,no,none,n/a,cross_file,n/a (cross-file),n/a,n/a,if (currentUser.id !== id) {
entry-00065,1,8,packages/server/src/enterprise/controllers/user.controller.ts,63,63,63,no,none,n/a,cross_file,n/a (cross-file),n/a,n/a,const user = await userService.updateUser(req.body)
entry-00065,1,9,packages/server/src/enterprise/services/user.service.ts,137,137,137,no,none,n/a,critical_file,strictly_before,n/a,strictly_before,public async updateUser(newUserData: Partial<User> & { password?: string }) {
entry-00065,1,10,packages/server/src/enterprise/services/user.service.ts,161,161,161,no,none,n/a,critical_file,strictly_before,n/a,strictly_before,if (newUserData.password) {
entry-00065,1,11,packages/server/src/enterprise/services/user.service.ts,164,164,164,no,after_critical,ambiguous,critical_file,overlapping,n/a,overlapping,"                const hash = bcrypt.hashSync(newUserData.password, salt)"
entry-00066,1,0,libs/core/langchain_core/prompts/prompt.py,251,251,251,no,after_critical,ambiguous,both,strictly_after,overlapping,strictly_after,    @classmethod
entry-00066,1,1,libs/core/langchain_core/prompts/prompt.py,289,289,289,no,after_critical,clear,both,strictly_after,strictly_after,strictly_after,"        input_variables = get_template_variables(template, template_format)"
entry-00066,1,2,libs/core/langchain_core/prompts/string.py,266,266,266,no,none,n/a,cross_file,n/a (cross-file),n/a,n/a,"    elif template_format == ""f-string"":"
entry-00066,1,3,libs/core/langchain_core/prompts/prompt.py,188,188,188,no,before_entry,clear,both,strictly_before,strictly_before,strictly_before,"    def format(self, **kwargs: Any) -> str:"
entry-00066,1,4,libs/core/langchain_core/utils/formatting.py,33,33,33,no,none,n/a,cross_file,n/a (cross-file),n/a,n/a,"        return super().vformat(format_string, args, kwargs)"
entry-00066,1,5,libs/core/langchain_core/prompts/prompt.py,198,198,198,no,before_entry,ambiguous,both,strictly_before,strictly_before,overlapping,"        return DEFAULT_FORMATTER_MAPPING[self.template_format](self.template, **kwargs)"
entry-00067,1,0,libs/core/langchain_core/prompts/string.py,111,111,111,no,before_entry,ambiguous,entry_file,overlapping,overlapping,n/a,"def mustache_formatter(template: str, /, **kwargs: Any) -> str:"
entry-00067,1,1,libs/core/langchain_core/prompts/string.py,121,121,121,no,none,n/a,entry_file,strictly_after,strictly_after,n/a,"    return mustache.render(template, kwargs)"
entry-00067,1,2,libs/core/langchain_core/utils/mustache.py,482,482,482,no,after_critical,clear,critical_file,strictly_after,n/a,strictly_after,"        tokens = tokenize(template, def_ldel, def_rdel)"
entry-00067,1,3,libs/core/langchain_core/utils/mustache.py,513,513,513,no,after_critical,clear,critical_file,strictly_after,n/a,strictly_after,            thing = _get_key(
entry-00067,1,4,libs/core/langchain_core/utils/mustache.py,371,371,371,no,none,n/a,critical_file,strictly_before,n/a,strictly_before,"            for child in key.split("".""):"
entry-00067,1,5,libs/core/langchain_core/utils/mustache.py,377,377,377,no,none,n/a,critical_file,strictly_before,n/a,strictly_before,                try:
entry-00067,1,6,libs/core/langchain_core/utils/mustache.py,382,382,382,no,after_critical,ambiguous,critical_file,overlapping,n/a,overlapping,"                        resolved_scope = getattr(resolved_scope, child)"
entry-00068,1,0,libs/core/langchain_core/prompts/string.py,32,32,32,no,none,ambiguous,both,"ep=overlapping,co=strictly_before",overlapping,strictly_before,"def jinja2_formatter(template: str, /, **kwargs: Any) -> str:"
entry-00068,1,1,libs/core/langchain_core/prompts/string.py,54,54,54,no,none,ambiguous,both,"ep=strictly_after,co=strictly_before",strictly_after,strictly_before,    if not _HAS_JINJA2:
entry-00068,1,2,libs/core/langchain_core/prompts/string.py,71,71,71,no,none,ambiguous,both,"ep=strictly_after,co=overlapping",strictly_after,overlapping,    return SandboxedEnvironment().from_string(template).render(**kwargs)
entry-00071,1,0,src/backend/base/langflow/api/v1/monitor.py,46,46,46,no,none,ambiguous,both,"ep=overlapping,co=strictly_before",overlapping,strictly_before,"@router.get(""/messages"", response_model=list[MessageResponse])"
entry-00071,1,1,src/backend/base/langflow/api/v1/monitor.py,47,47,47,no,none,ambiguous,both,"ep=strictly_after,co=strictly_before",strictly_after,strictly_before,async def get_messages(
entry-00071,1,2,src/backend/base/langflow/api/v1/monitor.py,56,56,56,no,none,ambiguous,both,"ep=strictly_after,co=strictly_before",strictly_after,strictly_before,        stmt = select(MessageTable)
entry-00071,1,3,src/backend/base/langflow/api/v1/monitor.py,68,68,68,no,none,ambiguous,both,"ep=strictly_after,co=overlapping",strictly_after,overlapping,        messages = session.exec(stmt)
entry-00072,1,0,src/backend/base/langflow/api/v1/monitor.py,169,169,169,no,none,ambiguous,both,"ep=overlapping,co=strictly_before",overlapping,strictly_before,"@router.get(""/transactions"", response_model=list[TransactionReadResponse])"
entry-00072,1,1,src/backend/base/langflow/api/v1/monitor.py,170,170,170,no,none,ambiguous,both,"ep=strictly_after,co=strictly_before",strictly_after,strictly_before,async def get_transactions(
entry-00072,1,2,src/backend/base/langflow/api/v1/monitor.py,175,175,175,no,none,ambiguous,both,"ep=strictly_after,co=overlapping",strictly_after,overlapping,"        transactions = get_transactions_by_flow_id(session, flow_id)"
entry-00073,1,0,src/backend/base/langflow/api/v1/monitor.py,151,151,151,no,none,ambiguous,both,"ep=overlapping,co=strictly_before",overlapping,strictly_before,"@router.delete(""/messages/session/{session_id}"", status_code=204)"
entry-00073,1,1,src/backend/base/langflow/api/v1/monitor.py,152,152,152,no,none,ambiguous,both,"ep=strictly_after,co=strictly_before",strictly_after,strictly_before,async def delete_messages_session(
entry-00073,1,2,src/backend/base/langflow/api/v1/monitor.py,153,153,153,no,none,ambiguous,both,"ep=strictly_after,co=strictly_before",strictly_after,strictly_before,"    session_id: str,"
entry-00073,1,3,src/backend/base/langflow/api/v1/monitor.py,157-161,157,161,no,none,ambiguous,both,"ep=strictly_after,co=overlapping",strictly_after,overlapping,"        session.exec(
            delete(MessageTable)
            .where(col(MessageTable.session_i"
entry-00074,1,0,server/routes.go,1503,1503,1503,no,after_critical,ambiguous,both,strictly_after,overlapping,strictly_after,"	r.POST(""/api/pull"", s.PullHandler)"
entry-00074,1,1,server/routes.go,848,848,848,no,before_entry,ambiguous,both,strictly_before,strictly_before,overlapping,func (s *Server) PullHandler(c *gin.Context) {
entry-00075,1,0,server/routes.go,1508,1508,1508,no,after_critical,ambiguous,both,strictly_after,overlapping,strictly_after,"	r.DELETE(""/api/delete"", s.DeleteHandler)"
entry-00075,1,1,server/routes.go,982-990,982,990,no,before_entry,clear,both,strictly_before,strictly_before,strictly_before,"func (s *Server) DeleteHandler(c *gin.Context) {
	var r api.DeleteRequest
	if err := c.ShouldBindJSO"
entry-00075,1,2,server/routes.go,1015-1023,1015,1023,no,before_entry,ambiguous,both,strictly_before,strictly_before,overlapping,"	if err := m.Remove(); err != nil {
		c.JSON(http.StatusInternalServerError, gin.H{""error"": err.Erro"
entry-00076,1,0,server/routes.go,1506,1506,1506,no,after_critical,ambiguous,both,strictly_after,overlapping,strictly_after,"	r.GET(""/api/tags"", s.ListHandler)"
entry-00076,1,1,server/routes.go,1217,1217,1217,no,before_entry,clear,both,strictly_before,strictly_before,strictly_before,func (s *Server) ListHandler(c *gin.Context) {
entry-00076,1,2,server/routes.go,1266,1266,1266,no,before_entry,ambiguous,both,strictly_before,strictly_before,overlapping,"	c.JSON(http.StatusOK, api.ListResponse{Models: models})"
entry-00077,1,0,server/routes.go,1517,1517,1517,no,before_entry,ambiguous,entry_file,overlapping,overlapping,n/a,"	r.POST(""/api/create"", s.CreateHandler)"
entry-00077,1,1,server/create.go,44,44,44,no,after_critical,ambiguous,critical_file,overlapping,n/a,overlapping,func (s *Server) CreateHandler(c *gin.Context) {
entry-00078,1,0,server/routes.go,1524,1524,1524,no,after_critical,ambiguous,both,strictly_after,overlapping,strictly_after,"r.POST(""/api/generate"", s.GenerateHandler)"
entry-00078,1,1,server/routes.go,176,176,176,no,before_entry,ambiguous,both,strictly_before,strictly_before,overlapping,func (s *Server) GenerateHandler(c *gin.Context) {
entry-00079,1,0,server/routes.go,1504,1504,1504,no,after_critical,ambiguous,both,strictly_after,overlapping,strictly_after,"	r.POST(""/api/push"", s.PushHandler)"
entry-00079,1,1,server/routes.go,899,899,899,no,before_entry,clear,both,strictly_before,strictly_before,strictly_before,func (s *Server) PushHandler(c *gin.Context) {
entry-00079,1,2,server/routes.go,941,941,941,no,before_entry,ambiguous,both,strictly_before,strictly_before,overlapping,"		if err := PushModel(ctx, name.DisplayShortest(), regOpts, fn); err != nil {"
entry-00080,1,0,internal/handler/mcp_service.go,41,41,41,no,before_entry,ambiguous,entry_file,overlapping,overlapping,n/a,	if err := c.ShouldBindJSON(&service); err != nil {
entry-00080,1,1,internal/handler/mcp_service.go,325-334,325,334,no,none,n/a,entry_file,strictly_after,strictly_after,n/a,"	result, err := h.mcpServiceService.TestMCPService(ctx, tenantID, serviceID)
	if err != nil {
		logg"
entry-00080,1,2,internal/application/service/mcp_service.go,246-251,246,251,no,none,n/a,cross_file,n/a (cross-file),n/a,n/a,"	// Create temporary client for testing
	config := &mcp.ClientConfig{
		Service: service,
	}

	clien"
entry-00080,1,3,internal/mcp/client.go,133,133,133,no,after_critical,ambiguous,critical_file,overlapping,n/a,overlapping,"		mcpClient, err = client.NewStdioMCPClientWithOptions("
entry-00081,1,0,internal/handler/mcp_service.go,356,356,356,no,before_entry,ambiguous,entry_file,overlapping,overlapping,n/a,func (h *MCPServiceHandler) GetMCPServiceTools(c *gin.Context) {
entry-00081,1,1,internal/application/service/mcp_service.go,321-323,321,323,no,none,n/a,cross_file,n/a (cross-file),n/a,n/a,"	// Get or create client
	client, err := s.mcpManager.GetOrCreateClient(service)
	if err != nil {"
entry-00081,1,2,internal/mcp/manager.go,47-48,47,48,no,none,n/a,cross_file,n/a (cross-file),n/a,n/a,"	if service.TransportType == types.MCPTransportStdio {
		return m.createStdioClient(service)"
entry-00081,1,3,internal/mcp/client.go,120-128,120,128,no,after_critical,ambiguous,critical_file,overlapping,n/a,overlapping,"	case types.MCPTransportStdio:
		if config.Service.StdioConfig == nil {
			return nil, fmt.Errorf(""s"
entry-00082,1,0,packages/workflow/src/expression.ts,6,6,6,no,before_entry,ambiguous,entry_file,overlapping,overlapping,n/a,"import { evaluateExpression, setErrorHandler } from './expression-evaluator-proxy';"
entry-00082,1,1,packages/workflow/src/expression.ts,205,205,205,no,none,n/a,entry_file,strictly_after,strictly_after,n/a,		}
entry-00082,1,2,packages/workflow/src/expression.ts,235,235,235,no,none,n/a,entry_file,strictly_after,strictly_after,n/a,	resolveSimpleParameterValue(
entry-00082,1,3,packages/workflow/src/expression-evaluator-proxy.ts,19,19,19,no,after_critical,clear,critical_file,strictly_after,n/a,strictly_after,"export const evaluateExpression: Evaluator = (expr, data) => {"
entry-00082,1,4,packages/workflow/src/expression-evaluator-proxy.ts,13,13,13,no,after_critical,clear,critical_file,strictly_after,n/a,strictly_after,const evaluator: Evaluator = tournamentEvaluator.execute.bind(tournamentEvaluator);
entry-00082,1,5,packages/workflow/src/expression-evaluator-proxy.ts,9,9,9,no,none,n/a,critical_file,strictly_before,n/a,strictly_before,"const tournamentEvaluator = new Tournament(errorHandler, undefined, undefined, {"
entry-00082,1,6,packages/workflow/src/expression-evaluator-proxy.ts,10,10,10,no,after_critical,ambiguous,critical_file,overlapping,n/a,overlapping,"	before: [],"
entry-00083,1,0,packages/workflow/src/expression.ts,56,56,56,no,before_entry,ambiguous,entry_file,overlapping,overlapping,n/a,	static initializeGlobalContext(data: IDataObject) {
entry-00083,1,1,packages/workflow/src/expression-evaluator-proxy.ts,11,11,11,no,none,n/a,cross_file,n/a (cross-file),n/a,n/a,"	after: [PrototypeSanitizer, DollarSignValidator],"
entry-00083,1,2,packages/workflow/src/expression-sandboxing.ts,121,121,121,no,none,n/a,cross_file,n/a (cross-file),n/a,n/a,"export const PrototypeSanitizer: ASTAfterHook = (ast, dataNode) => {"
entry-00083,1,3,packages/workflow/src/expression-sandboxing.ts,134,134,134,no,none,n/a,cross_file,n/a (cross-file),n/a,n/a,				if (!isSafeObjectProperty(node.property.name)) {
entry-00083,1,4,packages/workflow/src/utils.ts,339,339,339,no,after_critical,clear,critical_file,strictly_after,n/a,strictly_after, * setting untrusted properties can alter the object's prototype chain and introduce vulnerabilities
entry-00083,1,5,packages/workflow/src/utils.ts,332,332,332,no,after_critical,ambiguous,critical_file,overlapping,n/a,overlapping,	return value !== null && typeof value === 'object' && value.hasOwnProperty(key);
entry-00084,1,0,packages/nodes-base/nodes/RespondToWebhook/RespondToWebhook.node.ts,485,485,485,no,before_entry,ambiguous,entry_file,overlapping,overlapping,n/a,				if (hasHtmlContentType || !headers['content-type']) {
entry-00084,1,1,packages/nodes-base/nodes/RespondToWebhook/RespondToWebhook.node.ts,486,486,486,no,none,n/a,entry_file,strictly_after,strictly_after,n/a,					responseBody = sandboxHtmlResponse(rawBody);
entry-00084,1,2,packages/core/src/html-sandbox.ts,47,47,47,no,none,n/a,cross_file,n/a (cross-file),n/a,n/a,"	const escapedHtml = text.replaceAll('&', '&amp;').replaceAll('""', '&quot;');"
entry-00084,1,3,packages/core/src/html-sandbox.ts,50,50,50,no,none,n/a,cross_file,n/a (cross-file),n/a,n/a,"			style=""position:fixed; top:0; left:0; width:100vw; height:100vh; border:none; overflow:auto;"""
entry-00084,1,4,packages/nodes-base/nodes/RespondToWebhook/RespondToWebhook.node.ts,576,576,576,no,none,n/a,entry_file,strictly_after,strictly_after,n/a,			response = {
entry-00084,1,5,packages/nodes-base/nodes/RespondToWebhook/RespondToWebhook.node.ts,583,583,583,no,none,n/a,entry_file,strictly_after,strictly_after,n/a,				this.sendResponse(response);
entry-00084,1,6,packages/cli/src/webhooks/webhook-request-handler.ts,69,69,69,no,none,n/a,critical_file,strictly_before,n/a,strictly_before,			if (isWebhookResponse(response)) {
entry-00084,1,7,packages/cli/src/webhooks/webhook-request-handler.ts,70,70,70,no,none,n/a,critical_file,strictly_before,n/a,strictly_before,"				await this.sendWebhookResponse(res, response);"
entry-00084,1,8,packages/cli/src/webhooks/webhook-request-handler.ts,112,112,112,no,none,n/a,critical_file,strictly_before,n/a,strictly_before,		if (isWebhookStaticResponse(webhookResponse)) {
entry-00084,1,9,packages/cli/src/webhooks/webhook-request-handler.ts,148,148,148,no,none,n/a,critical_file,strictly_before,n/a,strictly_before,			const needsSandbox = !contentType || isHtmlRenderedContentType(contentType);
entry-00084,1,10,packages/cli/src/webhooks/webhook-request-handler.ts,149,149,149,no,none,n/a,critical_file,strictly_before,n/a,strictly_before,			const bodyToSend = needsSandbox ? sandboxHtmlResponse(body) : body;
entry-00084,1,11,packages/cli/src/webhooks/webhook-request-handler.ts,150,150,150,no,after_critical,ambiguous,critical_file,overlapping,n/a,overlapping,			res.send(bodyToSend);
entry-00085,1,0,packages/nodes-base/nodes/RespondToWebhook/RespondToWebhook.node.ts,411,411,411,no,before_entry,ambiguous,entry_file,overlapping,overlapping,n/a,"				const responseBodyParameter = this.getNodeParameter('responseBody', 0) as string;"
entry-00085,1,1,packages/nodes-base/nodes/RespondToWebhook/RespondToWebhook.node.ts,405,405,405,no,before_entry,clear,entry_file,strictly_before,strictly_before,n/a,			const hasHtmlContentType =
entry-00085,1,2,packages/nodes-base/nodes/RespondToWebhook/RespondToWebhook.node.ts,568,568,568,no,none,n/a,entry_file,strictly_after,strictly_after,n/a,				hasHtmlContentType &&
entry-00085,1,3,packages/nodes-base/nodes/RespondToWebhook/RespondToWebhook.node.ts,573,573,573,no,none,n/a,entry_file,strictly_after,strictly_after,n/a,				responseBody = sandboxHtmlResponse(JSON.stringify(responseBody as string));
entry-00085,1,4,packages/cli/src/webhooks/webhook-request-handler.ts,152,152,152,no,none,n/a,critical_file,strictly_before,n/a,strictly_before,			const needsSandbox = contentType && isHtmlRenderedContentType(contentType);
entry-00085,1,5,packages/cli/src/webhooks/webhook-request-handler.ts,154,154,154,no,after_critical,ambiguous,critical_file,overlapping,n/a,overlapping,				res.send(sandboxHtmlResponse(body));
entry-00086,1,0,packages/nodes-base/nodes/RespondToWebhook/RespondToWebhook.node.ts,491,491,491,no,before_entry,ambiguous,entry_file,overlapping,overlapping,n/a,if (shouldStream) {
entry-00086,1,1,packages/nodes-base/nodes/RespondToWebhook/RespondToWebhook.node.ts,493,493,493,no,none,n/a,entry_file,strictly_after,strictly_after,n/a,"this.sendChunk('item', 0, rawBody);"
entry-00086,1,2,packages/cli/src/webhooks/webhook-request-handler.ts,130,130,130,no,none,n/a,critical_file,strictly_before,n/a,strictly_before,const needsSandbox = contentType && isHtmlRenderedContentType(contentType);
entry-00086,1,3,packages/cli/src/webhooks/webhook-request-handler.ts,132,132,132,no,none,n/a,critical_file,strictly_before,n/a,strictly_before,const streamToSend = needsSandbox ? stream.pipe(createHtmlSandboxTransformStream()) : stream;
entry-00086,1,4,packages/core/src/html-sandbox.ts,110,110,110,no,none,n/a,cross_file,n/a (cross-file),n/a,n/a,"const prefix = Buffer.from('<iframe srcdoc=""', 'utf8');"
entry-00086,1,5,packages/core/src/html-sandbox.ts,111,111,111,no,none,n/a,cross_file,n/a (cross-file),n/a,n/a,const suffix = Buffer.from(
entry-00086,1,6,packages/cli/src/webhooks/webhook-request-handler.ts,133,133,133,no,after_critical,ambiguous,critical_file,overlapping,n/a,overlapping,"streamToSend.pipe(res, { end: false });"
entry-00087,1,0,packages/cli/src/webhooks/webhook-helpers.ts,356,356,356,no,before_entry,ambiguous,entry_file,overlapping,overlapping,n/a,export async function executeWebhook(
entry-00087,1,1,packages/cli/src/webhooks/webhook-helpers.ts,440,440,440,no,none,n/a,entry_file,strictly_after,strictly_after,n/a,"		await parseRequestBody(req, workflowStartNode, workflow, executionMode, additionalKeys);"
entry-00087,1,2,packages/cli/src/webhooks/webhook-helpers.ts,860,860,860,no,none,n/a,entry_file,strictly_after,strictly_after,n/a,	const { contentType } = req;
entry-00087,1,3,packages/nodes-base/nodes/Form/utils/utils.ts,616,616,616,no,after_critical,clear,critical_file,strictly_after,n/a,strictly_after,"	const returnItem = await prepareFormReturnItem(context, formFields, mode, useWorkflowTimezone);"
entry-00087,1,4,packages/nodes-base/nodes/Form/utils/utils.ts,355,355,355,no,none,n/a,critical_file,strictly_before,n/a,strictly_before,	const bodyData = (context.getBodyData().data as IDataObject) ?? {};
entry-00087,1,5,packages/nodes-base/nodes/Form/utils/utils.ts,365,365,365,no,none,n/a,critical_file,strictly_before,n/a,strictly_before,	for (const key of Object.keys(files)) {
entry-00087,1,6,packages/nodes-base/nodes/Form/utils/utils.ts,391,391,391,no,none,n/a,critical_file,strictly_before,n/a,strictly_before,		for (const file of processFiles) {
entry-00087,1,7,packages/core/src/binary-data/binary-data.service.ts,79,79,79,no,none,n/a,cross_file,n/a (cross-file),n/a,n/a,"			binaryData.data = await readFile(filePath, { encoding: BINARY_ENCODING });"
entry-00087,1,8,packages/nodes-base/nodes/Form/utils/utils.ts,398,398,398,no,after_critical,ambiguous,critical_file,overlapping,n/a,overlapping,			returnItem.binary![binaryPropertyName] = await context.nodeHelpers.copyBinaryFile(
entry-00090,1,0,packages/nodes-base/nodes/Code/Code.node.ts,120,120,120,no,before_entry,ambiguous,entry_file,overlapping,overlapping,n/a,	async execute(this: IExecuteFunctions) {
entry-00090,1,1,packages/nodes-base/nodes/Code/Code.node.ts,129-131,129,131,no,none,n/a,entry_file,strictly_after,strictly_after,n/a,"		const runnersConfig = Container.get(TaskRunnersConfig);
		const isJsRunner = runnersConfig.enabled"
entry-00090,1,2,packages/nodes-base/nodes/Code/Code.node.ts,142-149,142,149,no,none,n/a,entry_file,strictly_after,strictly_after,n/a,"		if (isJsLang && isJsRunner) {
			const code = this.getNodeParameter(codeParameterName, 0) as strin"
entry-00090,1,3,packages/nodes-base/nodes/Code/Code.node.ts,174-183,174,183,no,none,n/a,entry_file,strictly_after,strictly_after,n/a,"		const getSandbox = (index = 0) => {
			const code = this.getNodeParameter(codeParameterName, index"
entry-00090,1,4,packages/nodes-base/nodes/Code/Sandbox.ts,24-33,24,33,no,none,n/a,cross_file,n/a (cross-file),n/a,n/a,"export function getSandboxContext(
	this: IExecuteFunctions | ISupplyDataFunctions,
	index: number,
"
entry-00090,1,5,packages/core/src/execution-engine/node-execution-context/utils/file-system-helper-functions.ts,75-84,75,84,no,none,n/a,cross_file,n/a (cross-file),n/a,n/a,"function isFilePathBlocked(resolvedFilePath: ResolvedFilePath): boolean {
	const allowedPaths = getA"
entry-00090,1,6,packages/core/src/execution-engine/node-execution-context/utils/file-system-helper-functions.ts,97-106,97,106,no,none,n/a,cross_file,n/a (cross-file),n/a,n/a,"export const getFileSystemHelperFunctions = (node: INode): FileSystemHelperFunctions => ({
	async cr"
entry-00090,1,7,packages/nodes-base/nodes/Code/JavaScriptSandbox.ts,45-50,45,50,no,after_critical,ambiguous,critical_file,overlapping,n/a,overlapping,"		this.vm = new NodeVM({
			console: 'redirect',
			sandbox: context,
			require: options?.resolver "
entry-00091,1,0,packages/nodes-base/nodes/Code/Code.node.ts,204,204,204,no,before_entry,ambiguous,entry_file,overlapping,overlapping,n/a,		if (nodeMode === 'runOnceForAllItems') {
entry-00091,1,1,packages/nodes-base/nodes/Code/Code.node.ts,186-195,186,195,no,before_entry,clear,entry_file,strictly_before,strictly_before,n/a,"			sandbox.on(
				'output',
				workflowMode === 'manual'
					? this.sendMessageToUI.bind(this)
		"
entry-00091,1,2,packages/nodes-base/nodes/Code/Sandbox.ts,18-22,18,22,no,none,n/a,cross_file,n/a (cross-file),n/a,n/a,"export interface SandboxContext extends IWorkflowDataProxyData {
	$getNodeParameter: IExecuteFunctio"
entry-00091,1,3,packages/nodes-base/nodes/Code/JavaScriptSandbox.ts,55-63,55,63,no,none,n/a,cross_file,n/a (cross-file),n/a,n/a,"	async runCode<T = unknown>(): Promise<T> {
		const script = `module.exports = async function() {${t"
entry-00091,1,4,packages/core/src/execution-engine/node-execution-context/utils/file-system-helper-functions.ts,165-174,165,174,no,after_critical,ambiguous,critical_file,overlapping,n/a,overlapping,"	async writeContentToFile(resolvedFilePath, content, flag) {
		// Get the device and inode number of"
entry-00097,1,0,autogpt_platform/backend/backend/api/features/v1.py,361,361,361,no,none,ambiguous,both,"ep=overlapping,co=strictly_before",overlapping,strictly_before,async def execute_graph_block(
entry-00097,1,1,autogpt_platform/backend/backend/api/features/v1.py,364,364,364,no,none,ambiguous,both,"ep=strictly_after,co=strictly_before",strictly_after,strictly_before,    obj = get_block(block_id)
entry-00097,1,2,autogpt_platform/backend/backend/api/features/v1.py,375,375,375,no,none,ambiguous,both,"ep=strictly_after,co=overlapping",strictly_after,overlapping,"        async for name, data in obj.execute("
entry-00098,1,0,autogpt_platform/backend/backend/api/external/v1/routes.py,74,74,74,no,none,ambiguous,both,"ep=overlapping,co=strictly_before",overlapping,strictly_before,@v1_router.post(
entry-00098,1,1,autogpt_platform/backend/backend/api/external/v1/routes.py,86,86,86,no,none,ambiguous,both,"ep=strictly_after,co=overlapping",strictly_after,overlapping,    obj = backend.data.block.get_block(block_id)
entry-00099,0,0,packages/cli/src/workflows/workflows.controller.ts,539,539,539,no,before_entry,ambiguous,entry_file,overlapping,overlapping,n/a,	@Post('/:workflowId/run')
entry-00099,0,1,packages/workflow/src/expression.ts,384-393,384,393,no,none,n/a,cross_file,n/a (cross-file),n/a,n/a,"		if (!isExpression(parameterValue)) {
			// Is no expression so return value
			return parameterVal"
entry-00099,0,2,packages/workflow/src/expression-evaluator-proxy.ts,9-12,9,12,no,none,n/a,cross_file,n/a (cross-file),n/a,n/a,"const tournamentEvaluator = new Tournament(errorHandler, undefined, undefined, {
	before: [ThisSanit"
entry-00099,0,3,packages/workflow/src/expression-sandboxing.ts,244,244,244,no,after_critical,ambiguous,critical_file,overlapping,n/a,overlapping,"export const PrototypeSanitizer: ASTAfterHook = (ast, dataNode) => {"
entry-00100,0,0,packages/workflow/src/expression.ts,368-377,368,377,no,before_entry,ambiguous,entry_file,overlapping,overlapping,n/a,"	resolveSimpleParameterValue(
		parameterValue: NodeParameterValue,
		siblingParameters: INodeParame"
entry-00100,0,1,packages/workflow/src/expression.ts,434-438,434,438,no,none,n/a,entry_file,strictly_after,strictly_after,n/a,"		Object.defineProperty(data, sanitizerName, {
			value: sanitizer,
			writable: false,
			configura"
entry-00100,0,2,packages/workflow/src/expression.ts,452-453,452,453,no,none,n/a,entry_file,strictly_after,strictly_after,n/a,"		const extendedExpression = extendSyntax(parameterValue);
		const returnValue = this.renderExpressi"
entry-00100,0,3,packages/workflow/src/expression-sandboxing.ts,11-12,11,12,no,none,n/a,critical_file,strictly_before,n/a,strictly_before,"export const sanitizerName = '__sanitize';
const sanitizerIdentifier = b.identifier(sanitizerName);"
entry-00100,0,4,packages/workflow/src/expression-sandboxing.ts,330-336,330,336,no,after_critical,ambiguous,critical_file,overlapping,n/a,overlapping,"export const sanitizer = (value: unknown): unknown => {
	const propertyKey = String(value);
	if (!is"
entry-00101,1,0,mlflow/pyfunc/__init__.py,2049,2049,2049,no,before_entry,ambiguous,entry_file,overlapping,overlapping,n/a,def spark_udf(
entry-00101,1,1,mlflow/pyfunc/__init__.py,2334,2334,2334,no,none,n/a,entry_file,strictly_after,strictly_after,n/a,    local_model_path = _download_artifact_from_uri(
entry-00101,1,2,mlflow/pyfunc/__init__.py,1482,1482,1482,no,before_entry,clear,entry_file,strictly_before,strictly_before,n/a,def _create_model_downloading_tmp_dir(should_use_nfs):
entry-00101,1,3,mlflow/utils/file_utils.py,758,758,758,no,none,n/a,critical_file,strictly_before,n/a,strictly_before,        tmp_dir = tempfile.mkdtemp()
entry-00101,1,4,mlflow/utils/file_utils.py,761,761,761,no,after_critical,ambiguous,critical_file,overlapping,n/a,overlapping,"        os.chmod(tmp_dir, 0o777)"
entry-00102,1,0,mlflow/utils/file_utils.py,768,768,768,no,none,ambiguous,both,"ep=overlapping,co=strictly_before",overlapping,strictly_before,def get_or_create_nfs_tmp_dir():
entry-00102,1,1,mlflow/utils/file_utils.py,791,791,791,no,none,ambiguous,both,"ep=strictly_after,co=strictly_before",strictly_after,strictly_before,        tmp_nfs_dir = tempfile.mkdtemp(dir=nfs_root_dir)
entry-00102,1,2,mlflow/utils/file_utils.py,794,794,794,no,none,ambiguous,both,"ep=strictly_after,co=overlapping",strictly_after,overlapping,"        os.chmod(tmp_nfs_dir, 0o777)"
entry-00103,0,0,packages/cli/src/webhooks/webhook-helpers.ts,615,615,615,no,before_entry,ambiguous,entry_file,overlapping,overlapping,n/a,		}
entry-00103,0,1,packages/cli/src/webhooks/webhook-helpers.ts,605-614,605,614,no,before_entry,clear,entry_file,strictly_before,strictly_before,n/a,"
		if (responseMode === 'streaming') {
			Container.get(Logger).debug(
				`Execution of workflow ""$"
entry-00103,0,2,packages/cli/src/webhooks/webhook-request-handler.ts,146-155,146,155,no,none,n/a,cross_file,n/a (cross-file),n/a,n/a,"	private setResponseHeaders(res: express.Response, headers?: WebhookResponseHeaders) {
		if (headers"
entry-00103,0,3,packages/core/src/html-sandbox.ts,19-25,19,25,no,after_critical,ambiguous,critical_file,overlapping,n/a,overlapping,"export const isHtmlRenderedContentType = (contentType: string) => {
	const contentTypeLower = conten"
entry-00104,1,0,packages/nodes-base/nodes/Files/ReadWriteFile/actions/read.operation.ts,84,84,84,no,before_entry,ambiguous,entry_file,overlapping,overlapping,n/a,"			fileSelector = String(this.getNodeParameter('fileSelector', itemIndex));"
entry-00104,1,1,packages/nodes-base/nodes/Files/ReadWriteFile/actions/read.operation.ts,103-107,103,107,no,none,n/a,entry_file,strictly_after,strictly_after,n/a,"			for (const filePath of files) {
				const stream = await this.helpers.createReadStream(
					awai"
entry-00104,1,2,packages/core/src/execution-engine/node-execution-context/utils/file-system-helper-functions.ts,91-98,91,98,no,none,n/a,critical_file,strictly_before,n/a,strictly_before,"	async createReadStream(resolvedFilePath) {
		if (isFilePathBlocked(resolvedFilePath)) {
			const al"
entry-00104,1,3,packages/core/src/execution-engine/node-execution-context/utils/file-system-helper-functions.ts,100-109,100,109,no,none,n/a,critical_file,strictly_before,n/a,strictly_before,"		try {
			await fsAccess(resolvedFilePath);
		} catch (error) {
			// eslint-disable-next-line @typ"
entry-00104,1,4,packages/core/src/execution-engine/node-execution-context/utils/file-system-helper-functions.ts,113-117,113,117,no,after_critical,ambiguous,critical_file,overlapping,n/a,overlapping,"		// Use O_NOFOLLOW to prevent createReadStream from following symlinks. We require that the path
		"
entry-00105,1,0,packages/nodes-base/nodes/Files/ReadWriteFile/actions/write.operation.ts,69-75,69,75,no,before_entry,ambiguous,entry_file,overlapping,overlapping,n/a,"			const dataPropertyName = this.getNodeParameter('dataPropertyName', itemIndex);
			fileName = this"
entry-00105,1,1,packages/nodes-base/nodes/Files/ReadWriteFile/actions/write.operation.ts,96-100,96,100,no,none,n/a,entry_file,strictly_after,strictly_after,n/a,"			await this.helpers.writeContentToFile(
				await this.helpers.resolvePath(fileName),
				fileCont"
entry-00105,1,2,packages/core/src/execution-engine/node-execution-context/utils/file-system-helper-functions.ts,140-149,140,149,no,none,n/a,critical_file,strictly_before,n/a,strictly_before,"	async writeContentToFile(resolvedFilePath, content, flag) {
		if (isFilePathBlocked(resolvedFilePat"
entry-00105,1,3,packages/core/src/execution-engine/node-execution-context/utils/file-system-helper-functions.ts,150-153,150,153,no,after_critical,ambiguous,critical_file,overlapping,n/a,overlapping,"		return await fsWriteFile(resolvedFilePath, content, {
			encoding: 'binary',
			flag: (flag ?? 0) "
entry-00106,1,0,packages/nodes-base/nodes/Git/Git.node.ts,291-299,291,299,no,none,ambiguous,both,"ep=overlapping,co=strictly_before",overlapping,strictly_before,"				const repositoryPath = this.getNodeParameter('repositoryPath', itemIndex, '') as string;
				con"
entry-00106,1,1,packages/nodes-base/nodes/Git/Git.node.ts,303-310,303,310,no,none,ambiguous,both,"ep=strictly_after,co=strictly_before",strictly_after,strictly_before,"				if (operation === 'clone') {
					// Create repository folder if it does not exist
					try {
		"
entry-00106,1,2,packages/nodes-base/nodes/Git/Git.node.ts,326-335,326,335,no,none,ambiguous,both,"ep=strictly_after,co=overlapping",strictly_after,overlapping,"				const gitOptions: Partial<SimpleGitOptions> = {
					baseDir: resolvedRepositoryPath,
					confi"
entry-00107,1,0,packages/nodes-base/nodes/Git/Git.node.ts,350,350,350,no,none,ambiguous,both,"ep=overlapping,co=strictly_before",overlapping,strictly_before,"					const pathsToAdd = this.getNodeParameter('pathsToAdd', itemIndex, '') as string;"
entry-00107,1,1,packages/nodes-base/nodes/Git/Git.node.ts,352,352,352,no,none,ambiguous,both,"ep=strictly_after,co=overlapping",strictly_after,overlapping,"					await git.add(pathsToAdd.split(','));"
entry-00108,1,0,packages/nodes-base/nodes/Git/Git.node.ts,427,427,427,no,none,ambiguous,both,"ep=overlapping,co=strictly_before",overlapping,strictly_before,"pathsToAdd = (options.pathsToAdd as string).split(',');"
entry-00108,1,1,packages/nodes-base/nodes/Git/Git.node.ts,430,430,430,no,none,ambiguous,both,"ep=strictly_after,co=overlapping",strictly_after,overlapping,"await git.commit(message, pathsToAdd);"
entry-00109,1,0,packages/nodes-base/nodes/Git/Git.node.ts,563,563,563,no,none,ambiguous,both,"ep=overlapping,co=strictly_before",overlapping,strictly_before,if (options.reference !== undefined && options.reference !== '') {
entry-00109,1,1,packages/nodes-base/nodes/Git/Git.node.ts,564,564,564,no,none,ambiguous,both,"ep=strictly_after,co=strictly_before",strictly_after,strictly_before,"assertParamIsString('reference', options.reference, this.getNode());"
entry-00109,1,2,packages/nodes-base/nodes/Git/Git.node.ts,565,565,565,no,none,ambiguous,both,"ep=strictly_after,co=strictly_before",strictly_after,strictly_before,"validateGitReference(reference, this.getNode());"
entry-00109,1,3,packages/nodes-base/nodes/Git/Git.node.ts,567,567,567,no,none,ambiguous,both,"ep=strictly_after,co=strictly_before",strictly_after,strictly_before,reference = options.reference;
entry-00109,1,4,packages/nodes-base/nodes/Git/Git.node.ts,570,570,570,no,none,ambiguous,both,"ep=strictly_after,co=overlapping",strictly_after,overlapping,"const reflogResult = await git.raw(['reflog', reference]);"
entry-00110,1,0,packages/frontend/@n8n/design-system/src/components/N8nMarkdown/Markdown.vue,109,109,109,no,none,ambiguous,both,"ep=overlapping,co=strictly_before",overlapping,strictly_before,	let contentToRender = props.content;
entry-00110,1,1,packages/frontend/@n8n/design-system/src/components/N8nMarkdown/Markdown.vue,113,113,113,no,none,ambiguous,both,"ep=strictly_after,co=strictly_before",strictly_after,strictly_before,	const html = md.render(contentToRender);
entry-00110,1,2,packages/frontend/@n8n/design-system/src/components/N8nMarkdown/youtube.ts,32,32,32,no,none,n/a,cross_file,n/a (cross-file),n/a,n/a,		const match = YOUTUBE_TAG_REGEX.exec(src.slice(pos));
entry-00110,1,3,packages/frontend/@n8n/design-system/src/components/N8nMarkdown/youtube.ts,37,37,37,no,none,n/a,cross_file,n/a (cross-file),n/a,n/a,			token.meta = { videoId: match[1] };
entry-00110,1,4,packages/frontend/@n8n/design-system/src/components/N8nMarkdown/youtube.ts,55,55,55,no,none,n/a,cross_file,n/a (cross-file),n/a,n/a,"			`src=""${youtubeUrl}${videoId}""`,"
entry-00110,1,5,packages/frontend/@n8n/design-system/src/components/N8nMarkdown/Markdown.vue,134,134,134,no,none,ambiguous,both,"ep=strictly_after,co=strictly_before",strictly_after,strictly_before,					if (YOUTUBE_EMBED_SRC_REGEX.test(value)) {
entry-00110,1,6,packages/frontend/@n8n/design-system/src/components/N8nMarkdown/Markdown.vue,135,135,135,no,none,ambiguous,both,"ep=strictly_after,co=strictly_before",strictly_after,strictly_before,						return `src=${friendlyAttrValue(value)}`;
entry-00110,1,7,packages/frontend/@n8n/design-system/src/components/N8nMarkdown/Markdown.vue,163,163,163,no,none,ambiguous,both,"ep=strictly_after,co=overlapping",strictly_after,overlapping,	return safeHtml;
entry-00111,1,0,packages/frontend/@n8n/design-system/src/components/N8nMarkdown/Markdown.vue,104,104,104,no,none,ambiguous,both,"ep=overlapping,co=strictly_before",overlapping,strictly_before,imageUrls[image.id] = image.url;
entry-00111,1,1,packages/frontend/@n8n/design-system/src/components/N8nMarkdown/Markdown.vue,118,118,118,no,none,ambiguous,both,"ep=strictly_after,co=strictly_before",strictly_after,strictly_before,if (value.match(fileIdRegex)) {
entry-00111,1,2,packages/frontend/@n8n/design-system/src/components/N8nMarkdown/Markdown.vue,119,119,119,no,none,ambiguous,both,"ep=strictly_after,co=strictly_before",strictly_after,strictly_before,const id = value.split('fileId:')[1];
entry-00111,1,3,packages/frontend/@n8n/design-system/src/components/N8nMarkdown/Markdown.vue,120,120,120,no,none,ambiguous,both,"ep=strictly_after,co=strictly_before",strictly_after,strictly_before,const attributeValue = friendlyAttrValue(imageUrls[id]);
entry-00111,1,4,packages/frontend/@n8n/design-system/src/components/N8nMarkdown/Markdown.vue,121,121,121,no,none,ambiguous,both,"ep=strictly_after,co=overlapping",strictly_after,overlapping,return attributeValue ? `src=${attributeValue}` : '';
entry-00112,1,0,packages/nodes-base/nodes/Merge/v3/actions/mode/combineBySql.ts,193,193,193,no,none,ambiguous,both,"ep=overlapping,co=strictly_before",overlapping,strictly_before,export async function execute(
entry-00112,1,1,packages/nodes-base/nodes/Merge/v3/actions/mode/combineBySql.ts,197,197,197,no,none,ambiguous,both,"ep=strictly_after,co=strictly_before",strictly_after,strictly_before,	disableAlasqlFileAccess();
entry-00112,1,2,packages/nodes-base/nodes/Merge/v3/actions/mode/combineBySql.ts,29,29,29,no,before_entry,clear,both,strictly_before,strictly_before,strictly_before,function disableAlasqlFileAccess() {
entry-00112,1,3,packages/nodes-base/nodes/Merge/v3/actions/mode/combineBySql.ts,46-54,46,54,no,before_entry,clear,both,strictly_before,strictly_before,strictly_before,"	// Also disable the FROM handlers which are used for file operations
	if (alasql.from) {
		alasql.f"
entry-00112,1,4,packages/nodes-base/nodes/Merge/v3/actions/mode/combineBySql.ts,206-208,206,208,no,none,ambiguous,both,"ep=strictly_after,co=strictly_before",strictly_after,strictly_before,"	for (const resolvable of getResolvables(query)) {
		query = query.replace(resolvable, this.evaluate"
entry-00112,1,5,packages/nodes-base/nodes/Merge/v3/actions/mode/combineBySql.ts,234,234,234,no,none,ambiguous,both,"ep=strictly_after,co=strictly_before",strictly_after,strictly_before,	const db = new alasql.Database(node.id);
entry-00112,1,6,packages/nodes-base/nodes/Merge/v3/actions/mode/combineBySql.ts,273-274,273,274,no,none,ambiguous,both,"ep=strictly_after,co=strictly_before",strictly_after,strictly_before,"			db.exec(`CREATE TABLE input${i + 1}`);
			db.tables[`input${i + 1}`].data = inputData.map((entry)"
entry-00112,1,7,packages/nodes-base/nodes/Merge/v3/actions/mode/combineBySql.ts,285,285,285,no,none,ambiguous,both,"ep=strictly_after,co=overlapping",strictly_after,overlapping,		const result: IDataObject[] = db.exec(query);
entry-00113,1,0,packages/nodes-base/nodes/Merge/v3/actions/mode/combineBySql.ts,210,210,210,no,after_critical,clear,both,strictly_after,strictly_after,strictly_after,	const isSelectQuery = node.typeVersion >= 3.1 ? query.toLowerCase().startsWith('select') : false;
entry-00113,1,1,packages/nodes-base/nodes/Merge/v3/actions/mode/combineBySql.ts,214,214,214,no,after_critical,clear,both,strictly_after,strictly_after,strictly_after,	if (isSelectQuery) {
entry-00113,1,2,packages/nodes-base/nodes/Merge/v3/actions/mode/combineBySql.ts,150,150,150,no,before_entry,clear,both,strictly_before,strictly_before,strictly_before,	const db = new alasql.Database(node.id);
entry-00113,1,3,packages/nodes-base/nodes/Merge/v3/actions/mode/combineBySql.ts,171,171,171,no,before_entry,ambiguous,both,strictly_before,strictly_before,overlapping,"		const result = db.exec(modifySelectQuery(query, inputsData.length)) as IDataObject[];"
entry-00114,1,0,src/server/webStandardStreamableHttp.ts,321,321,321,no,none,ambiguous,both,"ep=overlapping,co=strictly_before",overlapping,strictly_before,"    async handleRequest(req: Request, options?: HandleRequestOptions): Promise<Response> {"
entry-00114,1,1,src/server/webStandardStreamableHttp.ts,678,678,678,no,none,ambiguous,both,"ep=strictly_after,co=strictly_before",strictly_after,strictly_before,            const streamId = crypto.randomUUID();
entry-00114,1,2,src/server/webStandardStreamableHttp.ts,700,700,700,no,none,ambiguous,both,"ep=strictly_after,co=strictly_before",strictly_after,strictly_before,"                            this._requestToStreamMapping.set(message.id, streamId);"
entry-00114,1,3,src/server/webStandardStreamableHttp.ts,751,751,751,no,none,ambiguous,both,"ep=strictly_after,co=strictly_before",strictly_after,strictly_before,"                    this._requestToStreamMapping.set(message.id, streamId);"
entry-00114,1,4,src/server/webStandardStreamableHttp.ts,938,938,938,no,none,ambiguous,both,"ep=strictly_after,co=overlapping",strictly_after,overlapping,        const streamId = this._requestToStreamMapping.get(requestId);
entry-00115,1,0,src/shared/protocol.ts,607,607,607,no,none,ambiguous,both,"ep=overlapping,co=strictly_before",overlapping,strictly_before,    async connect(transport: Transport): Promise<void> {
entry-00115,1,1,src/shared/protocol.ts,607,607,607,yes,none,ambiguous,both,"ep=overlapping,co=strictly_before",overlapping,strictly_before,    async connect(transport: Transport): Promise<void> {
entry-00115,1,2,src/shared/protocol.ts,1278,1278,1278,no,none,ambiguous,both,"ep=strictly_after,co=strictly_before",strictly_after,strictly_before,"    async notification(notification: SendNotificationT, options?: NotificationOptions): Promise<void"
entry-00115,1,3,src/shared/protocol.ts,1385,1385,1385,no,none,ambiguous,both,"ep=strictly_after,co=overlapping",strictly_after,overlapping,"        await this._transport.send(jsonrpcNotification, options);"
entry-00116,1,0,src/gateway/server/ws-connection/message-handler.ts,203,203,203,no,before_entry,ambiguous,entry_file,overlapping,overlapping,n/a,        const authResult = await authorizeGatewayConnect({
entry-00116,1,1,src/gateway/auth.ts,111-112,111,112,no,none,n/a,cross_file,n/a (cross-file),n/a,n/a,"  const mode: ResolvedGatewayAuth[""mode""] =
    authConfig.mode ?? (password ? ""password"" : token ? "
entry-00116,1,2,src/gateway/auth.ts,164-165,164,165,no,none,n/a,cross_file,n/a (cross-file),n/a,n/a,"  if (auth.mode === ""none"") {
    return { ok: true, method: ""none"" };"
entry-00116,1,3,src/gateway/server/ws-connection/message-handler.ts,359-367,359,367,no,none,n/a,entry_file,strictly_after,strictly_after,n/a,"      void (async () => {
        await handleGatewayRequest({
          req,
          respond,
   "
entry-00116,1,4,src/gateway/server-methods/config.ts,273,273,273,no,none,n/a,cross_file,n/a (cross-file),n/a,n/a,"  ""config.apply"": async ({ params, respond }) => {"
entry-00116,1,5,src/gateway/server-methods/config.ts,301-306,301,306,no,none,n/a,cross_file,n/a (cross-file),n/a,n/a,"    const parsedRes = parseConfigJson5(rawValue);
    if (!parsedRes.ok) {
      respond(false, unde"
entry-00116,1,6,src/infra/exec-safety.ts,6-10,6,10,no,none,n/a,cross_file,n/a (cross-file),n/a,n/a,"function isLikelyPath(value: string): boolean {
  if (value.startsWith(""."") || value.startsWith(""~"")"
entry-00116,1,7,src/gateway/server-methods/config.ts,317,317,317,no,none,n/a,cross_file,n/a (cross-file),n/a,n/a,    await writeConfigFile(validated.config);
entry-00116,1,8,src/signal/monitor.ts,286,286,286,no,none,n/a,cross_file,n/a (cross-file),n/a,n/a,"    const cliPath = opts.cliPath ?? accountInfo.config.cliPath ?? ""signal-cli"";"
entry-00116,1,9,src/signal/monitor.ts,289-298,289,298,no,none,n/a,cross_file,n/a (cross-file),n/a,n/a,"    daemonHandle = spawnSignalDaemon({
      cliPath,
      account,
      httpHost,
      httpPort,"
entry-00116,1,10,src/signal/daemon.ts,52,52,52,no,after_critical,ambiguous,critical_file,overlapping,n/a,overlapping,"  const child = spawn(opts.cliPath, args, {"
entry-00117,1,0,internal/distributed/proxy/service.go,155,155,155,no,none,ambiguous,both,"ep=overlapping,co=strictly_before",overlapping,strictly_before,func (s *Server) registerHTTPServer() {
entry-00117,1,1,internal/distributed/proxy/service.go,166,166,166,no,none,ambiguous,both,"ep=strictly_after,co=strictly_before",strictly_after,strictly_before,	metricsGinHandler := gin.Default()
entry-00117,1,2,internal/distributed/proxy/service.go,168,168,168,no,none,ambiguous,both,"ep=strictly_after,co=overlapping",strictly_after,overlapping,	apiv1.Use(httpserver.RequestHandlerFunc)
entry-00118,1,0,internal/distributed/proxy/service.go,172,172,172,no,before_entry,ambiguous,entry_file,overlapping,overlapping,n/a,		p.RegisterRestRouter(apiv1)
entry-00118,1,1,internal/proxy/impl.go,6641,6641,6641,no,none,n/a,critical_file,strictly_before,n/a,strictly_before,func (node *Proxy) RegisterRestRouter(router gin.IRouter) {
entry-00118,1,2,internal/proxy/impl.go,6643,6643,6643,no,none,n/a,critical_file,strictly_before,n/a,strictly_before,"	router.GET(http.ClusterInfoPath, getClusterInfo(node))"
entry-00118,1,3,internal/proxy/impl.go,6644,6644,6644,no,after_critical,ambiguous,critical_file,overlapping,n/a,overlapping,"	router.GET(http.ClusterConfigsPath, getConfigs(paramtable.Get().GetConfigsView()))"
entry-00119,1,0,internal/http/server.go,98,98,98,no,before_entry,ambiguous,entry_file,overlapping,overlapping,n/a,	Register(&Handler{
entry-00119,1,1,internal/http/server.go,108,108,108,no,none,n/a,entry_file,strictly_after,strictly_after,n/a,"			code := req.URL.Query().Get(""code"")"
entry-00119,1,2,internal/http/server.go,112,112,112,no,none,n/a,entry_file,strictly_after,strictly_after,n/a,"			if !expr.HasRegistered(""proxy"") || passwordVerifyFunc == nil {"
entry-00119,1,3,internal/http/server.go,119,119,119,no,none,n/a,entry_file,strictly_after,strictly_after,n/a,			if err := checkExprRootAuth(req); err != nil {
entry-00119,1,4,pkg/util/expr/expr.go,60,60,60,no,none,n/a,critical_file,strictly_before,n/a,strictly_before,	authKey = paramtable.Get().EtcdCfg.RootPath.GetValue()
entry-00119,1,5,pkg/util/expr/expr.go,95,95,95,no,after_critical,ambiguous,critical_file,overlapping,n/a,overlapping,	if auth != AuthBypass && authKey != auth {
entry-00120,1,0,internal/distributed/proxy/service.go,170,170,170,no,none,ambiguous,both,"ep=strictly_after,co=strictly_before",strictly_after,strictly_before,	handlers.RegisterRoutesTo(apiv1)
entry-00120,1,1,internal/distributed/proxy/httpserver/handler.go,73,73,73,no,none,n/a,cross_file,n/a (cross-file),n/a,n/a,"	router.POST(""/entities"", wrapHandler(h.handleInsert))"
entry-00120,1,2,internal/distributed/proxy/httpserver/handler.go,74,74,74,no,none,n/a,cross_file,n/a (cross-file),n/a,n/a,"	router.DELETE(""/entities"", wrapHandler(h.handleDelete))"
entry-00120,1,3,internal/http/server.go,263,263,263,no,none,n/a,cross_file,n/a (cross-file),n/a,n/a,func Register(h *Handler) {
entry-00120,1,4,internal/http/server.go,285,285,285,no,none,n/a,cross_file,n/a (cross-file),n/a,n/a,"		server = &http.Server{Handler: metricsServer, Addr: bindAddr, ReadTimeout: 10 * time.Second}"
entry-00120,1,5,internal/distributed/proxy/service.go,174,174,174,no,none,ambiguous,both,"ep=strictly_after,co=overlapping",strictly_after,overlapping,	mhttp.Register(&mhttp.Handler{
entry-00121,1,0,src/gateway/server/ws-connection/message-handler.ts,233,233,233,no,none,ambiguous,both,"ep=overlapping,co=strictly_before",overlapping,strictly_before,"  socket.on(""message"", async (data) => {"
entry-00121,1,1,src/gateway/server/ws-connection/message-handler.ts,307,307,307,no,none,ambiguous,both,"ep=strictly_after,co=strictly_before",strictly_after,strictly_before,        const connectParams = frame.params as ConnectParams;
entry-00121,1,2,src/gateway/server/ws-connection/message-handler.ts,370,370,370,no,none,ambiguous,both,"ep=strictly_after,co=strictly_before",strictly_after,strictly_before,        const hasTokenAuth = Boolean(connectParams.auth?.token);
entry-00121,1,3,src/gateway/server/ws-connection/message-handler.ts,372,372,372,no,none,ambiguous,both,"ep=strictly_after,co=strictly_before",strictly_after,strictly_before,        const hasSharedAuth = hasTokenAuth || hasPasswordAuth;
entry-00121,1,4,src/gateway/server/ws-connection/message-handler.ts,379,379,379,no,none,ambiguous,both,"ep=strictly_after,co=strictly_before",strictly_after,strictly_before,        const device = disableControlUiDeviceAuth ? null : deviceRaw;
entry-00121,1,5,src/gateway/server/ws-connection/message-handler.ts,381,381,381,no,none,ambiguous,both,"ep=strictly_after,co=overlapping",strictly_after,overlapping,          const canSkipDevice = allowControlUiBypass ? hasSharedAuth : hasTokenAuth;
entry-00122,1,0,src/config/sessions/store.ts,124,124,124,no,before_entry,ambiguous,entry_file,overlapping,overlapping,n/a,export function loadSessionStore(
entry-00122,1,1,src/gateway/server-methods/chat.ts,642,642,642,no,after_critical,clear,critical_file,strictly_after,n/a,strictly_after,"  ""chat.inject"": async ({ params, respond, context }) => {"
entry-00122,1,2,src/gateway/session-utils.ts,184,184,184,no,none,n/a,cross_file,n/a (cross-file),n/a,n/a,export function loadSessionEntry(sessionKey: string) {
entry-00122,1,3,src/gateway/server-methods/chat.ts,669,669,669,no,after_critical,clear,critical_file,strictly_after,n/a,strictly_after,    const appended = appendAssistantTranscriptMessage({
entry-00122,1,4,src/gateway/server-methods/chat.ts,51,51,51,no,none,n/a,critical_file,strictly_before,n/a,strictly_before,function resolveTranscriptPath(params: {
entry-00122,1,5,src/gateway/server-methods/chat.ts,97,97,97,no,none,n/a,critical_file,strictly_before,n/a,strictly_before,  const transcriptPath = resolveTranscriptPath({
entry-00122,1,6,src/gateway/server-methods/chat.ts,152,152,152,no,after_critical,ambiguous,critical_file,overlapping,n/a,overlapping,    const sessionManager = SessionManager.open(transcriptPath);
entry-00123,1,0,src/config/sessions/types.ts,35,35,35,no,before_entry,ambiguous,entry_file,overlapping,overlapping,n/a,  sessionFile?: string;
entry-00123,1,1,src/config/sessions/transcript.ts,106,106,106,no,after_critical,clear,critical_file,strictly_after,n/a,strictly_after,  const sessionFile =
entry-00123,1,2,src/config/sessions/transcript.ts,109,109,109,no,after_critical,clear,critical_file,strictly_after,n/a,strictly_after,"  await ensureSessionHeader({ sessionFile, sessionId: entry.sessionId });"
entry-00123,1,3,src/config/sessions/transcript.ts,64,64,64,no,none,n/a,critical_file,strictly_before,n/a,strictly_before,  if (fs.existsSync(params.sessionFile)) {
entry-00123,1,4,src/config/sessions/transcript.ts,75,75,75,no,after_critical,ambiguous,critical_file,overlapping,n/a,overlapping,"  await fs.promises.writeFile(params.sessionFile, `${JSON.stringify(header)}\n`, ""utf-8"");"
entry-00124,1,0,src/gateway/server-methods/usage.ts,334,334,334,no,before_entry,ambiguous,entry_file,overlapping,overlapping,n/a,"      const sessionFile = resolveSessionFilePath(sessionId, storeEntry, {"
entry-00124,1,1,src/config/sessions/paths.ts,53,53,53,no,none,n/a,critical_file,strictly_before,n/a,strictly_before,export function resolveSessionFilePath(
entry-00124,1,2,src/config/sessions/paths.ts,58,58,58,no,none,n/a,critical_file,strictly_before,n/a,strictly_before,  const candidate = entry?.sessionFile?.trim();
entry-00124,1,3,src/config/sessions/paths.ts,59,59,59,no,after_critical,ambiguous,critical_file,overlapping,n/a,overlapping,"  return candidate ? candidate : resolveSessionTranscriptPath(sessionId, opts?.agentId);"
entry-00125,1,0,src/gateway/server-http.ts,187,187,187,no,none,ambiguous,both,"ep=overlapping,co=strictly_before",overlapping,strictly_before,"    const body = await readJsonBody(req, hooksConfig.maxBodyBytes);"
entry-00125,1,1,src/gateway/server-http.ts,194,194,194,no,none,ambiguous,both,"ep=strictly_after,co=strictly_before",strictly_after,strictly_before,"    const payload = typeof body.value === ""object"" && body.value !== null ? body.value : {};"
entry-00125,1,2,src/gateway/server-http.ts,209,209,209,no,none,ambiguous,both,"ep=strictly_after,co=strictly_before",strictly_after,strictly_before,"      const normalized = normalizeAgentPayload(payload as Record<string, unknown>);"
entry-00125,1,3,src/gateway/hooks.ts,276,276,276,no,none,n/a,cross_file,n/a (cross-file),n/a,n/a,  const sessionKeyRaw = payload.sessionKey;
entry-00125,1,4,src/gateway/hooks.ts,278,278,278,no,none,n/a,cross_file,n/a (cross-file),n/a,n/a,"  const sessionKey =
    typeof sessionKeyRaw === ""string"" && sessionKeyRaw.trim()
      ? sessionKe"
entry-00125,1,5,src/gateway/hooks.ts,302,302,302,no,none,n/a,cross_file,n/a (cross-file),n/a,n/a,"  return {
    ok: true,
    value: {
      message,
      name,
      agentId,
      wakeMode,
    "
entry-00125,1,6,src/gateway/server-http.ts,214,214,214,no,none,ambiguous,both,"ep=strictly_after,co=strictly_before",strictly_after,strictly_before,"      if (!isHookAgentAllowed(hooksConfig, normalized.value.agentId)) {"
entry-00126,1,0,src/gateway/hooks.ts,93,93,93,no,none,n/a,cross_file,n/a (cross-file),n/a,n/a,const auth =
entry-00126,1,1,src/gateway/server-http.ts,163,163,163,no,none,ambiguous,both,"ep=overlapping,co=strictly_before",overlapping,strictly_before,const token = extractHookToken(req);
entry-00126,1,2,src/gateway/server-http.ts,164,164,164,no,none,ambiguous,both,"ep=strictly_after,co=overlapping",strictly_after,overlapping,if (!token || token !== hooksConfig.token) {
entry-00126,1,3,src/gateway/server-http.ts,165,165,165,no,after_critical,clear,both,strictly_after,strictly_after,strictly_after,res.statusCode = 401;
entry-00127,1,0,src/browser/extension-relay.ts,429,429,429,no,none,ambiguous,both,"ep=strictly_after,co=strictly_before",strictly_after,strictly_before,    const remote = req.socket.remoteAddress;
entry-00127,1,1,src/browser/extension-relay.ts,431,431,431,no,none,ambiguous,both,"ep=strictly_after,co=strictly_before",strictly_after,strictly_before,"    if (!isLoopbackAddress(remote)) {
      rejectUpgrade(socket, 403, ""Forbidden"");
      return;
 "
entry-00127,1,2,src/browser/extension-relay.ts,447,447,447,no,none,ambiguous,both,"ep=strictly_after,co=overlapping",strictly_after,overlapping,"    if (pathname === ""/cdp"") {"
entry-00127,1,3,src/browser/extension-relay.ts,452,452,452,no,after_critical,clear,both,strictly_after,strictly_after,strictly_after,"      wssCdp.handleUpgrade(req, socket, head, (ws) => {
        wssCdp.emit(""connection"", ws, req);
"
entry-00127,1,4,src/browser/extension-relay.ts,592,592,592,no,after_critical,clear,both,strictly_after,strictly_after,strictly_after,"  wssCdp.on(""connection"", (ws) => {
    cdpClients.add(ws);"
entry-00127,1,5,src/browser/extension-relay.ts,619,619,619,no,after_critical,clear,both,strictly_after,strictly_after,strictly_after,        const result = await routeCdpCommand(cmd);
entry-00127,1,6,src/browser/extension-relay.ts,297,297,297,no,before_entry,clear,both,strictly_before,strictly_before,strictly_before,"      default: {
        const id = nextExtensionId++;
        return await sendToExtension({
      "
entry-00128,1,0,src/browser/extension-relay.ts,313,313,313,no,none,ambiguous,both,"ep=strictly_after,co=strictly_before",strictly_after,strictly_before,"    const url = new URL(req.url ?? ""/"", info.baseUrl);"
entry-00128,1,1,src/browser/extension-relay.ts,355,355,355,no,none,ambiguous,both,"ep=strictly_after,co=overlapping",strictly_after,overlapping,"    const listPaths = new Set([""/json"", ""/json/"", ""/json/list"", ""/json/list/""]);"
entry-00128,1,2,src/browser/extension-relay.ts,362,362,362,no,after_critical,clear,both,strictly_after,strictly_after,strictly_after,"        url: t.targetInfo.url ?? """","
entry-00129,1,0,extensions/bluebubbles/src/monitor.ts,1444-1448,1444,1448,no,none,ambiguous,both,"ep=overlapping,co=strictly_before",overlapping,strictly_before,"export async function handleBlueBubblesWebhookRequest(
  req: IncomingMessage,
  res: ServerResponse"
entry-00129,1,1,extensions/bluebubbles/src/monitor.ts,1521-1530,1521,1530,no,none,ambiguous,both,"ep=strictly_after,co=strictly_before",strictly_after,strictly_before,"const matching = targets.filter((target) => {
    const token = target.account.config.password?.trim"
entry-00129,1,2,extensions/bluebubbles/src/monitor.ts,1536-1541,1536,1541,no,none,ambiguous,both,"ep=strictly_after,co=overlapping",strictly_after,overlapping,"const remote = req.socket?.remoteAddress ?? """";
    if (remote === ""127.0.0.1"" || remote === ""::1"" |"
entry-00129,1,3,extensions/bluebubbles/src/monitor.ts,1552-1561,1552,1561,no,after_critical,clear,both,strictly_after,strictly_after,strictly_after,"for (const target of matching) {
    target.statusSink?.({ lastInboundAt: Date.now() });
    if (rea"
entry-00130,1,0,src/telegram/webhook.ts,30,30,30,no,none,ambiguous,both,"ep=strictly_after,co=strictly_before",strictly_after,strictly_before,secret?: string;
entry-00130,1,1,src/telegram/webhook.ts,50-52,50,52,no,none,ambiguous,both,"ep=strictly_after,co=overlapping",strictly_after,overlapping,"  const handler = webhookCallback(bot, ""http"", {
    secretToken: opts.secret,
  });"
entry-00130,1,2,src/telegram/webhook.ts,81,81,81,no,after_critical,clear,both,strictly_after,strictly_after,strictly_after,"const handled = handler(req, res);"
entry-00130,1,3,src/telegram/webhook.ts,126-129,126,129,no,after_critical,clear,both,strictly_after,strictly_after,strictly_after,"      bot.api.setWebhook(publicUrl, {
        secret_token: opts.secret,
        allowed_updates: re"
entry-00131,1,0,src/config/zod-schema.providers-core.ts,162,162,162,no,after_critical,clear,both,strictly_after,strictly_after,strictly_after,"}).superRefine((value, ctx) => {"
entry-00131,1,1,src/telegram/webhook.ts,30,30,30,no,none,n/a,cross_file,n/a (cross-file),n/a,n/a,  secret?: string;
entry-00131,1,2,src/telegram/webhook.ts,51,51,51,no,none,n/a,cross_file,n/a (cross-file),n/a,n/a,"    secretToken: opts.secret,"
entry-00132,1,0,src/telegram/webhook.ts,30,30,30,no,none,ambiguous,both,"ep=strictly_after,co=strictly_before",strictly_after,strictly_before,  secret?: string;
entry-00132,1,1,src/telegram/webhook.ts,50,50,50,no,none,ambiguous,both,"ep=strictly_after,co=strictly_before",strictly_after,strictly_before,"  const handler = webhookCallback(bot, ""http"", {"
entry-00132,1,2,src/telegram/webhook.ts,81,81,81,no,after_critical,clear,both,strictly_after,strictly_after,strictly_after,"    const handled = handler(req, res);"
entry-00132,1,3,src/telegram/webhook.ts,127,127,127,no,after_critical,clear,both,strictly_after,strictly_after,strictly_after,"        secret_token: opts.secret,"
entry-00132,1,4,src/telegram/webhook.ts,132,132,132,no,after_critical,clear,both,strictly_after,strictly_after,strictly_after,"  await new Promise<void>((resolve) => server.listen(port, host, resolve));"
entry-00133,1,0,src/config/zod-schema.providers-core.ts,130,130,130,no,after_critical,clear,both,strictly_after,strictly_after,strictly_after,"    webhookHost: z.string().optional(),"
entry-00133,1,1,src/telegram/webhook.ts,30,30,30,no,none,n/a,cross_file,n/a (cross-file),n/a,n/a,  secret?: string;
entry-00133,1,2,src/telegram/webhook.ts,51,51,51,no,none,n/a,cross_file,n/a (cross-file),n/a,n/a,"    secretToken: opts.secret,"
entry-00134,1,0,extensions/bluebubbles/src/monitor.ts,1444,1444,1444,no,none,ambiguous,both,"ep=overlapping,co=strictly_before",overlapping,strictly_before,"export async function handleBlueBubblesWebhookRequest(
  req: IncomingMessage,"
entry-00134,1,1,extensions/bluebubbles/src/monitor.ts,1521,1521,1521,no,none,ambiguous,both,"ep=strictly_after,co=strictly_before",strictly_after,strictly_before,"  const matching = targets.filter((target) => {
    const token = target.account.config.password?.tr"
entry-00134,1,2,extensions/bluebubbles/src/monitor.ts,1526,1526,1526,no,none,ambiguous,both,"ep=strictly_after,co=strictly_before",strictly_after,strictly_before,"    const guidParam = url.searchParams.get(""guid"") ?? url.searchParams.get(""password"");
    const he"
entry-00134,1,3,extensions/bluebubbles/src/monitor.ts,1533,1533,1533,no,none,ambiguous,both,"ep=strictly_after,co=strictly_before",strictly_after,strictly_before,"    if (guid && guid.trim() === token) {
      return true;"
entry-00134,1,4,extensions/bluebubbles/src/monitor.ts,1536,1536,1536,no,none,ambiguous,both,"ep=strictly_after,co=overlapping",strictly_after,overlapping,"    const remote = req.socket?.remoteAddress ?? """";
    if (remote === ""127.0.0.1"" || remote === ""::"
entry-00134,1,5,extensions/bluebubbles/src/monitor.ts,1552,1552,1552,no,after_critical,clear,both,strictly_after,strictly_after,strictly_after,"  for (const target of matching) {
    target.statusSink?.({ lastInboundAt: Date.now() });"
entry-00134,1,6,extensions/bluebubbles/src/monitor.ts,1563,1563,1563,no,after_critical,clear,both,strictly_after,strictly_after,strictly_after,"      const debouncer = getOrCreateDebouncer(target);
      debouncer.enqueue({ message, target }).c"
entry-00134,1,7,extensions/bluebubbles/src/monitor.ts,2203,2203,2203,no,after_critical,clear,both,strictly_after,strictly_after,strictly_after,"    await core.channel.reply.dispatchReplyWithBufferedBlockDispatcher({
      ctx: ctxPayload,
     "
entry-00135,1,0,extensions/voice-call/src/webhook-security.ts,74,74,74,no,none,ambiguous,both,"ep=overlapping,co=strictly_before",overlapping,strictly_before,  const { headers } = ctx;
entry-00135,1,1,extensions/voice-call/src/webhook-security.ts,76,76,76,no,none,ambiguous,both,"ep=strictly_after,co=strictly_before",strictly_after,strictly_before,"  const proto = getHeader(headers, ""x-forwarded-proto"") || ""https"";"
entry-00135,1,2,extensions/voice-call/src/webhook-security.ts,78-83,78,83,no,none,ambiguous,both,"ep=strictly_after,co=strictly_before",strictly_after,strictly_before,"  const forwardedHost =
    getHeader(headers, ""x-forwarded-host"") ||
    getHeader(headers, ""x-orig"
entry-00135,1,3,extensions/voice-call/src/webhook-security.ts,95,95,95,no,none,ambiguous,both,"ep=strictly_after,co=strictly_before",strictly_after,strictly_before,"  const host = forwardedHost.split("":"")[0] || forwardedHost;"
entry-00135,1,4,extensions/voice-call/src/webhook-security.ts,97,97,97,no,none,ambiguous,both,"ep=strictly_after,co=strictly_before",strictly_after,strictly_before,  return `${proto}://${host}${path}`;
entry-00135,1,5,extensions/voice-call/src/webhook-security.ts,100-102,100,102,no,none,ambiguous,both,"ep=strictly_after,co=strictly_before",strictly_after,strictly_before,"function buildTwilioVerificationUrl(ctx: WebhookContext, publicUrl?: string): string {
  if (!public"
entry-00135,1,6,extensions/voice-call/src/webhook-security.ts,185,185,185,no,none,ambiguous,both,"ep=strictly_after,co=strictly_before",strictly_after,strictly_before,"  const verificationUrl = buildTwilioVerificationUrl(ctx, options?.publicUrl);"
entry-00135,1,7,extensions/voice-call/src/webhook-security.ts,191,191,191,no,none,ambiguous,both,"ep=strictly_after,co=strictly_before",strictly_after,strictly_before,"  const isValid = validateTwilioSignature(authToken, signature, verificationUrl, params);"
entry-00135,1,8,extensions/voice-call/src/webhook-security.ts,425,425,425,no,none,ambiguous,both,"ep=strictly_after,co=overlapping",strictly_after,overlapping,    const ok = validatePlivoV3Signature({
entry-00136,1,0,extensions/voice-call/src/webhook-security.ts,73,73,73,no,none,ambiguous,both,"ep=overlapping,co=strictly_before",overlapping,strictly_before,export function reconstructWebhookUrl(ctx: WebhookContext): string {
entry-00136,1,1,extensions/voice-call/src/webhook-security.ts,398,398,398,no,none,ambiguous,both,"ep=strictly_after,co=strictly_before",strictly_after,strictly_before,  const reconstructed = reconstructWebhookUrl(ctx);
entry-00136,1,2,extensions/voice-call/src/webhook-security.ts,399,399,399,no,none,ambiguous,both,"ep=strictly_after,co=strictly_before",strictly_after,strictly_before,  let verificationUrl = reconstructed;
entry-00136,1,3,extensions/voice-call/src/providers/plivo.ts,463,463,463,no,none,n/a,cross_file,n/a (cross-file),n/a,n/a,      const u = new URL(reconstructWebhookUrl(ctx));
entry-00136,1,4,extensions/voice-call/src/webhook-security.ts,430,430,430,no,none,ambiguous,both,"ep=strictly_after,co=overlapping",strictly_after,overlapping,"      url: verificationUrl,"
entry-00137,1,0,extensions/voice-call/src/runtime.ts,44-47,44,47,no,before_entry,ambiguous,entry_file,overlapping,overlapping,n/a,"  const allowNgrokFreeTierLoopbackBypass =
    config.tunnel?.provider === ""ngrok"" &&
    isLoopback"
entry-00137,1,1,extensions/voice-call/src/webhook-security.ts,198-199,198,199,no,none,n/a,critical_file,strictly_before,n/a,strictly_before,"  const isNgrokFreeTier =
    verificationUrl.includes("".ngrok-free.app"") || verificationUrl.include"
entry-00137,1,2,extensions/voice-call/src/webhook-security.ts,201-205,201,205,no,after_critical,ambiguous,critical_file,overlapping,n/a,overlapping,"  if (
    isNgrokFreeTier &&
    options?.allowNgrokFreeTierLoopbackBypass &&
    isLoopbackAddress"
entry-00140,1,0,extensions/nextcloud-talk/src/monitor.ts,81,81,81,no,before_entry,ambiguous,entry_file,overlapping,overlapping,n/a,"  const server = createServer(async (req: IncomingMessage, res: ServerResponse) => {"
entry-00140,1,1,extensions/nextcloud-talk/src/monitor.ts,52-61,52,61,no,before_entry,clear,entry_file,strictly_before,strictly_before,n/a,"  return {
    messageId: String(payload.object.id),
    roomToken: payload.target.id,
    roomName:"
entry-00140,1,2,extensions/nextcloud-talk/src/inbound.ts,79,79,79,no,none,n/a,cross_file,n/a (cross-file),n/a,n/a,  const senderName = message.senderName;
entry-00140,1,3,extensions/nextcloud-talk/src/inbound.ts,158-162,158,162,no,none,n/a,cross_file,n/a (cross-file),n/a,n/a,"      const dmAllowed = resolveNextcloudTalkAllowlistMatch({
        allowFrom: effectiveAllowFrom,
"
entry-00140,1,4,extensions/nextcloud-talk/src/policy.ts,29-33,29,33,no,none,n/a,critical_file,strictly_before,n/a,strictly_before,"export function resolveNextcloudTalkAllowlistMatch(params: {
  allowFrom: Array<string | number> | u"
entry-00140,1,5,extensions/nextcloud-talk/src/policy.ts,45-48,45,48,no,after_critical,ambiguous,critical_file,overlapping,n/a,overlapping,"  const senderName = params.senderName ? normalizeAllowEntry(params.senderName) : """";
  if (senderNa"
entry-00141,1,0,extensions/nextcloud-talk/src/inbound.ts,57,57,57,no,before_entry,ambiguous,entry_file,overlapping,overlapping,n/a,export async function handleNextcloudTalkInbound(params: {
entry-00141,1,1,extensions/nextcloud-talk/src/inbound.ts,140,140,140,no,none,n/a,entry_file,strictly_after,strictly_after,n/a,  if (isGroup) {
entry-00141,1,2,extensions/nextcloud-talk/src/inbound.ts,141-147,141,147,no,none,n/a,entry_file,strictly_after,strictly_after,n/a,"    const groupAllow = resolveNextcloudTalkGroupAllow({
      groupPolicy,
      outerAllowFrom: eff"
entry-00141,1,3,extensions/nextcloud-talk/src/policy.ts,130-136,130,136,no,none,n/a,critical_file,strictly_before,n/a,strictly_before,"export function resolveNextcloudTalkGroupAllow(params: {
  groupPolicy: GroupPolicy;
  outerAllowFro"
entry-00141,1,4,extensions/nextcloud-talk/src/policy.ts,150-154,150,154,no,after_critical,ambiguous,critical_file,overlapping,n/a,overlapping,"  const outerMatch = resolveNextcloudTalkAllowlistMatch({
    allowFrom: params.outerAllowFrom,
    "
entry-00142,1,0,extensions/twitch/src/monitor.ts,227,227,227,no,none,n/a,entry_file,strictly_after,strictly_after,n/a,    const access = checkTwitchAccessControl({
entry-00142,1,1,extensions/twitch/src/access-control.ts,51,51,51,no,none,n/a,critical_file,strictly_before,n/a,strictly_before,  if (account.allowFrom && account.allowFrom.length > 0) {
entry-00142,1,2,extensions/twitch/src/access-control.ts,62,62,62,no,none,n/a,critical_file,strictly_before,n/a,strictly_before,    if (allowFrom.includes(senderId)) {
entry-00142,1,3,extensions/twitch/src/access-control.ts,68,68,68,no,after_critical,ambiguous,critical_file,overlapping,n/a,overlapping,    }
entry-00142,1,4,extensions/twitch/src/access-control.ts,71,71,71,no,after_critical,clear,critical_file,strictly_after,n/a,strictly_after,  if (account.allowedRoles && account.allowedRoles.length > 0) {
entry-00142,1,5,extensions/twitch/src/access-control.ts,102,102,102,no,after_critical,clear,critical_file,strictly_after,n/a,strictly_after,  return {
entry-00142,1,6,extensions/twitch/src/monitor.ts,233,233,233,no,none,n/a,entry_file,strictly_after,strictly_after,n/a,    if (!access.allowed) {
entry-00142,1,7,extensions/twitch/src/monitor.ts,240,240,240,no,none,n/a,entry_file,strictly_after,strictly_after,n/a,    void processTwitchMessage({
entry-00142,1,8,extensions/twitch/src/monitor.ts,107,107,107,no,before_entry,clear,entry_file,strictly_before,strictly_before,n/a,  await core.channel.reply.dispatchReplyWithBufferedBlockDispatcher({
entry-00143,1,0,extensions/voice-call/src/providers/twilio.ts,239,239,239,no,before_entry,ambiguous,entry_file,overlapping,overlapping,n/a,"      from: params.get(""From"") || undefined,"
entry-00143,1,1,extensions/voice-call/src/webhook.ts,240,240,240,no,none,n/a,cross_file,n/a (cross-file),n/a,n/a,    const verification = this.provider.verifyWebhook(ctx);
entry-00143,1,2,extensions/voice-call/src/webhook.ts,254,254,254,no,none,n/a,cross_file,n/a (cross-file),n/a,n/a,        this.manager.processEvent(event);
entry-00143,1,3,extensions/voice-call/src/manager.ts,477,477,477,no,after_critical,ambiguous,critical_file,overlapping,n/a,overlapping,"        const normalized = from?.replace(/\D/g, """") || """";"
entry-00144,1,0,extensions/voice-call/src/manager.ts,463,463,463,no,none,ambiguous,both,"ep=overlapping,co=strictly_before",overlapping,strictly_before,  private shouldAcceptInbound(from: string | undefined): boolean {
entry-00144,1,1,extensions/voice-call/src/manager.ts,464,464,464,no,none,ambiguous,both,"ep=strictly_after,co=strictly_before",strictly_after,strictly_before,"    const { inboundPolicy: policy, allowFrom } = this.config;"
entry-00144,1,2,extensions/voice-call/src/manager.ts,475,475,475,no,none,ambiguous,both,"ep=strictly_after,co=strictly_before",strictly_after,strictly_before,"      case ""allowlist"":"
entry-00144,1,3,extensions/voice-call/src/manager.ts,482,482,482,no,none,ambiguous,both,"ep=strictly_after,co=strictly_before",strictly_after,strictly_before,"        const status = allowed ? ""accepted"" : ""rejected"";"
entry-00144,1,4,extensions/voice-call/src/manager.ts,486,486,486,no,none,ambiguous,both,"ep=strictly_after,co=overlapping",strictly_after,overlapping,        return allowed;
entry-00145,1,0,extensions/voice-call/src/webhook.ts,226,226,226,no,before_entry,ambiguous,entry_file,overlapping,overlapping,n/a,  private async handleRequest(
entry-00145,1,1,extensions/voice-call/src/webhook.ts,266-273,266,273,no,none,n/a,entry_file,strictly_after,strictly_after,n/a,"    const ctx: WebhookContext = {
      headers: req.headers as Record<string, string | string[] | u"
entry-00145,1,2,extensions/voice-call/src/webhook.ts,276,276,276,no,none,n/a,entry_file,strictly_after,strictly_after,n/a,    const verification = this.provider.verifyWebhook(ctx);
entry-00145,1,3,extensions/voice-call/src/providers/telnyx.ts,84-93,84,93,no,after_critical,ambiguous,critical_file,overlapping,n/a,overlapping,"  verifyWebhook(ctx: WebhookContext): WebhookVerificationResult {
    if (!this.publicKey) {
      i"
entry-00146,1,0,src/gateway/server-methods/nodes.ts,365,365,365,no,before_entry,ambiguous,entry_file,overlapping,overlapping,n/a,"  ""node.invoke"": async ({ params, respond, context, client }) => {"
entry-00146,1,1,src/gateway/server-methods/nodes.ts,421-426,421,426,no,none,n/a,entry_file,strictly_after,strictly_after,n/a,"      const forwardedParams = sanitizeNodeInvokeParamsForForwarding({
        command,
        rawPa"
entry-00146,1,2,src/gateway/node-invoke-sanitize.ts,13-19,13,19,no,none,n/a,cross_file,n/a (cross-file),n/a,n/a,"  if (opts.command === ""system.run"") {
    return sanitizeSystemRunParamsForForwarding({
      rawPa"
entry-00146,1,3,src/gateway/node-invoke-system-run-approval.ts,128-131,128,131,no,none,n/a,cross_file,n/a (cross-file),n/a,n/a,"  const p = obj as SystemRunParamsLike;
  const approved = p.approved === true;
  const requestedDec"
entry-00146,1,4,src/node-host/invoke.ts,515,515,515,no,none,n/a,critical_file,strictly_before,n/a,strictly_before,  const argv = params.command.map((item) => String(item));
entry-00146,1,5,src/node-host/invoke.ts,516,516,516,no,none,n/a,critical_file,strictly_before,n/a,strictly_before,"  const rawCommand = typeof params.rawCommand === ""string"" ? params.rawCommand.trim() : """";"
entry-00146,1,6,src/node-host/invoke.ts,517,517,517,no,none,n/a,critical_file,strictly_before,n/a,strictly_before,  const cmdText = rawCommand || formatCommand(argv);
entry-00146,1,7,src/node-host/invoke.ts,539-541,539,541,no,none,n/a,critical_file,strictly_before,n/a,strictly_before,"  if (rawCommand) {
    const allowlistEval = evaluateShellAllowlist({
      command: rawCommand,"
entry-00146,1,8,src/node-host/invoke.ts,552-553,552,553,no,none,n/a,critical_file,strictly_before,n/a,strictly_before,"    allowlistSatisfied =
      security === ""allowlist"" && analysisOk ? allowlistEval.allowlistSatis"
entry-00146,1,9,src/node-host/invoke.ts,682-687,682,687,no,none,n/a,critical_file,strictly_before,n/a,strictly_before,"  const requiresAsk = requiresExecApproval({
    ask,
    security,
    analysisOk,
    allowlistSat"
entry-00146,1,10,src/node-host/invoke.ts,723,723,723,no,none,n/a,critical_file,strictly_before,n/a,strictly_before,"  if (security === ""allowlist"" && (!analysisOk || !allowlistSatisfied) && !approvedByAsk) {"
entry-00146,1,11,src/node-host/invoke.ts,778,778,778,no,none,n/a,critical_file,strictly_before,n/a,strictly_before,  let execArgv = argv;
entry-00146,1,12,src/node-host/invoke.ts,792-797,792,797,no,after_critical,ambiguous,critical_file,overlapping,n/a,overlapping,"  const result = await runCommand(
    execArgv,
    params.cwd?.trim() || undefined,
    env,
    p"
entry-00147,1,0,src/gateway/server-methods/chat.ts,451,451,451,no,before_entry,clear,entry_file,strictly_before,strictly_before,n/a,const clientInfo = client?.connect?.client;
entry-00147,1,1,src/gateway/server-methods/chat.ts,457,457,457,no,before_entry,ambiguous,entry_file,overlapping,overlapping,n/a,      const ctx: MsgContext = {
entry-00147,1,2,src/auto-reply/reply/commands-core.ts,53,53,53,no,none,n/a,cross_file,n/a (cross-file),n/a,n/a,"      handleApproveCommand,"
entry-00147,1,3,src/auto-reply/reply/commands-core.ts,109,109,109,no,none,n/a,cross_file,n/a (cross-file),n/a,n/a,  const allowTextCommands = shouldHandleTextCommands({
entry-00147,1,4,src/auto-reply/reply/commands-approve.ts,65,65,65,no,none,n/a,critical_file,strictly_before,n/a,strictly_before,"export const handleApproveCommand: CommandHandler = async (params, allowTextCommands) => {"
entry-00147,1,5,src/auto-reply/reply/commands-approve.ts,74,74,74,no,none,n/a,critical_file,strictly_before,n/a,strictly_before,  if (!params.command.isAuthorizedSender) {
entry-00147,1,6,src/auto-reply/reply/commands-approve.ts,81,81,81,no,none,n/a,critical_file,strictly_before,n/a,strictly_before,  if (!parsed.ok) {
entry-00147,1,7,src/auto-reply/reply/commands-approve.ts,85,85,85,no,none,n/a,critical_file,strictly_before,n/a,strictly_before,  const resolvedBy = buildResolvedByLabel(params);
entry-00147,1,8,src/auto-reply/reply/commands-approve.ts,87,87,87,no,after_critical,ambiguous,critical_file,overlapping,n/a,overlapping,    await callGateway({
entry-00148,1,0,extensions/googlechat/src/monitor.ts,152,152,152,no,none,ambiguous,both,"ep=strictly_after,co=strictly_before",strictly_after,strictly_before,"  const url = new URL(req.url ?? ""/"", ""http://localhost"");
  const path = normalizeWebhookPath(url.p"
entry-00148,1,1,extensions/googlechat/src/monitor.ts,154,154,154,no,none,ambiguous,both,"ep=strictly_after,co=strictly_before",strictly_after,strictly_before,  const targets = webhookTargets.get(path);
entry-00148,1,2,extensions/googlechat/src/monitor.ts,247,247,247,no,none,ambiguous,both,"ep=strictly_after,co=strictly_before",strictly_after,strictly_before,"  const effectiveBearer = authHeaderNow.toLowerCase().startsWith(""bearer "")
    ? authHeaderNow.slic"
entry-00148,1,3,extensions/googlechat/src/monitor.ts,251,251,251,no,none,ambiguous,both,"ep=strictly_after,co=strictly_before",strictly_after,strictly_before,  let selected: WebhookTarget | undefined;
entry-00148,1,4,extensions/googlechat/src/monitor.ts,252,252,252,no,none,ambiguous,both,"ep=strictly_after,co=strictly_before",strictly_after,strictly_before,  for (const target of targets) {
entry-00148,1,5,extensions/googlechat/src/monitor.ts,255,255,255,no,none,ambiguous,both,"ep=strictly_after,co=strictly_before",strictly_after,strictly_before,"    const verification = await verifyGoogleChatRequest({
      bearer: effectiveBearer,
      audien"
entry-00148,1,6,extensions/googlechat/src/monitor.ts,260,260,260,no,none,ambiguous,both,"ep=strictly_after,co=strictly_before",strictly_after,strictly_before,"    if (verification.ok) {
      selected = target;
      break;
    }"
entry-00148,1,7,extensions/googlechat/src/monitor.ts,266,266,266,no,none,ambiguous,both,"ep=strictly_after,co=strictly_before",strictly_after,strictly_before,"  if (!selected) {
    res.statusCode = 401;
    res.end(""unauthorized"");
    return true;
  }"
entry-00148,1,8,extensions/googlechat/src/monitor.ts,272,272,272,no,none,ambiguous,both,"ep=strictly_after,co=strictly_before",strictly_after,strictly_before,  selected.statusSink?.({ lastInboundAt: Date.now() });
entry-00149,1,0,src/slack/monitor/slash.ts,541,541,541,no,after_critical,ambiguous,both,strictly_after,overlapping,strictly_after,"      buildSlackSlashCommandMatcher(slashCommand.name),"
entry-00149,1,1,src/slack/monitor/slash.ts,184,184,184,no,before_entry,clear,both,strictly_before,strictly_before,strictly_before,"      const isDirectMessage = channelType === ""im"";"
entry-00149,1,2,src/slack/monitor/slash.ts,209,209,209,no,before_entry,ambiguous,both,strictly_before,strictly_before,strictly_after,      if (isDirectMessage) {
entry-00149,1,3,src/slack/monitor/slash.ts,210,210,210,no,before_entry,ambiguous,both,strictly_before,strictly_before,strictly_after,"        if (!ctx.dmEnabled || ctx.dmPolicy === ""disabled"") {"
entry-00149,1,4,src/slack/monitor/slash.ts,217,217,217,no,before_entry,ambiguous,both,strictly_before,strictly_before,strictly_after,"        if (ctx.dmPolicy !== ""open"") {"
entry-00149,1,5,src/slack/monitor/slash.ts,326,326,326,no,before_entry,ambiguous,both,strictly_before,strictly_before,strictly_after,        commandAuthorized = resolveCommandAuthorizedFromAuthorizers({
entry-00149,1,6,src/slack/monitor/slash.ts,433,433,433,no,before_entry,ambiguous,both,strictly_before,strictly_before,strictly_after,"        CommandAuthorized: commandAuthorized,"
entry-00149,1,7,src/slack/monitor/slash.ts,207,207,207,no,before_entry,ambiguous,both,strictly_before,strictly_before,overlapping,      let commandAuthorized = true;
entry-00150,1,0,nemo/collections/multimodal/speech_llm/modules/common/audio_text_generation_utils.py,167,167,167,no,none,ambiguous,both,"ep=overlapping,co=strictly_before",overlapping,strictly_before,"    torch.distributed.broadcast(array_size, src, model_parallel_group)"
entry-00150,1,1,nemo/collections/multimodal/speech_llm/modules/common/audio_text_generation_utils.py,169,169,169,no,none,ambiguous,both,"ep=strictly_after,co=strictly_before",strictly_after,strictly_before,"    string_tensor = torch.empty(array_size[0], dtype=torch.int8, device=torch.cuda.current_device())"
entry-00150,1,2,nemo/collections/multimodal/speech_llm/modules/common/audio_text_generation_utils.py,171,171,171,no,none,ambiguous,both,"ep=strictly_after,co=strictly_before",strictly_after,strictly_before,    bytes = string_tensor.cpu().numpy().tobytes()
entry-00150,1,3,nemo/collections/multimodal/speech_llm/modules/common/audio_text_generation_utils.py,172,172,172,no,none,ambiguous,both,"ep=strictly_after,co=overlapping",strictly_after,overlapping,    end_strings = pickle.loads(bytes)
entry-00151,1,0,nemo/collections/multimodal/speech_llm/modules/common/audio_text_generation_utils.py,181,181,181,no,none,ambiguous,both,"ep=overlapping,co=strictly_before",overlapping,strictly_before,"        torch.distributed.broadcast(array_size, src, model_parallel_group)"
entry-00151,1,1,nemo/collections/multimodal/speech_llm/modules/common/audio_text_generation_utils.py,184,184,184,no,none,ambiguous,both,"ep=strictly_after,co=strictly_before",strictly_after,strictly_before,        bytes = context_idx_tensor.cpu().numpy().tobytes()
entry-00151,1,2,nemo/collections/multimodal/speech_llm/modules/common/audio_text_generation_utils.py,185,185,185,no,none,ambiguous,both,"ep=strictly_after,co=overlapping",strictly_after,overlapping,        context_start_idx = pickle.loads(bytes)
entry-00152,1,0,nemo/collections/speechlm/utils/text_generation/audio_text_generation_utils.py,190,190,190,no,none,ambiguous,both,"ep=overlapping,co=strictly_before",overlapping,strictly_before,"    torch.distributed.broadcast(string_tensor, src, model_parallel_group)"
entry-00152,1,1,nemo/collections/speechlm/utils/text_generation/audio_text_generation_utils.py,191,191,191,no,none,ambiguous,both,"ep=strictly_after,co=strictly_before",strictly_after,strictly_before,    bytes = string_tensor.cpu().numpy().tobytes()
entry-00152,1,2,nemo/collections/speechlm/utils/text_generation/audio_text_generation_utils.py,192,192,192,no,none,ambiguous,both,"ep=strictly_after,co=overlapping",strictly_after,overlapping,    end_strings = pickle.loads(bytes)
entry-00153,1,0,nemo/collections/speechlm/utils/text_generation/audio_text_generation_utils.py,203,203,203,no,none,ambiguous,both,"ep=overlapping,co=strictly_before",overlapping,strictly_before,"        torch.distributed.broadcast(context_idx_tensor, src, model_parallel_group)"
entry-00153,1,1,nemo/collections/speechlm/utils/text_generation/audio_text_generation_utils.py,204,204,204,no,none,ambiguous,both,"ep=strictly_after,co=strictly_before",strictly_after,strictly_before,        bytes = context_idx_tensor.cpu().numpy().tobytes()
entry-00153,1,2,nemo/collections/speechlm/utils/text_generation/audio_text_generation_utils.py,205,205,205,no,none,ambiguous,both,"ep=strictly_after,co=overlapping",strictly_after,overlapping,        context_start_idx = pickle.loads(bytes)
entry-00154,1,0,nemo/export/tensorrt_llm.py,1671,1671,1671,no,none,ambiguous,both,"ep=overlapping,co=strictly_before",overlapping,strictly_before,"            pt_path = Path(os.path.join(self.model_dir, 'prompt_tables.pkl'))"
entry-00154,1,1,nemo/export/tensorrt_llm.py,1673,1673,1673,no,none,ambiguous,both,"ep=strictly_after,co=strictly_before",strictly_after,strictly_before,"                with open(pt_path, 'rb') as f:"
entry-00154,1,2,nemo/export/tensorrt_llm.py,1674,1674,1674,no,none,ambiguous,both,"ep=strictly_after,co=overlapping",strictly_after,overlapping,                    self.ptuning_tables = pickle.load(f)
entry-00155,1,0,nemo/export/trt_llm/nemo_ckpt_loader/nemo_file.py,59,59,59,no,none,ambiguous,both,"ep=overlapping,co=strictly_before",overlapping,strictly_before,"    if isinstance(val, torch.Tensor):"
entry-00155,1,1,nemo/export/trt_llm/nemo_ckpt_loader/nemo_file.py,63,63,63,no,none,ambiguous,both,"ep=strictly_after,co=strictly_before",strictly_after,strictly_before,        val = val.detach().numpy(force=True).tobytes()
entry-00155,1,2,nemo/export/trt_llm/nemo_ckpt_loader/nemo_file.py,64,64,64,no,none,ambiguous,both,"ep=strictly_after,co=overlapping",strictly_after,overlapping,        return pickle.loads(val)
entry-00156,1,0,nemo/collections/llm/gpt/model/baichuan.py,107,107,107,no,none,ambiguous,both,"ep=overlapping,co=strictly_before",overlapping,strictly_before,"    def apply(self, output_path: Path) -> Path:"
entry-00156,1,1,nemo/collections/llm/gpt/model/baichuan.py,117,117,117,no,none,ambiguous,both,"ep=strictly_after,co=strictly_before",strictly_after,strictly_before,        from transformers import AutoModelForCausalLM
entry-00156,1,2,nemo/collections/llm/gpt/model/baichuan.py,119,119,119,no,none,ambiguous,both,"ep=strictly_after,co=overlapping",strictly_after,overlapping,"        source = AutoModelForCausalLM.from_pretrained(str(self), trust_remote_code=True, torch_dtype"
entry-00157,1,0,nemo/collections/llm/gpt/model/deepseek.py,228,228,228,no,none,ambiguous,both,"ep=overlapping,co=strictly_before",overlapping,strictly_before,"def apply(self, output_path: Path, convert_mtp: bool = False) -> Path:"
entry-00157,1,1,nemo/collections/llm/gpt/model/deepseek.py,232,232,232,no,none,ambiguous,both,"ep=strictly_after,co=strictly_before",strictly_after,strictly_before,self._verify_source()
entry-00157,1,2,nemo/collections/llm/gpt/model/deepseek.py,233,233,233,no,none,ambiguous,both,"ep=strictly_after,co=overlapping",strictly_after,overlapping,"source = AutoModelForCausalLM.from_pretrained(str(self), trust_remote_code=True, torch_dtype='auto')"
entry-00158,1,0,src/agents/sandbox/context.ts,79,79,79,no,before_entry,ambiguous,entry_file,overlapping,overlapping,n/a,const browser = await ensureSandboxBrowser({
entry-00158,1,1,src/agents/sandbox/browser.ts,192,192,192,no,none,n/a,cross_file,n/a (cross-file),n/a,n/a,return await startBrowserBridgeServer({
entry-00158,1,2,src/browser/bridge-server.ts,27,27,27,no,none,n/a,critical_file,strictly_before,n/a,strictly_before,"const host = params.host ?? ""127.0.0.1"";"
entry-00158,1,3,src/browser/bridge-server.ts,46,46,46,no,after_critical,ambiguous,critical_file,overlapping,n/a,overlapping,const authToken = params.authToken?.trim();
entry-00158,1,4,src/browser/bridge-server.ts,68,68,68,no,after_critical,clear,critical_file,strictly_after,n/a,strictly_after,"registerBrowserRoutes(app as unknown as BrowserRouteRegistrar, ctx);"
entry-00158,1,5,src/browser/bridge-server.ts,70,70,70,no,after_critical,clear,critical_file,strictly_after,n/a,strictly_after,"const server = await new Promise<Server>((resolve, reject) => {"
entry-00159,1,0,src/browser/routes/basic.ts,7,7,7,no,none,ambiguous,both,"ep=overlapping,co=strictly_before",overlapping,strictly_before,"export function registerBrowserBasicRoutes(app: BrowserRouteRegistrar, ctx: BrowserRouteContext) {"
entry-00159,1,1,src/browser/routes/basic.ts,12,12,12,no,none,ambiguous,both,"ep=strictly_after,co=strictly_before",strictly_after,strictly_before,      const profiles = await service.listProfiles();
entry-00159,1,2,src/browser/routes/basic.ts,13,13,13,no,none,ambiguous,both,"ep=strictly_after,co=overlapping",strictly_after,overlapping,      res.json({ profiles });
entry-00160,1,0,src/browser/routes/tabs.ts,6,6,6,no,none,ambiguous,both,"ep=overlapping,co=strictly_before",overlapping,strictly_before,"  app.get(""/tabs"", async (req, res) => {"
entry-00160,1,1,src/browser/routes/tabs.ts,16,16,16,no,none,ambiguous,both,"ep=strictly_after,co=strictly_before",strictly_after,strictly_before,      const tabs = await profileCtx.listTabs();
entry-00160,1,2,src/browser/routes/tabs.ts,17,17,17,no,none,ambiguous,both,"ep=strictly_after,co=overlapping",strictly_after,overlapping,"      res.json({ running: true, tabs });"
entry-00161,1,0,src/browser/routes/agent.act.ts,24,24,24,no,none,ambiguous,both,"ep=overlapping,co=strictly_before",overlapping,strictly_before,"app.post(""/act"", async (req, res) => {"
entry-00161,1,1,src/browser/routes/agent.act.ts,294,294,294,no,none,ambiguous,both,"ep=strictly_after,co=strictly_before",strictly_after,strictly_before,"case ""evaluate"": {"
entry-00161,1,2,src/browser/routes/agent.act.ts,305,305,305,no,none,ambiguous,both,"ep=strictly_after,co=strictly_before",strictly_after,strictly_before,const fn = toStringOrEmpty(body.fn);
entry-00161,1,3,src/browser/routes/agent.act.ts,311,311,311,no,none,ambiguous,both,"ep=strictly_after,co=strictly_before",strictly_after,strictly_before,const evalRequest: Parameters<typeof pw.evaluateViaPlaywright>[0] = {
entry-00161,1,4,src/browser/routes/agent.act.ts,321,321,321,no,none,ambiguous,both,"ep=strictly_after,co=overlapping",strictly_after,overlapping,const result = await pw.evaluateViaPlaywright(evalRequest);
entry-00162,1,0,src/browser/routes/agent.storage.ts,10,10,10,no,none,ambiguous,both,"ep=overlapping,co=strictly_before",overlapping,strictly_before,"  app.get(""/cookies"", async (req, res) => {"
entry-00162,1,1,src/browser/routes/agent.storage.ts,22,22,22,no,none,ambiguous,both,"ep=strictly_after,co=strictly_before",strictly_after,strictly_before,      const result = await pw.cookiesGetViaPlaywright({
entry-00162,1,2,src/browser/routes/agent.storage.ts,26,26,26,no,none,ambiguous,both,"ep=strictly_after,co=overlapping",strictly_after,overlapping,"      res.json({ ok: true, targetId: tab.targetId, ...result });"
entry-00163,1,0,src/agents/sandbox/context.ts,79,79,79,no,before_entry,ambiguous,entry_file,overlapping,overlapping,n/a,  const browser = await ensureSandboxBrowser({
entry-00163,1,1,src/agents/sandbox/browser.ts,192,192,192,no,none,n/a,cross_file,n/a (cross-file),n/a,n/a,    return await startBrowserBridgeServer({
entry-00163,1,2,src/browser/bridge-server.ts,27,27,27,no,none,n/a,critical_file,strictly_before,n/a,strictly_before,"  const host = params.host ?? ""127.0.0.1"";"
entry-00163,1,3,src/browser/bridge-server.ts,46,46,46,no,after_critical,ambiguous,critical_file,overlapping,n/a,overlapping,  const authToken = params.authToken?.trim();
entry-00163,1,4,src/browser/bridge-server.ts,68,68,68,no,after_critical,clear,critical_file,strictly_after,n/a,strictly_after,"  registerBrowserRoutes(app as unknown as BrowserRouteRegistrar, ctx);"
entry-00163,1,5,src/browser/bridge-server.ts,70,70,70,no,after_critical,clear,critical_file,strictly_after,n/a,strictly_after,"  const server = await new Promise<Server>((resolve, reject) => {"
entry-00164,1,0,src/browser/routes/basic.ts,7,7,7,no,none,ambiguous,both,"ep=overlapping,co=strictly_before",overlapping,strictly_before,export function registerBrowserBasicRoutes(...) {
entry-00164,1,1,src/browser/routes/basic.ts,12,12,12,no,none,ambiguous,both,"ep=strictly_after,co=strictly_before",strictly_after,strictly_before,      const profiles = await service.listProfiles();
entry-00164,1,2,src/browser/routes/basic.ts,13,13,13,no,none,ambiguous,both,"ep=strictly_after,co=overlapping",strictly_after,overlapping,      res.json({ profiles });
entry-00165,1,0,src/browser/routes/tabs.ts,6,6,6,no,none,ambiguous,both,"ep=overlapping,co=strictly_before",overlapping,strictly_before,"  app.get(""/tabs"", async (req, res) => {"
entry-00165,1,1,src/browser/routes/tabs.ts,16,16,16,no,none,ambiguous,both,"ep=strictly_after,co=strictly_before",strictly_after,strictly_before,      const tabs = await profileCtx.listTabs();
entry-00165,1,2,src/browser/routes/tabs.ts,17,17,17,no,none,ambiguous,both,"ep=strictly_after,co=overlapping",strictly_after,overlapping,"      res.json({ running: true, tabs });"
entry-00166,1,0,src/browser/routes/agent.act.ts,24,24,24,no,none,ambiguous,both,"ep=overlapping,co=strictly_before",overlapping,strictly_before,"  app.post(""/act"", async (req, res) => {"
entry-00166,1,1,src/browser/routes/agent.act.ts,294,294,294,no,none,ambiguous,both,"ep=strictly_after,co=strictly_before",strictly_after,strictly_before,"        case ""evaluate"": {"
entry-00166,1,2,src/browser/routes/agent.act.ts,305,305,305,no,none,ambiguous,both,"ep=strictly_after,co=strictly_before",strictly_after,strictly_before,          const fn = toStringOrEmpty(body.fn);
entry-00166,1,3,src/browser/routes/agent.act.ts,311,311,311,no,none,ambiguous,both,"ep=strictly_after,co=strictly_before",strictly_after,strictly_before,          const evalRequest: Parameters<typeof pw.evaluateViaPlaywright>[0] = {
entry-00166,1,4,src/browser/routes/agent.act.ts,321,321,321,no,none,ambiguous,both,"ep=strictly_after,co=overlapping",strictly_after,overlapping,          const result = await pw.evaluateViaPlaywright(evalRequest);
entry-00167,1,0,src/browser/routes/agent.storage.ts,10,10,10,no,none,ambiguous,both,"ep=overlapping,co=strictly_before",overlapping,strictly_before,"  app.get(""/cookies"", async (req, res) => {"
entry-00167,1,1,src/browser/routes/agent.storage.ts,22,22,22,no,none,ambiguous,both,"ep=strictly_after,co=strictly_before",strictly_after,strictly_before,      const result = await pw.cookiesGetViaPlaywright({
entry-00167,1,2,src/browser/routes/agent.storage.ts,26,26,26,no,none,ambiguous,both,"ep=strictly_after,co=overlapping",strictly_after,overlapping,"      res.json({ ok: true, targetId: tab.targetId, ...result });"
entry-00168,1,0,src/config/zod-schema.agent-runtime.ts,125,125,125,no,before_entry,ambiguous,entry_file,overlapping,overlapping,n/a,"    binds: z.array(z.string()).optional(),"
entry-00168,1,1,src/agents/sandbox/docker.ts,244,244,244,no,none,n/a,critical_file,strictly_before,n/a,strictly_before,"  const args = [""create"", ""--name"", params.name];"
entry-00168,1,2,src/agents/sandbox/docker.ts,314,314,314,no,after_critical,ambiguous,critical_file,overlapping,n/a,overlapping,  if (params.cfg.binds?.length) {
entry-00169,1,0,src/config/zod-schema.agent-runtime.ts,97,97,97,no,before_entry,ambiguous,entry_file,overlapping,overlapping,n/a,"    network: z.string().optional(),"
entry-00169,1,1,src/agents/sandbox/docker.ts,262-264,262,264,no,after_critical,ambiguous,critical_file,overlapping,n/a,overlapping,"  if (params.cfg.network) {
    args.push(""--network"", params.cfg.network);
  }"
entry-00170,1,0,src/config/zod-schema.agent-runtime.ts,121-122,121,122,no,before_entry,ambiguous,entry_file,overlapping,overlapping,n/a,"    seccompProfile: z.string().optional(),
    apparmorProfile: z.string().optional(),"
entry-00170,1,1,src/agents/sandbox/docker.ts,278-283,278,283,no,after_critical,ambiguous,critical_file,overlapping,n/a,overlapping,"  if (params.cfg.seccompProfile) {
    args.push(""--security-opt"", `seccomp=${params.cfg.seccompProf"
entry-00171,1,0,mlflow/server/auth/basic_auth.ini,5,5,5,no,before_entry,ambiguous,entry_file,overlapping,overlapping,n/a,admin_password = password
entry-00171,1,1,mlflow/server/auth/config.py,30,30,30,no,none,n/a,cross_file,n/a (cross-file),n/a,n/a,"        admin_password=config[""mlflow""][""admin_password""],"
entry-00171,1,2,mlflow/server/auth/__init__.py,129,129,129,no,none,n/a,critical_file,strictly_before,n/a,strictly_before,auth_config = read_auth_config()
entry-00171,1,3,mlflow/server/auth/__init__.py,973,973,973,no,after_critical,clear,critical_file,strictly_after,n/a,strictly_after,"    create_admin_user(auth_config.admin_username, auth_config.admin_password)"
entry-00171,1,4,mlflow/server/auth/__init__.py,684-687,684,687,no,after_critical,clear,critical_file,strictly_after,n/a,strictly_after,"def create_admin_user(username, password):
    if not store.has_user(username):
        try:
       "
entry-00171,1,5,mlflow/server/auth/__init__.py,463-472,463,472,no,none,n/a,critical_file,strictly_before,n/a,strictly_before,"def authenticate_request_basic_auth() -> Union[Authorization, Response]:
    """"""Authenticate the req"
entry-00171,1,6,mlflow/server/auth/sqlalchemy_store.py,35-41,35,41,no,none,n/a,cross_file,n/a (cross-file),n/a,n/a,"    def authenticate_user(self, username: str, password: str) -> bool:
        with self.ManagedSess"
entry-00171,1,7,mlflow/server/auth/__init__.py,482,482,482,no,none,n/a,critical_file,strictly_before,n/a,strictly_before,    authorization = authenticate_request()
entry-00171,1,8,mlflow/server/auth/__init__.py,493-494,493,494,no,after_critical,ambiguous,critical_file,overlapping,n/a,overlapping,"    if sender_is_admin():
        return"
entry-00172,1,0,packages/nodes-base/nodes/Form/utils/utils.ts,413,413,413,no,after_critical,ambiguous,both,strictly_after,overlapping,strictly_after,const bodyData = (context.getBodyData().data as IDataObject) ?? {};
entry-00172,1,1,packages/nodes-base/nodes/Form/utils/utils.ts,485,485,485,no,after_critical,clear,both,strictly_after,strictly_after,strictly_after,"addFormResponseDataToReturnItem(returnItem, formFields, bodyData, context.getNode().typeVersion);"
entry-00172,1,2,packages/nodes-base/nodes/Form/utils/utils.ts,401,401,401,no,before_entry,ambiguous,both,strictly_before,strictly_before,strictly_after,		returnItem.json[name] = value;
entry-00172,1,3,packages/nodes-base/nodes/Form/Form.node.ts,382,382,382,no,none,n/a,cross_file,n/a (cross-file),n/a,n/a,"			fields = context.getNodeParameter('formFields.values', []) as FormFieldsParameter;"
entry-00172,1,4,packages/nodes-base/nodes/Form/Form.node.ts,398,398,398,no,none,n/a,cross_file,n/a (cross-file),n/a,n/a,"			return await renderFormNode(context, res, trigger, fields, mode);"
entry-00172,1,5,packages/nodes-base/nodes/Form/utils/utils.ts,555,555,555,no,after_critical,clear,both,strictly_after,strictly_after,strictly_after,"formFields = prepareFormFields(context, formFields);"
entry-00172,1,6,packages/nodes-base/nodes/Form/utils/utils.ts,126,126,126,no,before_entry,clear,both,strictly_before,strictly_before,strictly_before,			for (const resolvable of getResolvables(html)) {
entry-00172,1,7,packages/nodes-base/nodes/Form/utils/utils.ts,127,127,127,no,before_entry,ambiguous,both,strictly_before,strictly_before,overlapping,"				html = html.replace(resolvable, context.evaluateExpression(resolvable) as string);"
entry-00173,1,0,packages/nodes-base/nodes/Form/utils/utils.ts,405,405,405,no,after_critical,ambiguous,both,strictly_after,overlapping,strictly_after,export async function prepareFormReturnItem(
entry-00173,1,1,packages/nodes-base/nodes/Form/utils/utils.ts,411,411,411,no,after_critical,clear,both,strictly_after,strictly_after,strictly_after,	const req = context.getRequestObject() as MultiPartFormData.Request;
entry-00173,1,2,packages/nodes-base/nodes/Form/Form.node.ts,370-374,370,374,no,none,n/a,cross_file,n/a (cross-file),n/a,n/a,"				const jsonOutput = context.getNodeParameter('jsonOutput', '', {
					rawExpressions: true,
				}"
entry-00173,1,3,packages/nodes-base/nodes/Form/utils/utils.ts,663-671,663,671,no,after_critical,clear,both,strictly_after,strictly_after,strictly_after,"		if (options.appendAttribution === false) {
			appendAttribution = false;
		}

		let buttonLabel = "
entry-00173,1,4,packages/nodes-base/nodes/Form/utils/utils.ts,557,557,557,no,after_critical,clear,both,strictly_after,strictly_after,strictly_after,	const data = prepareFormData({
entry-00173,1,5,packages/nodes-base/nodes/Form/utils/utils.ts,119,119,119,no,before_entry,ambiguous,both,strictly_before,strictly_before,overlapping,"export const prepareFormFields = (context: IWebhookFunctions, fields: FormFieldsParameter) => {"
entry-00174,1,0,packages/nodes-base/nodes/Code/Code.node.ts,181,181,181,no,before_entry,ambiguous,entry_file,overlapping,overlapping,n/a,			throw new PythonDisabledError();
entry-00174,1,1,packages/nodes-base/nodes/Code/Code.node.ts,186,186,186,no,none,n/a,entry_file,strictly_after,strictly_after,n/a,		const codeParameterName = isPyLang ? 'pythonCode' : 'jsCode';
entry-00174,1,2,packages/nodes-base/nodes/Code/JsTaskRunnerSandbox.ts,33,33,33,no,none,n/a,cross_file,n/a (cross-file),n/a,n/a,		const executionResult = await this.executeFunctions.startJob<INodeExecutionData[]>(
entry-00174,1,3,packages/@n8n/task-runner/src/js-task-runner/js-task-runner.ts,185,185,185,no,none,n/a,critical_file,strictly_before,n/a,strictly_before,"		const { taskId, settings } = taskParams;"
entry-00174,1,4,packages/@n8n/task-runner/src/js-task-runner/js-task-runner.ts,328,328,328,no,none,n/a,critical_file,strictly_before,n/a,strictly_before,"		const context = this.buildContext(taskId, workflow, data.node, dataProxy, {"
entry-00174,1,5,packages/@n8n/task-runner/src/js-task-runner/js-task-runner.ts,640,640,640,no,none,n/a,critical_file,strictly_before,n/a,strictly_before,		return createContext({
entry-00174,1,6,packages/@n8n/task-runner/src/js-task-runner/js-task-runner.ts,643,643,643,no,after_critical,ambiguous,critical_file,overlapping,n/a,overlapping,"			module: {},"
entry-00175,1,0,packages/nodes-base/nodes/Code/Code.node.ts,188,188,188,no,before_entry,ambiguous,entry_file,overlapping,overlapping,n/a,		if (isJsLang && isJsRunner) {
entry-00175,1,1,packages/@n8n/task-runner/src/js-task-runner/js-task-runner.ts,165,165,165,no,none,n/a,critical_file,strictly_before,n/a,strictly_before,		if (process.env.NODE_ENV !== 'test') {
entry-00175,1,2,packages/@n8n/task-runner/src/js-task-runner/js-task-runner.ts,653,653,653,no,after_critical,clear,critical_file,strictly_after,n/a,strictly_after,	private createVmExecutableCode(code: string) {
entry-00175,1,3,packages/@n8n/task-runner/src/js-task-runner/js-task-runner.ts,343,343,343,no,after_critical,clear,critical_file,strictly_after,n/a,strictly_after,				if (this.mode === 'secure') {
entry-00175,1,4,packages/@n8n/task-runner/src/js-task-runner/js-task-runner.ts,172,172,172,no,after_critical,ambiguous,critical_file,overlapping,n/a,overlapping,				.forEach((fn) => Object.freeze(fn.prototype));
entry-00176,0,0,packages/nodes-base/nodes/Code/Code.node.ts,206,206,206,no,before_entry,ambiguous,entry_file,overlapping,overlapping,n/a,"			const code = this.getNodeParameter(codeParameterName, 0) as string;"
entry-00176,0,1,packages/nodes-base/nodes/Code/Code.node.ts,207,207,207,no,none,n/a,entry_file,strictly_after,strictly_after,n/a,"			const sandbox = new PythonTaskRunnerSandbox(code, nodeMode, workflowMode, this);"
entry-00176,0,2,packages/nodes-base/nodes/Code/Code.node.ts,209,209,209,no,none,n/a,entry_file,strictly_after,strictly_after,n/a,			return [await sandbox.runUsingIncomingItems()];
entry-00176,0,3,packages/nodes-base/nodes/Code/PythonTaskRunnerSandbox.ts,62-65,62,65,no,none,n/a,cross_file,n/a (cross-file),n/a,n/a,"		const executionResult = await this.executeFunctions.startJob<INodeExecutionData[]>(
			'python',
	"
entry-00176,0,4,packages/@n8n/task-runner-python/src/task_runner.py,321,321,321,no,none,n/a,cross_file,n/a (cross-file),n/a,n/a,            self.analyzer.validate(task_settings.code)
entry-00176,0,5,packages/@n8n/task-runner-python/src/task_analyzer.py,63-69,63,69,no,none,n/a,cross_file,n/a (cross-file),n/a,n/a,"    def visit_Attribute(self, node: ast.Attribute) -> None:
        """"""Detect access to unsafe attri"
entry-00176,0,6,packages/@n8n/task-runner-python/src/constants.py,126-135,126,135,no,after_critical,ambiguous,critical_file,overlapping,n/a,overlapping,"BLOCKED_ATTRIBUTES = {
    # runtime attributes
    ""__subclasses__"",
    ""__globals__"",
    ""__buil"
entry-00177,1,0,packages/workflow/src/expression.ts,360,360,360,no,none,ambiguous,both,"ep=overlapping,co=strictly_before",overlapping,strictly_before,		if (!isExpression(parameterValue)) {
entry-00177,1,1,packages/workflow/src/expression.ts,371,371,371,no,none,ambiguous,both,"ep=strictly_after,co=strictly_before",strictly_after,strictly_before,		data.process =
entry-00177,1,2,packages/workflow/src/expression.ts,385,385,385,no,none,ambiguous,both,"ep=strictly_after,co=strictly_before",strictly_after,strictly_before,		Expression.initializeGlobalContext(data);
entry-00177,1,3,packages/workflow/src/expression.ts,410,410,410,no,none,ambiguous,both,"ep=strictly_after,co=strictly_before",strictly_after,strictly_before,"		const returnValue = this.renderExpression(extendedExpression, data);"
entry-00177,1,4,packages/workflow/src/expression-evaluator-proxy.ts,19,19,19,no,none,n/a,cross_file,n/a (cross-file),n/a,n/a,"export const evaluateExpression: Evaluator = (expr, data) => {"
entry-00177,1,5,packages/workflow/src/expression.ts,427,427,427,no,none,ambiguous,both,"ep=strictly_after,co=overlapping",strictly_after,overlapping,"	private renderExpression(expression: string, data: IWorkflowDataProxyData) {"
entry-00178,1,0,packages/workflow/src/expression.ts,354,354,354,no,before_entry,ambiguous,entry_file,overlapping,overlapping,n/a,resolveSimpleParameterValue(
entry-00178,1,1,packages/workflow/src/expression-evaluator-proxy.ts,9,9,9,no,none,n/a,cross_file,n/a (cross-file),n/a,n/a,"const tournamentEvaluator = new Tournament(errorHandler, undefined, undefined, {"
entry-00178,1,2,packages/workflow/src/expression-sandboxing.ts,290,290,290,no,after_critical,clear,critical_file,strictly_after,n/a,strictly_after,visitClassExpression(path) {
entry-00178,1,3,packages/workflow/src/expression-sandboxing.ts,281,281,281,no,after_critical,ambiguous,critical_file,overlapping,n/a,overlapping,visitClassDeclaration(path) {
entry-00179,1,0,packages/workflow/src/expression-sandboxing.ts,22,22,22,no,none,ambiguous,both,"ep=overlapping,co=strictly_before",overlapping,strictly_before,const EMPTY_CONTEXT = b.objectExpression([
entry-00179,1,1,packages/workflow/src/expression-sandboxing.ts,250,250,250,no,after_critical,clear,both,strictly_after,strictly_after,strictly_after,"export const PrototypeSanitizer: ASTAfterHook = (ast, dataNode) => {"
entry-00179,1,2,packages/workflow/src/expression-sandboxing.ts,71,71,71,no,none,ambiguous,both,"ep=strictly_after,co=strictly_before",strictly_after,strictly_before,const GLOBAL_IDENTIFIERS = new Set(['globalThis']);
entry-00179,1,3,packages/workflow/src/expression-sandboxing.ts,76,76,76,no,none,ambiguous,both,"ep=strictly_after,co=overlapping",strictly_after,overlapping,"export const ThisSanitizer: ASTBeforeHook = (ast, dataNode) => {"
entry-00180,1,0,packages/@n8n/task-runner/src/js-task-runner/js-task-runner.ts,633,633,633,no,none,ambiguous,both,"ep=overlapping,co=strictly_before",overlapping,strictly_before,	buildContext(
entry-00180,1,1,packages/@n8n/task-runner/src/js-task-runner/js-task-runner.ts,640,640,640,no,none,ambiguous,both,"ep=strictly_after,co=strictly_before",strictly_after,strictly_before,		return createContext({
entry-00180,1,2,packages/@n8n/task-runner/src/js-task-runner/js-task-runner.ts,653,653,653,no,none,ambiguous,both,"ep=strictly_after,co=strictly_before",strictly_after,strictly_before,	private createVmExecutableCode(code: string) {
entry-00180,1,3,packages/@n8n/task-runner/src/js-task-runner/js-task-runner.ts,677,677,677,no,none,ambiguous,both,"ep=strictly_after,co=overlapping",strictly_after,overlapping,"			`module.exports = async function VmCodeWrapper() {${code}\n}()`,"
entry-00181,1,0,packages/@n8n/task-runner/src/js-task-runner/js-task-runner.ts,245,245,245,no,none,ambiguous,both,"ep=overlapping,co=strictly_before",overlapping,strictly_before,"			Buffer: new Proxy(Buffer, {"
entry-00181,1,1,packages/@n8n/task-runner/src/js-task-runner/js-task-runner.ts,252,252,252,no,none,ambiguous,both,"ep=strictly_after,co=overlapping",strictly_after,overlapping,					return target[prop as keyof typeof Buffer];
entry-00182,1,0,packages/@n8n/task-runner-python/src/constants.py,126,126,126,no,after_critical,ambiguous,both,strictly_after,overlapping,strictly_after,BLOCKED_ATTRIBUTES = {
entry-00182,1,1,packages/@n8n/task-runner-python/src/constants.py,126,126,126,yes,after_critical,ambiguous,both,strictly_after,overlapping,strictly_after,BLOCKED_ATTRIBUTES = {
entry-00182,1,2,packages/@n8n/task-runner-python/src/constants.py,118,118,118,no,before_entry,ambiguous,both,strictly_before,strictly_before,overlapping,"BUILTINS_DENY_DEFAULT = ""eval,exec,compile,open,input,breakpoint,getattr,object,type,vars,setattr,de"
entry-00183,1,0,packages/nodes-base/nodes/Merge/v3/actions/mode/combineBySql.ts,249,249,249,no,none,ambiguous,both,"ep=overlapping,co=strictly_before",overlapping,strictly_before,export async function execute(
entry-00183,1,1,packages/nodes-base/nodes/Merge/v3/actions/mode/combineBySql.ts,262-264,262,264,no,none,ambiguous,both,"ep=strictly_after,co=strictly_before",strictly_after,strictly_before,"	for (const resolvable of getResolvables(query)) {
		query = query.replace(resolvable, this.evaluate"
entry-00183,1,2,packages/nodes-base/nodes/Merge/v3/actions/mode/combineBySql.ts,253,253,253,no,none,ambiguous,both,"ep=strictly_after,co=strictly_before",strictly_after,strictly_before,	disableAlasqlFileAccess();
entry-00183,1,3,packages/nodes-base/nodes/Merge/v3/actions/mode/combineBySql.ts,290,290,290,no,none,ambiguous,both,"ep=strictly_after,co=strictly_before",strictly_after,strictly_before,	const db = new alasql.Database(node.id);
entry-00183,1,4,packages/nodes-base/nodes/Merge/v3/actions/mode/combineBySql.ts,341,341,341,no,none,ambiguous,both,"ep=strictly_after,co=overlapping",strictly_after,overlapping,		const result: IDataObject[] = db.exec(query);
entry-00184,1,0,packages/nodes-base/nodes/Merge/v3/actions/mode/combineBySql.ts,260,260,260,no,after_critical,ambiguous,both,strictly_after,overlapping,strictly_after,"	let query = this.getNodeParameter('query', 0) as string;"
entry-00184,1,1,packages/nodes-base/nodes/Merge/v3/actions/mode/combineBySql.ts,266,266,266,no,after_critical,clear,both,strictly_after,strictly_after,strictly_after,	const isSelectQuery = node.typeVersion >= 3.1 ? query.toLowerCase().startsWith('select') : false;
entry-00184,1,2,packages/nodes-base/nodes/Merge/v3/actions/mode/combineBySql.ts,270-277,270,277,no,after_critical,clear,both,strictly_after,strictly_after,strictly_after,"	if (isSelectQuery) {
		try {
			return await executeSelectWithMappedPairedItems(
				node,
				inpu"
entry-00184,1,3,packages/nodes-base/nodes/Merge/v3/actions/mode/combineBySql.ts,206,206,206,no,before_entry,clear,both,strictly_before,strictly_before,strictly_before,	const db = new alasql.Database(node.id);
entry-00184,1,4,packages/nodes-base/nodes/Merge/v3/actions/mode/combineBySql.ts,227,227,227,no,before_entry,ambiguous,both,strictly_before,strictly_before,overlapping,"		const result = db.exec(modifySelectQuery(query, inputsData.length)) as IDataObject[];"
entry-00185,0,0,packages/nodes-base/nodes/Files/ReadWriteFile/actions/write.operation.ts,46,46,46,no,before_entry,ambiguous,entry_file,overlapping,overlapping,n/a,"				default: false,"
entry-00185,0,1,packages/nodes-base/nodes/Files/ReadWriteFile/actions/write.operation.ts,75-82,75,82,no,none,n/a,entry_file,strictly_after,strictly_after,n/a,"
			item = items[itemIndex];

			const newItem: INodeExecutionData = {
				json: {},
				pairedItem:"
entry-00185,0,2,packages/core/src/execution-engine/node-execution-context/utils/file-system-helper-functions.ts,65,65,65,no,after_critical,clear,critical_file,strictly_after,n/a,strictly_after,	return false;
entry-00185,0,3,packages/core/src/execution-engine/node-execution-context/utils/file-system-helper-functions.ts,48,48,48,no,after_critical,ambiguous,critical_file,overlapping,n/a,overlapping,}
entry-00186,1,0,packages/nodes-base/nodes/Files/ReadWriteFile/actions/write.operation.ts,62-71,62,71,no,before_entry,ambiguous,entry_file,overlapping,overlapping,n/a,"export async function execute(this: IExecuteFunctions, items: INodeExecutionData[]) {
	const returnD"
entry-00186,1,1,packages/core/src/execution-engine/node-execution-context/utils/file-system-helper-functions.ts,128-132,128,132,no,after_critical,clear,critical_file,strictly_after,n/a,strictly_after,"		return await fsWriteFile(resolvedFilePath, content, {
			encoding: 'binary',
			flag: (flag ?? 0) "
entry-00186,1,2,packages/core/src/execution-engine/node-execution-context/utils/file-system-helper-functions.ts,61-63,61,63,no,after_critical,ambiguous,critical_file,overlapping,n/a,overlapping,"	if (allowedPaths.length) {
		return !allowedPaths.some((allowedPath) => isContainedWithin(allowedPa"
entry-00187,1,0,src/browser/server.ts,32,32,32,no,before_entry,ambiguous,entry_file,overlapping,overlapping,n/a,  let browserAuth = resolveBrowserControlAuth(cfg);
entry-00187,1,1,src/browser/server.ts,39-41,39,41,no,none,n/a,entry_file,strictly_after,strictly_after,n/a,"  } catch (err) {
    logServer.warn(`failed to auto-configure browser auth: ${String(err)}`);
  }"
entry-00187,1,2,src/browser/server-middleware.ts,24,24,24,no,none,n/a,critical_file,strictly_before,n/a,strictly_before,export function installBrowserAuthMiddleware(
entry-00187,1,3,src/browser/server-middleware.ts,28,28,28,no,after_critical,ambiguous,critical_file,overlapping,n/a,overlapping,  if (!auth.token && !auth.password) {
entry-00188,1,0,src/browser/routes/agent.act.ts,21,21,21,no,none,ambiguous,both,"ep=overlapping,co=strictly_before",overlapping,strictly_before,export function registerBrowserAgentActRoutes(
entry-00188,1,1,src/browser/routes/agent.act.ts,277,277,277,no,none,ambiguous,both,"ep=strictly_after,co=strictly_before",strictly_after,strictly_before,"case ""evaluate"": {"
entry-00188,1,2,src/browser/routes/agent.act.ts,304,304,304,no,none,ambiguous,both,"ep=strictly_after,co=overlapping",strictly_after,overlapping,const result = await pw.evaluateViaPlaywright(evalRequest);
entry-00189,1,0,packages/@n8n/nodes-langchain/nodes/trigger/ChatTrigger/ChatTrigger.node.ts,819,819,819,no,before_entry,ambiguous,entry_file,overlapping,overlapping,n/a,"					allowedFilesMimeTypes: options.allowedFilesMimeTypes,"
entry-00189,1,1,packages/@n8n/nodes-langchain/nodes/trigger/ChatTrigger/ChatTrigger.node.ts,807,807,807,no,before_entry,clear,entry_file,strictly_before,strictly_before,n/a,				const page = createPage({
entry-00189,1,2,packages/@n8n/nodes-langchain/nodes/trigger/ChatTrigger/templates.ts,80,80,80,no,none,n/a,critical_file,strictly_before,n/a,strictly_before,	const sanitizedAllowedFilesMimeTypes = allowedFilesMimeTypes?.toString() ?? '';
entry-00189,1,3,packages/@n8n/nodes-langchain/nodes/trigger/ChatTrigger/templates.ts,158,158,158,no,after_critical,ambiguous,critical_file,overlapping,n/a,overlapping,"						allowedFilesMimeTypes: ${JSON.stringify(sanitizedAllowedFilesMimeTypes)},"
entry-00190,1,0,packages/cli/src/webhooks/webhook-helpers.ts,849,849,849,no,before_entry,ambiguous,entry_file,overlapping,overlapping,n/a,data: {
entry-00190,1,1,packages/cli/src/webhooks/webhook-helpers.ts,850,850,850,no,none,n/a,entry_file,strictly_after,strictly_after,n/a,message:
entry-00190,1,2,packages/cli/src/webhooks/webhook-request-handler.ts,167,167,167,no,none,n/a,critical_file,strictly_before,n/a,strictly_before,) {
entry-00190,1,3,packages/cli/src/webhooks/webhook-request-handler.ts,169,169,169,no,after_critical,ambiguous,critical_file,overlapping,n/a,overlapping,if (responseHeader) {
entry-00191,1,0,packages/nodes-base/nodes/Form/utils/utils.ts,133,133,133,no,none,ambiguous,both,"ep=overlapping,co=strictly_before",overlapping,strictly_before,		if (field.fieldType === 'hiddenField') {
entry-00191,1,1,packages/nodes-base/nodes/Form/utils/utils.ts,135,135,135,no,none,ambiguous,both,"ep=strictly_after,co=strictly_before",strictly_after,strictly_before,		}
entry-00191,1,2,packages/nodes-base/nodes/Form/utils/utils.ts,139,139,139,no,none,ambiguous,both,"ep=strictly_after,co=strictly_before",strictly_after,strictly_before,};
entry-00191,1,3,packages/nodes-base/nodes/Form/utils/utils.ts,141,141,141,no,none,ambiguous,both,"ep=strictly_after,co=overlapping",strictly_after,overlapping,export function sanitizeCustomCss(css: string | undefined): string | undefined {
entry-00192,1,0,src/gateway/server-methods/agents.ts,666,666,666,no,before_entry,ambiguous,entry_file,overlapping,overlapping,n/a,"  ""agents.files.set"": async ({ params, respond }) => {"
entry-00192,1,1,src/gateway/server-methods/agents.ts,703-710,703,710,no,none,n/a,entry_file,strictly_after,strictly_after,n/a,"    const content = String(params.content ?? """");
    try {
      await writeFileWithinRoot({
      "
entry-00192,1,2,src/infra/fs-safe.ts,190-199,190,199,no,none,n/a,critical_file,strictly_before,n/a,strictly_before,"  const resolved = path.resolve(rootWithSep, params.relativePath);
  if (!isPathInside(rootWithSep, "
entry-00192,1,3,src/infra/fs-safe.ts,42-46,42,46,no,none,n/a,critical_file,strictly_before,n/a,strictly_before,"const OPEN_WRITE_FLAGS =
  fsConstants.O_WRONLY |
  fsConstants.O_CREAT |
  fsConstants.O_TRUNC |
  "
entry-00192,1,4,src/infra/fs-safe.ts,236-245,236,245,no,after_critical,clear,critical_file,strictly_after,n/a,strictly_after,"  try {
    const [stat, lstat] = await Promise.all([handle.stat(), fs.lstat(ioPath)]);
    if (lsta"
entry-00193,1,0,src/agents/apply-patch.ts,97,97,97,no,none,n/a,entry_file,strictly_after,strictly_after,n/a,"    execute: async (_toolCallId, args, signal) => {"
entry-00193,1,1,src/agents/apply-patch.ts,155,155,155,no,none,n/a,entry_file,strictly_after,strictly_after,n/a,"      await fileOps.writeFile(target.resolved, hunk.contents);"
entry-00193,1,2,src/agents/apply-patch.ts,265,265,265,no,none,n/a,entry_file,strictly_after,strictly_after,n/a,      await writeFileWithinRoot({
entry-00194,1,0,src/infra/outbound/message-action-runner.ts,776,776,776,no,before_entry,ambiguous,entry_file,overlapping,overlapping,n/a,  await normalizeSandboxMediaParams({
entry-00194,1,1,src/infra/outbound/message-action-runner.ts,781,781,781,no,none,n/a,entry_file,strictly_after,strictly_after,n/a,  await hydrateAttachmentParamsForAction({
entry-00194,1,2,src/infra/outbound/message-action-params.ts,258,258,258,no,after_critical,clear,critical_file,strictly_after,n/a,strictly_after,    const media = await loadWebMedia(
entry-00194,1,3,src/infra/outbound/message-action-params.ts,212,212,212,no,none,n/a,critical_file,strictly_before,n/a,strictly_before,"  if (params.policy.mode === ""sandbox"") {"
entry-00194,1,4,src/infra/outbound/message-action-params.ts,216,216,216,no,after_critical,ambiguous,critical_file,overlapping,n/a,overlapping,"      readFile: (filePath: string) => fs.readFile(filePath),"
entry-00195,1,0,src/agents/tools/image-tool.ts,481-490,481,490,no,none,ambiguous,both,"ep=overlapping,co=strictly_before",overlapping,strictly_before,"            ? await resolveSandboxedBridgeMediaPath({
                sandbox: sandboxConfig,
      "
entry-00195,1,1,src/agents/tools/image-tool.ts,491,491,491,no,none,ambiguous,both,"ep=strictly_after,co=strictly_before",strictly_after,strictly_before,        const resolvedPath = isDataUrl ? null : resolvedPathInfo.resolved;
entry-00195,1,2,src/agents/tools/image-tool.ts,496-501,496,501,no,none,ambiguous,both,"ep=strictly_after,co=overlapping",strictly_after,overlapping,"            ? await loadWebMedia(resolvedPath ?? resolvedImage, {
                maxBytes,
        "
entry-00196,1,0,src/agents/pi-embedded-runner/run/images.ts,206,206,206,no,none,ambiguous,both,"ep=overlapping,co=strictly_before",overlapping,strictly_before,const resolved = await resolveSandboxedBridgeMediaPath({
entry-00196,1,1,src/agents/pi-embedded-runner/run/images.ts,214,214,214,no,none,ambiguous,both,"ep=strictly_after,co=strictly_before",strictly_after,strictly_before,targetPath = resolved.resolved;
entry-00196,1,2,src/agents/pi-embedded-runner/run/images.ts,234,234,234,no,none,ambiguous,both,"ep=strictly_after,co=strictly_before",strictly_after,strictly_before,const media = options?.sandbox
entry-00196,1,3,src/web/media.ts,360,360,360,no,none,n/a,cross_file,n/a (cross-file),n/a,n/a,data = await readFileOverride(mediaUrl);
entry-00196,1,4,src/agents/pi-embedded-runner/run/images.ts,238,238,238,no,none,ambiguous,both,"ep=strictly_after,co=overlapping",strictly_after,overlapping,readFile: (filePath) =>
entry-00197,0,0,src/media/server.ts,35-36,35,36,no,none,ambiguous,both,"ep=overlapping,co=strictly_before",overlapping,strictly_before,"  app.get(""/media/:id"", async (req, res) => {
    const id = req.params.id;"
entry-00197,0,1,src/media/server.ts,37,37,37,no,none,ambiguous,both,"ep=strictly_after,co=strictly_before",strictly_after,strictly_before,    if (!isValidMediaId(id)) {
entry-00197,0,2,src/media/server.ts,42-44,42,44,no,none,ambiguous,both,"ep=strictly_after,co=strictly_before",strictly_after,strictly_before,"      const { handle, realPath, stat } = await openFileWithinRoot({
        rootDir: mediaDir,
     "
entry-00197,0,3,src/media/server.ts,46-49,46,49,no,none,ambiguous,both,"ep=strictly_after,co=strictly_before",strictly_after,strictly_before,"      if (stat.size > MAX_MEDIA_BYTES) {
        await handle.close().catch(() => {});
        res.s"
entry-00197,0,4,src/media/server.ts,51-55,51,55,no,none,ambiguous,both,"ep=strictly_after,co=strictly_before",strictly_after,strictly_before,"      if (Date.now() - stat.mtimeMs > ttlMs) {
        await handle.close().catch(() => {});
       "
entry-00197,0,5,src/media/server.ts,57,57,57,no,none,ambiguous,both,"ep=strictly_after,co=overlapping",strictly_after,overlapping,      const data = await handle.readFile();
entry-00198,1,0,src/agents/bash-tools.exec-host-node.ts,198-207,198,207,no,none,ambiguous,both,"ep=overlapping,co=strictly_before",overlapping,strictly_before,"      const registration = await registerExecApprovalRequestForHost({
        approvalId,
        co"
entry-00198,1,1,src/infra/node-shell.ts,1-9,1,9,no,none,n/a,cross_file,n/a (cross-file),n/a,n/a,"export function buildNodeShellCommand(command: string, platform?: string | null) {
  const normalize"
entry-00198,1,2,src/agents/bash-tools.exec-host-node.ts,97,97,97,no,before_entry,clear,both,strictly_before,strictly_before,strictly_before,"  const argv = buildNodeShellCommand(params.command, nodeInfo?.platform);"
entry-00198,1,3,src/infra/exec-command-resolution.ts,9-17,9,17,no,none,n/a,cross_file,n/a (cross-file),n/a,n/a,"export type CommandResolution = {
  rawExecutable: string;
  resolvedPath?: string;
  executableName"
entry-00198,1,4,src/infra/exec-approvals-analysis.ts,629-638,629,638,no,none,n/a,cross_file,n/a (cross-file),n/a,n/a,"function resolvePlannedSegmentArgv(segment: ExecCommandSegment): string[] | null {
  if (segment.res"
entry-00198,1,5,src/agents/bash-tools.exec-host-node.ts,164-173,164,173,no,before_entry,clear,both,strictly_before,strictly_before,strictly_before,"  const buildInvokeParams = (
    approvedByAsk: boolean,
    approvalDecision: ""allow-once"" | ""allo"
entry-00198,1,6,src/agents/bash-tools.exec-host-node.ts,254-260,254,260,no,none,ambiguous,both,"ep=strictly_after,co=strictly_before",strictly_after,strictly_before,"      } else if (decision === ""allow-once"") {
        approvedByAsk = true;
        approvalDecision"
entry-00198,1,7,src/agents/bash-tools.exec-host-node.ts,284-288,284,288,no,none,ambiguous,both,"ep=strictly_after,co=overlapping",strictly_after,overlapping,"        await callGatewayTool(
          ""node.invoke"",
          { timeoutMs: invokeTimeoutMs },
  "
entry-00199,1,0,src/gateway/server-methods/agent.ts,594,594,594,no,before_entry,ambiguous,entry_file,overlapping,overlapping,n/a,    void agentCommand(
entry-00199,1,1,src/gateway/method-scopes.ts,79,79,79,no,none,n/a,cross_file,n/a (cross-file),n/a,n/a,  [WRITE_SCOPE]: [
entry-00199,1,2,src/gateway/server-methods/agent.ts,594,594,594,yes,before_entry,ambiguous,entry_file,overlapping,overlapping,n/a,    void agentCommand(
entry-00199,1,3,src/commands/agent.ts,729,729,729,no,none,n/a,cross_file,n/a (cross-file),n/a,n/a,          return runAgentAttempt({
entry-00199,1,4,src/agents/pi-tools.ts,500,500,500,no,none,n/a,critical_file,strictly_before,n/a,strictly_before,  const senderIsOwner = options?.senderIsOwner === true;
entry-00199,1,5,src/agents/tool-policy.ts,41,41,41,no,none,n/a,cross_file,n/a (cross-file),n/a,n/a,"export function applyOwnerOnlyToolPolicy(tools: AnyAgentTool[], senderIsOwner: boolean) {"
entry-00199,1,6,src/agents/tools/gateway-tool.ts,75,75,75,no,none,n/a,cross_file,n/a (cross-file),n/a,n/a,"    ownerOnly: true,"
entry-00199,1,7,src/agents/tools/cron-tool.ts,212,212,212,no,none,n/a,cross_file,n/a (cross-file),n/a,n/a,"    ownerOnly: true,"
entry-00199,1,8,src/agents/pi-tools.ts,501,501,501,no,after_critical,ambiguous,critical_file,overlapping,n/a,overlapping,"  const toolsByAuthorization = applyOwnerOnlyToolPolicy(toolsForMessageProvider, senderIsOwner);"
entry-00200,1,0,src/gateway/openai-http.ts,250,250,250,no,before_entry,ambiguous,entry_file,overlapping,overlapping,n/a,"const result = await agentCommand(commandInput, defaultRuntime, deps);"
entry-00200,1,1,src/commands/agent.ts,126,126,126,no,after_critical,ambiguous,critical_file,overlapping,n/a,overlapping,function runAgentAttempt(params: {
entry-00201,1,0,src/gateway/openresponses-http.ts,246,246,246,no,before_entry,ambiguous,entry_file,overlapping,overlapping,n/a,return agentCommand(
entry-00201,1,1,src/commands/agent.ts,197,197,197,no,after_critical,ambiguous,critical_file,overlapping,n/a,overlapping,"senderIsOwner: true,"
entry-00202,1,0,src/gateway/server-node-events.ts,293,293,293,no,before_entry,ambiguous,entry_file,overlapping,overlapping,n/a,void agentCommand(
entry-00202,1,1,src/gateway/server-node-events.ts,423,423,423,no,none,n/a,entry_file,strictly_after,strictly_after,n/a,      void agentCommand(
entry-00202,1,2,src/commands/agent.ts,197,197,197,no,after_critical,ambiguous,critical_file,overlapping,n/a,overlapping,"    senderIsOwner: true,"
entry-00207,1,0,src/gateway/server-methods/nodes.ts,373,373,373,no,none,n/a,entry_file,strictly_after,strictly_after,n/a,const p = params as {
entry-00207,1,1,src/gateway/server-methods/nodes.ts,420,420,420,no,none,n/a,entry_file,strictly_after,strictly_after,n/a,const res = await context.nodeRegistry.invoke({
entry-00207,1,2,src/gateway/node-registry.ts,126,126,126,no,none,n/a,cross_file,n/a (cross-file),n/a,n/a,paramsJSON:
entry-00207,1,3,src/node-host/invoke.ts,498,498,498,no,none,n/a,critical_file,strictly_before,n/a,strictly_before,params = decodeParams<SystemRunParams>(frame.paramsJSON);
entry-00207,1,4,src/node-host/invoke.ts,682,682,682,no,none,n/a,critical_file,strictly_before,n/a,strictly_before,const requiresAsk = requiresExecApproval({
entry-00207,1,5,src/node-host/invoke.ts,693,693,693,no,after_critical,ambiguous,critical_file,overlapping,n/a,overlapping,const approvedByAsk = approvalDecision !== null || params.approved === true;
entry-00207,1,6,src/node-host/invoke.ts,694,694,694,no,after_critical,clear,critical_file,strictly_after,n/a,strictly_after,if (requiresAsk && !approvedByAsk) {
entry-00207,1,7,src/node-host/invoke.ts,792,792,792,no,after_critical,clear,critical_file,strictly_after,n/a,strictly_after,const result = await runCommand(
entry-00208,1,0,src/gateway/node-invoke-system-run-approval.ts,119,119,119,no,before_entry,ambiguous,entry_file,overlapping,overlapping,n/a,export function sanitizeSystemRunParamsForForwarding(opts: {
entry-00208,1,1,src/gateway/node-invoke-system-run-approval.ts,133,133,133,no,none,n/a,entry_file,strictly_after,strictly_after,n/a,  const argv = Array.isArray(p.command) ? p.command.map((v) => String(v)) : [];
entry-00208,1,2,src/infra/system-run-command.ts,63,63,63,no,none,n/a,cross_file,n/a (cross-file),n/a,n/a,"  if (base0 === ""cmd.exe"" || base0 === ""cmd"") {"
entry-00208,1,3,src/infra/system-run-command.ts,83,83,83,no,none,n/a,cross_file,n/a (cross-file),n/a,n/a,  const shellCommand = extractShellCommandFromArgv(params.argv);
entry-00208,1,4,src/gateway/node-invoke-system-run-approval.ts,47,47,47,no,before_entry,clear,entry_file,strictly_before,strictly_before,n/a,function getCmdText(params: SystemRunParamsLike): string {
entry-00208,1,5,src/gateway/node-invoke-system-run-approval.ts,61,61,61,no,before_entry,clear,entry_file,strictly_before,strictly_before,n/a,"function approvalMatchesRequest(params: SystemRunParamsLike, record: ExecApprovalRecord): boolean {"
entry-00208,1,6,src/gateway/node-invoke-system-run-approval.ts,224,224,224,no,none,n/a,entry_file,strictly_after,strictly_after,n/a,"  if (!approvalMatchesRequest(p, snapshot)) {"
entry-00208,1,7,src/node-host/invoke.ts,486,486,486,no,none,n/a,critical_file,strictly_before,n/a,strictly_before,  const argv = params.command.map((item) => String(item));
entry-00208,1,8,src/node-host/invoke.ts,663,663,663,no,none,n/a,critical_file,strictly_before,n/a,strictly_before,  const approvedByAsk = approvalDecision !== null || params.approved === true;
entry-00208,1,9,src/node-host/invoke.ts,748,748,748,no,none,n/a,critical_file,strictly_before,n/a,strictly_before,  let execArgv = argv;
entry-00208,1,10,src/node-host/invoke.ts,181,181,181,no,none,n/a,critical_file,strictly_before,n/a,strictly_before,"    const child = spawn(argv[0], argv.slice(1), {"
entry-00208,1,11,src/node-host/invoke.ts,762,762,762,no,after_critical,ambiguous,critical_file,overlapping,n/a,overlapping,  const result = await runCommand(
entry-00209,1,0,src/node-host/invoke.ts,488,488,488,no,none,ambiguous,both,"ep=overlapping,co=strictly_before",overlapping,strictly_before,  const consistency = validateSystemRunCommandConsistency({
entry-00209,1,1,src/node-host/invoke.ts,498,498,498,no,none,ambiguous,both,"ep=strictly_after,co=strictly_before",strictly_after,strictly_before,  const cmdText = consistency.cmdText;
entry-00209,1,2,src/node-host/invoke.ts,624,624,624,no,none,ambiguous,both,"ep=strictly_after,co=overlapping",strictly_after,overlapping,"      await sendExecFinishedEvent({ client, sessionKey, runId, cmdText, result });"
entry-00210,1,0,src/gateway/server-methods/exec-approval.ts,30,30,30,no,before_entry,ambiguous,entry_file,overlapping,overlapping,n/a,"""exec.approval.request"": async ({ params, respond, context, client }) => {"
entry-00210,1,1,src/gateway/server-methods/exec-approval.ts,91,91,91,no,none,n/a,entry_file,strictly_after,strictly_after,n/a,          ? buildSystemRunApprovalBindingV1({
entry-00210,1,2,src/gateway/server-methods/exec-approval.ts,112,112,112,no,none,n/a,entry_file,strictly_after,strictly_after,n/a,"        cwd: p.cwd ?? null,"
entry-00210,1,3,src/gateway/node-invoke-system-run-approval.ts,120,120,120,no,none,n/a,cross_file,n/a (cross-file),n/a,n/a,"  const next: Record<string, unknown> = pickSystemRunParams(obj);"
entry-00210,1,4,src/node-host/invoke-system-run.ts,166,166,166,no,none,n/a,critical_file,strictly_before,n/a,strictly_before,    if (cwdLstat.isSymbolicLink()) {
entry-00210,1,5,src/node-host/invoke-system-run.ts,522,522,522,no,none,n/a,critical_file,strictly_before,n/a,strictly_before,  const hardenedPaths = hardenApprovedExecutionPaths({
entry-00210,1,6,src/node-host/invoke-system-run.ts,669,669,669,no,after_critical,ambiguous,critical_file,overlapping,n/a,overlapping,"const result = await opts.runCommand(execArgv, phase.cwd, phase.env, phase.timeoutMs);"
entry-00211,1,0,src/gateway/server-methods/exec-approval.ts,127,127,127,no,before_entry,ambiguous,entry_file,overlapping,overlapping,n/a,"      const record = manager.create(request, timeoutMs, explicitId);"
entry-00211,1,1,src/infra/system-run-approval-binding.ts,56,56,56,no,none,n/a,cross_file,n/a (cross-file),n/a,n/a,export function buildSystemRunApprovalBindingV1(params: {
entry-00211,1,2,src/gateway/node-invoke-system-run-approval.ts,209,209,209,no,none,n/a,cross_file,n/a (cross-file),n/a,n/a,  const approvalMatch = evaluateSystemRunApprovalMatch({
entry-00211,1,3,src/node-host/invoke-system-run.ts,659,659,659,no,after_critical,ambiguous,critical_file,overlapping,n/a,overlapping,  const execArgv = resolveSystemRunExecArgv({
entry-00212,1,0,src/telegram/bot-handlers.ts,511-519,511,519,no,none,ambiguous,both,"ep=overlapping,co=strictly_before",overlapping,strictly_before,"  bot.on(""message_reaction"", async (ctx) => {
    try {
      const reaction = ctx.messageReaction;
"
entry-00212,1,1,src/telegram/bot-handlers.ts,526-535,526,535,no,none,ambiguous,both,"ep=strictly_after,co=strictly_before",strictly_after,strictly_before,"      const reactionMode = telegramCfg.reactionNotifications ?? ""own"";
      if (reactionMode === ""o"
entry-00212,1,2,src/telegram/bot-handlers.ts,538-547,538,547,no,none,ambiguous,both,"ep=strictly_after,co=strictly_before",strictly_after,strictly_before,"      const oldEmojis = new Set(
        reaction.old_reaction
          .filter((r): r is ReactionT"
entry-00212,1,3,src/telegram/bot-handlers.ts,576-585,576,585,no,none,ambiguous,both,"ep=strictly_after,co=strictly_before",strictly_after,strictly_before,"      const parentPeer = buildTelegramParentPeer({ isGroup, resolvedThreadId, chatId });
      // Fr"
entry-00212,1,4,src/telegram/bot-handlers.ts,588-595,588,595,no,none,ambiguous,both,"ep=strictly_after,co=overlapping",strictly_after,overlapping,"      for (const r of addedReactions) {
        const emoji = r.emoji;
        const text = `Telegra"
entry-00213,1,0,src/gateway/server/ws-connection/message-handler.ts,846-849,846,849,no,after_critical,ambiguous,both,strictly_after,overlapping,strictly_after,"            platform: connectParams.client.platform,
            deviceFamily: connectParams.client."
entry-00213,1,1,src/gateway/node-command-policy.ts,98-104,98,104,no,none,n/a,cross_file,n/a (cross-file),n/a,n/a,"function normalizePlatformId(platform?: string, deviceFamily?: string): string {
  const raw = (plat"
entry-00213,1,2,src/gateway/server/ws-connection/message-handler.ts,806-815,806,815,no,before_entry,ambiguous,both,strictly_before,strictly_before,overlapping,"        if (role === ""node"") {
          const cfg = loadConfig();
          const allowlist = resol"
entry-00214,1,0,src/gateway/client.ts,272,272,272,no,before_entry,ambiguous,entry_file,overlapping,overlapping,n/a,      const payload = buildDeviceAuthPayload({
entry-00214,1,1,src/gateway/device-auth.ts,12,12,12,no,none,n/a,cross_file,n/a (cross-file),n/a,n/a,export function buildDeviceAuthPayload(params: DeviceAuthPayloadParams): string {
entry-00214,1,2,src/gateway/server/ws-connection/auth-context.ts,195,195,195,no,after_critical,ambiguous,critical_file,overlapping,n/a,overlapping,    const tokenCheck = await params.verifyDeviceToken({
entry-00215,1,0,src/agents/pi-embedded-runner/run/attempt.ts,1082,1082,1082,no,before_entry,ambiguous,entry_file,overlapping,overlapping,n/a,          const imageResult = await detectAndLoadPromptImages({
entry-00215,1,1,src/agents/pi-embedded-runner/run/images.ts,78,78,78,no,none,n/a,critical_file,strictly_before,n/a,strictly_before,export function detectImageReferences(prompt: string): DetectedImageRef[] {
entry-00215,1,2,src/agents/pi-embedded-runner/run/images.ts,356,356,356,no,after_critical,clear,critical_file,strictly_after,n/a,strictly_after,export async function detectAndLoadPromptImages(params: {
entry-00215,1,3,src/agents/pi-embedded-runner/run/images.ts,179,179,179,no,none,n/a,critical_file,strictly_before,n/a,strictly_before,export async function loadImageFromRef(
entry-00215,1,4,src/agents/pi-embedded-runner/run/images.ts,200,200,200,no,after_critical,ambiguous,critical_file,overlapping,n/a,overlapping,          const resolved = options.sandbox.bridge.resolvePath({
entry-00216,1,0,src/line/bot-handlers.ts,110,110,110,no,none,n/a,critical_file,strictly_before,n/a,strictly_before,async function shouldProcessLineEvent(
entry-00216,1,1,src/line/bot-handlers.ts,119,119,119,no,none,n/a,critical_file,strictly_before,n/a,strictly_before,"  const storeAllowFrom = await readChannelAllowFromStore(""line"").catch(() => []);"
entry-00216,1,2,src/line/bot-handlers.ts,120,120,120,no,none,n/a,critical_file,strictly_before,n/a,strictly_before,  const effectiveDmAllow = normalizeAllowFromWithStore({
entry-00216,1,3,src/line/bot-handlers.ts,130,130,130,no,none,n/a,critical_file,strictly_before,n/a,strictly_before,  const groupAllowFrom = firstDefined(
entry-00216,1,4,src/line/bot-handlers.ts,135,135,135,no,after_critical,ambiguous,critical_file,overlapping,n/a,overlapping,  const effectiveGroupAllow = normalizeAllowFromWithStore({
entry-00216,1,5,src/line/bot-access.ts,30,30,30,no,none,n/a,cross_file,n/a (cross-file),n/a,n/a,export const normalizeAllowFromWithStore = (params: {
entry-00216,1,6,src/channels/allow-from.ts,1,1,1,no,none,n/a,cross_file,n/a (cross-file),n/a,n/a,export function mergeAllowFromSources(params: {
entry-00216,1,7,src/line/bot-handlers.ts,182,182,182,no,after_critical,clear,critical_file,strictly_after,n/a,strictly_after,"      if (!isSenderAllowed({ allow: effectiveGroupAllow, senderId })) {"
entry-00217,1,0,extensions/mattermost/src/mattermost/monitor.ts,360,360,360,no,none,n/a,critical_file,strictly_before,n/a,strictly_before,  const handlePost = async (
entry-00217,1,1,extensions/mattermost/src/mattermost/monitor.ts,402,402,402,no,none,n/a,critical_file,strictly_before,n/a,strictly_before,"    const dmPolicy = account.config.dmPolicy ?? ""pairing"";"
entry-00217,1,2,extensions/mattermost/src/mattermost/monitor.ts,405,405,405,no,none,n/a,critical_file,strictly_before,n/a,strictly_before,    const storeAllowFrom = normalizeAllowList(
entry-00217,1,3,extensions/mattermost/src/mattermost/monitor.ts,410,410,410,no,none,n/a,critical_file,strictly_before,n/a,strictly_before,"    const effectiveAllowFrom = Array.from(new Set([...configAllowFrom, ...storeAllowFrom]));"
entry-00217,1,4,extensions/mattermost/src/mattermost/monitor.ts,411,411,411,no,after_critical,ambiguous,critical_file,overlapping,n/a,overlapping,    const effectiveGroupAllowFrom = Array.from(
entry-00217,1,5,extensions/mattermost/src/mattermost/monitor.ts,492,492,492,no,after_critical,clear,critical_file,strictly_after,n/a,strictly_after,"      if (groupPolicy === ""allowlist"") {"
entry-00218,1,0,src/telegram/bot-access.ts,56,56,56,no,none,n/a,cross_file,n/a (cross-file),n/a,n/a,export const normalizeAllowFromWithStore = (params: {
entry-00218,1,1,src/telegram/bot-access.ts,1,1,1,no,none,n/a,cross_file,n/a (cross-file),n/a,n/a,"import { firstDefined, isSenderIdAllowed, mergeAllowFromSources } from ""../channels/allow-from.js"";"
entry-00218,1,2,src/channels/allow-from.ts,1,1,1,no,none,n/a,cross_file,n/a (cross-file),n/a,n/a,export function mergeAllowFromSources(params: {
entry-00219,1,0,src/gateway/server-http.ts,183,183,183,no,before_entry,ambiguous,entry_file,overlapping,overlapping,n/a,  if (!isProtectedPluginRoutePath(params.requestPath)) {
entry-00219,1,1,src/gateway/server-http.ts,530,530,530,no,none,n/a,entry_file,strictly_after,strictly_after,n/a,      if (handlePluginRequest) {
entry-00219,1,2,src/gateway/security-path.ts,32,32,32,no,after_critical,clear,critical_file,strictly_after,n/a,strictly_after,    decoded = decodeURIComponent(pathname);
entry-00219,1,3,src/gateway/security-path.ts,43,43,43,no,after_critical,clear,critical_file,strictly_after,n/a,strictly_after,"export function isPathProtectedByPrefixes(pathname: string, prefixes: readonly string[]): boolean {"
entry-00219,1,4,src/gateway/security-path.ts,19,19,19,no,after_critical,ambiguous,critical_file,overlapping,n/a,overlapping,"function prefixMatch(pathname: string, prefix: string): boolean {"
entry-00220,1,0,src/gateway/server-http.ts,534,534,534,no,before_entry,ambiguous,entry_file,overlapping,overlapping,n/a,const pluginAuthOk = await enforcePluginRouteGatewayAuth({
entry-00220,1,1,src/gateway/security-path.ts,44,44,44,no,after_critical,clear,critical_file,strictly_after,n/a,strictly_after,const canonical = canonicalizePathForSecurity(pathname);
entry-00220,1,2,src/gateway/security-path.ts,37,37,37,no,after_critical,ambiguous,critical_file,overlapping,n/a,overlapping,"path: normalizePathSeparators(decoded.toLowerCase()) || ""/"","
entry-00221,1,0,src/gateway/server-http.ts,513,513,513,no,before_entry,ambiguous,entry_file,overlapping,overlapping,n/a,"const requestPath = new URL(req.url ?? ""/"", ""http://localhost"").pathname;"
entry-00221,1,1,src/gateway/security-path.ts,49,49,49,no,after_critical,ambiguous,critical_file,overlapping,n/a,overlapping,  if (!canonical.malformedEncoding) {
entry-00222,1,0,scripts/sandbox-browser-entrypoint.sh,11,11,11,no,before_entry,clear,both,strictly_before,strictly_before,strictly_before,"NOVNC_PORT=""${OPENCLAW_BROWSER_NOVNC_PORT:-${CLAWDBOT_BROWSER_NOVNC_PORT:-6080}}"""
entry-00222,1,1,scripts/sandbox-browser-entrypoint.sh,12,12,12,no,before_entry,clear,both,strictly_before,strictly_before,strictly_before,"ENABLE_NOVNC=""${OPENCLAW_BROWSER_ENABLE_NOVNC:-${CLAWDBOT_BROWSER_ENABLE_NOVNC:-1}}"""
entry-00222,1,2,scripts/sandbox-browser-entrypoint.sh,69,69,69,no,none,ambiguous,both,"ep=overlapping,co=strictly_before",overlapping,strictly_before,"if [[ ""${ENABLE_NOVNC}"" == ""1"" && ""${HEADLESS}"" != ""1"" ]]; then"
entry-00222,1,3,scripts/sandbox-browser-entrypoint.sh,70,70,70,no,none,ambiguous,both,"ep=strictly_after,co=overlapping",strictly_after,overlapping,"  x11vnc -display :1 -rfbport ""${VNC_PORT}"" -shared -forever -nopw -localhost &"
entry-00222,1,4,scripts/sandbox-browser-entrypoint.sh,71,71,71,no,after_critical,clear,both,strictly_after,strictly_after,strictly_after,"  websockify --web /usr/share/novnc/ ""${NOVNC_PORT}"" ""localhost:${VNC_PORT}"" &"
entry-00222,1,5,src/agents/sandbox/browser.ts,204,204,204,no,none,n/a,cross_file,n/a (cross-file),n/a,n/a,    if (params.cfg.browser.enableNoVnc && !params.cfg.browser.headless) {
entry-00222,1,6,src/agents/sandbox/browser.ts,325,325,325,no,none,n/a,cross_file,n/a (cross-file),n/a,n/a,  const noVncUrl =
entry-00223,1,0,src/agents/sandbox/browser.ts,99,99,99,no,before_entry,ambiguous,entry_file,overlapping,overlapping,n/a,export async function ensureSandboxBrowser(params: {
entry-00223,1,1,src/agents/sandbox/browser.ts,326,326,326,no,none,n/a,entry_file,strictly_after,strictly_after,n/a,    mappedNoVnc && params.cfg.browser.enableNoVnc && !params.cfg.browser.headless
entry-00223,1,2,src/agents/sandbox/browser.ts,332,332,332,no,none,n/a,entry_file,strictly_after,strictly_after,n/a,"    noVncUrl,"
entry-00223,1,3,src/agents/pi-embedded-runner/sandbox-info.ts,20,20,20,no,none,n/a,cross_file,n/a (cross-file),n/a,n/a,"    browserNoVncUrl: sandbox.browser?.noVncUrl,"
entry-00223,1,4,src/agents/system-prompt.ts,531-533,531,533,no,after_critical,ambiguous,critical_file,overlapping,n/a,overlapping,"          params.sandboxInfo.browserNoVncUrl
            ? `Sandbox browser observer (noVNC): ${sani"
entry-00224,1,0,src/gateway/server-http.ts,426,426,426,no,none,ambiguous,both,"ep=overlapping,co=strictly_before",overlapping,strictly_before,"      const requestPath = new URL(req.url ?? ""/"", ""http://localhost"").pathname;"
entry-00224,1,1,src/gateway/security-path.ts,125,125,125,no,none,n/a,cross_file,n/a (cross-file),n/a,n/a,export function isProtectedPluginRoutePath(pathname: string): boolean {
entry-00224,1,2,src/gateway/security-path.ts,107,107,107,no,none,n/a,cross_file,n/a (cross-file),n/a,n/a,"export function isPathProtectedByPrefixes(pathname: string, prefixes: readonly string[]): boolean {"
entry-00224,1,3,src/gateway/security-path.ts,84,84,84,no,none,n/a,cross_file,n/a (cross-file),n/a,n/a,export function canonicalizePathForSecurity(pathname: string): SecurityPathCanonicalization {
entry-00224,1,4,src/gateway/security-path.ts,8,8,8,no,none,n/a,cross_file,n/a (cross-file),n/a,n/a,const MAX_PATH_DECODE_PASSES = 3;
entry-00224,1,5,src/gateway/security-path.ts,53,53,53,no,none,n/a,cross_file,n/a (cross-file),n/a,n/a,  for (let pass = 0; pass < maxDecodePasses; pass++) {
entry-00224,1,6,src/gateway/security-path.ts,107,107,107,yes,none,n/a,cross_file,n/a (cross-file),n/a,n/a,"export function isPathProtectedByPrefixes(pathname: string, prefixes: readonly string[]): boolean {"
entry-00224,1,7,src/gateway/server-http.ts,514,514,514,no,none,ambiguous,both,"ep=strictly_after,co=overlapping",strictly_after,overlapping,        if ((shouldEnforcePluginGatewayAuth ?? isProtectedPluginRoutePath)(requestPath)) {
entry-00225,1,0,src/gateway/server-http.ts,513,513,513,no,before_entry,ambiguous,entry_file,overlapping,overlapping,n/a,      if (handlePluginRequest) {
entry-00225,1,1,src/gateway/server/plugins-http.ts,35,35,35,no,after_critical,ambiguous,critical_file,overlapping,n/a,overlapping,export function shouldEnforceGatewayAuthForPluginPath(
entry-00226,1,0,src/infra/archive.ts,526,526,526,no,after_critical,ambiguous,both,strictly_after,overlapping,strictly_after,export async function extractArchive(params: {
entry-00226,1,1,src/infra/archive.ts,439,439,439,no,before_entry,ambiguous,both,strictly_before,strictly_before,strictly_after,    await prepareZipOutputPath({
entry-00226,1,2,src/infra/archive.ts,352,352,352,no,before_entry,ambiguous,both,strictly_before,strictly_before,strictly_after,  await assertNoSymlinkTraversal({
entry-00226,1,3,src/infra/archive.ts,370,370,370,no,before_entry,ambiguous,both,strictly_before,strictly_before,strictly_after,  await assertResolvedInsideDestination({
entry-00226,1,4,src/infra/archive.ts,451,451,451,no,before_entry,ambiguous,both,strictly_before,strictly_before,strictly_after,    await writeZipFileEntry({
entry-00226,1,5,src/infra/archive.ts,382,382,382,no,before_entry,ambiguous,both,strictly_before,strictly_before,strictly_after,"  const handle = await openZipOutputFile(params.outPath, params.entry.name);"
entry-00226,1,6,src/infra/archive.ts,280,280,280,no,before_entry,ambiguous,both,strictly_before,strictly_before,overlapping,"    return await fs.open(outPath, OPEN_WRITE_FLAGS, 0o666);"
entry-00227,1,0,src/agents/tools/sessions-spawn-tool.ts,60,60,60,no,none,ambiguous,both,"ep=overlapping,co=strictly_before",overlapping,strictly_before,export function createSessionsSpawnTool(opts?: {
entry-00227,1,1,src/agents/tools/sessions-spawn-tool.ts,121,121,121,no,none,ambiguous,both,"ep=strictly_after,co=strictly_before",strictly_after,strictly_before,"      if (runtime === ""acp"") {"
entry-00227,1,2,src/agents/acp-spawn.ts,48,48,48,no,none,n/a,cross_file,n/a (cross-file),n/a,n/a,export type SpawnAcpContext = {
entry-00227,1,3,src/agents/acp-spawn.ts,220,220,220,no,none,n/a,cross_file,n/a (cross-file),n/a,n/a,export async function spawnAcpDirect(
entry-00227,1,4,src/agents/tools/sessions-spawn-tool.ts,129,129,129,no,none,ambiguous,both,"ep=strictly_after,co=overlapping",strictly_after,overlapping,        const result = await spawnAcpDirect(
entry-00228,1,0,src/agents/subagent-spawn.ts,493,493,493,no,before_entry,ambiguous,entry_file,overlapping,overlapping,n/a,  let childSystemPrompt = buildSubagentSystemPrompt({
entry-00228,1,1,src/agents/system-prompt.ts,235,235,235,no,none,n/a,critical_file,strictly_before,n/a,strictly_before,  const acpEnabled = params.acpEnabled !== false;
entry-00228,1,2,src/agents/system-prompt.ts,446,446,446,no,after_critical,ambiguous,critical_file,overlapping,n/a,overlapping,    ...(hasSessionsSpawn && acpEnabled
entry-00229,1,0,src/agents/pi-tools.ts,302,302,302,no,none,n/a,cross_file,n/a (cross-file),n/a,n/a,  const applyPatchWorkspaceOnly = workspaceOnly || applyPatchConfig?.workspaceOnly !== false;
entry-00229,1,1,src/agents/pi-tools.ts,405,405,405,no,none,n/a,cross_file,n/a (cross-file),n/a,n/a,"  const applyPatchTool =
    !applyPatchEnabled || (sandboxRoot && !allowWorkspaceWrites)
      ? nu"
entry-00229,1,2,src/agents/apply-patch.ts,105,105,105,no,none,ambiguous,both,"ep=strictly_after,co=strictly_before",strictly_after,strictly_before,"      const result = await applyPatch(input, {
        cwd,
        sandbox,
        workspaceOnly,
"
entry-00229,1,3,src/agents/apply-patch.ts,139,139,139,no,none,ambiguous,both,"ep=strictly_after,co=strictly_before",strictly_after,strictly_before,  const fileOps = resolvePatchFileOps(options);
entry-00229,1,4,src/agents/apply-patch.ts,149,149,149,no,none,ambiguous,both,"ep=strictly_after,co=strictly_before",strictly_after,strictly_before,"      const target = await resolvePatchPath(hunk.path, options);
      await ensureDir(target.resolv"
entry-00229,1,5,src/agents/apply-patch.ts,253,253,253,no,none,ambiguous,both,"ep=strictly_after,co=strictly_before",strictly_after,strictly_before,"async function resolvePatchPath(
  filePath: string,
  options: ApplyPatchOptions,
  purpose: ""readW"
entry-00230,1,0,src/agents/apply-patch.ts,81,81,81,no,none,ambiguous,both,"ep=overlapping,co=strictly_before",overlapping,strictly_before,"  options: { cwd?: string; sandbox?: SandboxApplyPatchConfig; workspaceOnly?: boolean } = {},"
entry-00230,1,1,src/agents/apply-patch.ts,120,120,120,no,none,ambiguous,both,"ep=strictly_after,co=strictly_before",strictly_after,strictly_before,export async function applyPatch(
entry-00230,1,2,src/agents/apply-patch.ts,156,156,156,no,none,ambiguous,both,"ep=strictly_after,co=overlapping",strictly_after,overlapping,"    if (hunk.kind === ""delete"") {"
entry-00231,1,0,src/config/env-vars.ts,12,12,12,no,before_entry,ambiguous,entry_file,overlapping,overlapping,n/a,"    for (const [key, value] of Object.entries(envConfig.vars)) {"
entry-00231,1,1,src/commands/daemon-install-helpers.ts,69-72,69,72,no,none,n/a,cross_file,n/a (cross-file),n/a,n/a,"  const environment: Record<string, string | undefined> = {
    ...collectConfigEnvVars(params.confi"
entry-00231,1,2,src/commands/daemon-install-helpers.ts,74,74,74,no,none,n/a,cross_file,n/a (cross-file),n/a,n/a,"  return { programArguments, workingDirectory, environment };"
entry-00231,1,3,src/cli/daemon-cli/install.ts,168-173,168,173,no,none,n/a,cross_file,n/a (cross-file),n/a,n/a,"      await service.install({
        env: process.env,
        stdout,
        programArguments,
  "
entry-00231,1,4,src/daemon/schtasks.ts,189-194,189,194,no,after_critical,clear,critical_file,strictly_after,n/a,strictly_after,"  const script = buildTaskScript({
    description: taskDescription,
    programArguments,
    worki"
entry-00231,1,5,src/daemon/schtasks.ts,160,160,160,no,after_critical,ambiguous,critical_file,overlapping,n/a,overlapping,      lines.push(`set ${key}=${value}`);
entry-00232,1,0,src/agents/bash-tools.exec.ts,205,205,205,no,before_entry,ambiguous,entry_file,overlapping,overlapping,n/a,"    execute: async (_toolCallId, args, signal, onUpdate) => {"
entry-00232,1,1,src/agents/bash-tools.exec.ts,418,418,418,no,none,n/a,entry_file,strictly_after,strictly_after,n/a,        const gatewayResult = await processGatewayAllowlist({
entry-00232,1,2,src/agents/bash-tools.exec-host-gateway.ts,72,72,72,no,none,n/a,cross_file,n/a (cross-file),n/a,n/a,  const allowlistEval = evaluateShellAllowlist({
entry-00232,1,3,src/infra/exec-approvals-allowlist.ts,134,134,134,no,none,n/a,cross_file,n/a (cross-file),n/a,n/a,    const safe = isSafeBinUsage({
entry-00232,1,4,src/infra/exec-approvals-allowlist.ts,92,92,92,no,none,n/a,cross_file,n/a (cross-file),n/a,n/a,"  return validateSafeBinArgv(argv, profile);"
entry-00232,1,5,src/infra/exec-safe-bin-policy.ts,394,394,394,no,after_critical,clear,critical_file,strictly_after,n/a,strictly_after,      const nextIndex = consumeLongOptionToken(
entry-00232,1,6,src/infra/exec-safe-bin-policy.ts,304,304,304,no,after_critical,ambiguous,critical_file,overlapping,n/a,overlapping,  if (deniedFlags.has(flag)) {
entry-00233,1,0,apps/macos/Sources/OpenClaw/ExecApprovalsSocket.swift,765,765,765,no,none,n/a,entry_file,strictly_after,strictly_after,n/a,        let response = await self.onExec(payload)
entry-00233,1,1,apps/macos/Sources/OpenClaw/ExecApprovalsSocket.swift,355,355,355,no,none,n/a,entry_file,strictly_after,strictly_after,n/a,    static func handle(_ request: ExecHostRequest) async -> ExecHostResponse {
entry-00233,1,2,apps/macos/Sources/OpenClaw/ExecApprovalsSocket.swift,454,454,454,no,none,n/a,entry_file,strictly_after,strictly_after,n/a,"    private static func buildContext(request: ExecHostRequest, command: [String]) async -> ExecAppro"
entry-00233,1,3,apps/macos/Sources/OpenClaw/ExecApprovalEvaluation.swift,33,33,33,no,none,n/a,cross_file,n/a (cross-file),n/a,n/a,        let allowlistResolutions = ExecCommandResolution.resolveForAllowlist(
entry-00233,1,4,apps/macos/Sources/OpenClaw/ExecCommandResolution.swift,28,28,28,no,none,n/a,critical_file,strictly_before,n/a,strictly_before,"        let shell = self.extractShellCommandFromArgv(command: command, rawCommand: rawCommand)"
entry-00233,1,5,apps/macos/Sources/OpenClaw/ExecCommandResolution.swift,145,145,145,no,none,n/a,critical_file,strictly_before,n/a,strictly_before,    private static func splitShellCommandChain(_ command: String) -> [String]? {
entry-00233,1,6,apps/macos/Sources/OpenClaw/ExecCommandResolution.swift,190,190,190,no,none,n/a,critical_file,strictly_before,n/a,strictly_before,"            if ch == ""\"""", !inSingle {"
entry-00233,1,7,apps/macos/Sources/OpenClaw/ExecCommandResolution.swift,197,197,197,no,after_critical,ambiguous,critical_file,overlapping,n/a,overlapping,"            if !inSingle, !inDouble {"
entry-00233,1,8,apps/macos/Sources/OpenClaw/ExecApprovalEvaluation.swift,38,38,38,no,none,n/a,cross_file,n/a (cross-file),n/a,n/a,        let allowlistMatches = security == .allowlist
entry-00233,1,9,apps/macos/Sources/OpenClaw/ExecApprovalsSocket.swift,447,447,447,no,none,n/a,entry_file,strictly_after,strictly_after,n/a,        return await self.runCommand(
entry-00240,1,0,src/infra/exec-approvals-analysis.ts,87,87,87,no,none,n/a,entry_file,strictly_after,strictly_after,n/a,  for (const entry of entries) {
entry-00240,1,1,src/infra/exec-approvals-analysis.ts,107,107,107,no,none,n/a,entry_file,strictly_after,strictly_after,n/a,"  const resolvedPath = resolveExecutablePath(rawExecutable, cwd, env);"
entry-00240,1,2,src/infra/exec-approvals-allowlist.ts,80,80,80,no,none,n/a,critical_file,strictly_before,n/a,strictly_before,  const execName = resolution?.executableName?.toLowerCase();
entry-00240,1,3,src/infra/exec-approvals-allowlist.ts,84,84,84,no,after_critical,ambiguous,critical_file,overlapping,n/a,overlapping,  const matchesSafeBin =
entry-00240,1,4,src/infra/exec-approvals-allowlist.ts,90,90,90,no,after_critical,clear,critical_file,strictly_after,n/a,strictly_after,  if (!resolution?.resolvedPath) {
entry-00240,1,5,src/infra/exec-approvals-allowlist.ts,127,127,127,no,after_critical,clear,critical_file,strictly_after,n/a,strictly_after,  return true;
entry-00240,1,6,src/agents/bash-tools.exec.ts,707,707,707,no,none,n/a,cross_file,n/a (cross-file),n/a,n/a,        const allowlistEval = evaluateShellAllowlist({
entry-00240,1,7,src/agents/bash-tools.exec.ts,907,907,907,no,none,n/a,cross_file,n/a (cross-file),n/a,n/a,"        if (hostSecurity === ""allowlist"" && (!analysisOk || !allowlistSatisfied)) {"
entry-00241,0,0,scripts/e2e/Dockerfile,1,1,1,no,none,ambiguous,both,"ep=overlapping,co=strictly_before",overlapping,strictly_before,FROM node:22-bookworm
entry-00241,0,1,scripts/e2e/Dockerfile,3,3,3,no,none,ambiguous,both,"ep=strictly_after,co=strictly_before",strictly_after,strictly_before,RUN corepack enable
entry-00241,0,2,scripts/e2e/Dockerfile,5,5,5,no,none,ambiguous,both,"ep=strictly_after,co=strictly_before",strictly_after,strictly_before,WORKDIR /app
entry-00241,0,3,scripts/e2e/Dockerfile,19,19,19,no,none,ambiguous,both,"ep=strictly_after,co=strictly_before",strictly_after,strictly_before,RUN pnpm install --frozen-lockfile
entry-00241,0,4,scripts/e2e/Dockerfile,20,20,20,no,none,ambiguous,both,"ep=strictly_after,co=strictly_before",strictly_after,strictly_before,RUN pnpm build
entry-00241,0,5,scripts/e2e/Dockerfile,21,21,21,no,none,ambiguous,both,"ep=strictly_after,co=strictly_before",strictly_after,strictly_before,RUN pnpm ui:build
entry-00241,0,6,scripts/e2e/Dockerfile,23,23,23,no,none,ambiguous,both,"ep=strictly_after,co=overlapping",strictly_after,overlapping,"CMD [""bash""]"
entry-00242,0,0,scripts/e2e/Dockerfile.qr-import,1,1,1,no,none,ambiguous,both,"ep=overlapping,co=strictly_before",overlapping,strictly_before,FROM node:22-bookworm
entry-00242,0,1,scripts/e2e/Dockerfile.qr-import,3,3,3,no,none,ambiguous,both,"ep=strictly_after,co=strictly_before",strictly_after,strictly_before,RUN corepack enable
entry-00242,0,2,scripts/e2e/Dockerfile.qr-import,5,5,5,no,none,ambiguous,both,"ep=strictly_after,co=strictly_before",strictly_after,strictly_before,WORKDIR /app
entry-00242,0,3,scripts/e2e/Dockerfile.qr-import,7,7,7,no,none,ambiguous,both,"ep=strictly_after,co=strictly_before",strictly_after,strictly_before,COPY . .
entry-00242,0,4,scripts/e2e/Dockerfile.qr-import,9,9,9,no,none,ambiguous,both,"ep=strictly_after,co=overlapping",strictly_after,overlapping,RUN pnpm install --frozen-lockfile
entry-00243,0,0,scripts/docker/install-sh-e2e/Dockerfile,1,1,1,no,none,ambiguous,both,"ep=overlapping,co=strictly_before",overlapping,strictly_before,FROM node:22-bookworm-slim
entry-00243,0,1,scripts/docker/install-sh-e2e/Dockerfile,3,3,3,no,none,ambiguous,both,"ep=strictly_after,co=strictly_before",strictly_after,strictly_before,RUN apt-get update \
entry-00243,0,2,scripts/docker/install-sh-e2e/Dockerfile,11,11,11,no,none,ambiguous,both,"ep=strictly_after,co=strictly_before",strictly_after,strictly_before,COPY run.sh /usr/local/bin/openclaw-install-e2e
entry-00243,0,3,scripts/docker/install-sh-e2e/Dockerfile,12,12,12,no,none,ambiguous,both,"ep=strictly_after,co=strictly_before",strictly_after,strictly_before,RUN chmod +x /usr/local/bin/openclaw-install-e2e
entry-00243,0,4,scripts/docker/install-sh-e2e/Dockerfile,14,14,14,no,none,ambiguous,both,"ep=strictly_after,co=overlapping",strictly_after,overlapping,"ENTRYPOINT [""/usr/local/bin/openclaw-install-e2e""]"
entry-00244,0,0,scripts/docker/install-sh-nonroot/Dockerfile,1,1,1,no,none,ambiguous,both,"ep=overlapping,co=strictly_before",overlapping,strictly_before,FROM ubuntu:24.04
entry-00244,0,1,scripts/docker/install-sh-nonroot/Dockerfile,3,3,3,no,none,ambiguous,both,"ep=strictly_after,co=strictly_before",strictly_after,strictly_before,RUN set -eux; \
entry-00244,0,2,scripts/docker/install-sh-nonroot/Dockerfile,17,17,17,no,none,ambiguous,both,"ep=strictly_after,co=strictly_before",strictly_after,strictly_before,RUN useradd -m -s /bin/bash app \
entry-00244,0,3,scripts/docker/install-sh-nonroot/Dockerfile,18,18,18,no,none,ambiguous,both,"ep=strictly_after,co=strictly_before",strictly_after,strictly_before,"  && echo ""app ALL=(ALL) NOPASSWD:ALL"" > /etc/sudoers.d/app"
entry-00244,0,4,scripts/docker/install-sh-nonroot/Dockerfile,20,20,20,no,none,ambiguous,both,"ep=strictly_after,co=strictly_before",strictly_after,strictly_before,USER app
entry-00244,0,5,scripts/docker/install-sh-nonroot/Dockerfile,27,27,27,no,none,ambiguous,both,"ep=strictly_after,co=strictly_before",strictly_after,strictly_before,RUN sudo chmod +x /usr/local/bin/openclaw-install-nonroot
entry-00244,0,6,scripts/docker/install-sh-nonroot/Dockerfile,29,29,29,no,none,ambiguous,both,"ep=strictly_after,co=overlapping",strictly_after,overlapping,"ENTRYPOINT [""/usr/local/bin/openclaw-install-nonroot""]"
entry-00245,1,0,src/node-host/invoke-system-run.ts,313,313,313,no,none,n/a,entry_file,strictly_after,strictly_after,n/a,  const bins = autoAllowSkills ? await opts.skillBins.current() : new Set<string>();
entry-00245,1,1,src/node-host/invoke-system-run.ts,138,138,138,no,before_entry,clear,entry_file,strictly_before,strictly_before,n/a,function evaluateSystemRunAllowlist(params: {
entry-00245,1,2,src/infra/exec-approvals-allowlist.ts,108,108,108,no,none,n/a,critical_file,strictly_before,n/a,strictly_before,function evaluateSegments(
entry-00245,1,3,src/infra/exec-approvals-allowlist.ts,155,155,155,no,none,n/a,critical_file,strictly_before,n/a,strictly_before,"    const rawExecutable = segment.resolution?.rawExecutable?.trim() ?? """";"
entry-00245,1,4,src/infra/exec-command-resolution.ts,110,110,110,no,none,n/a,cross_file,n/a (cross-file),n/a,n/a,export function resolveCommandResolutionFromArgv(
entry-00245,1,5,src/infra/exec-approvals-allowlist.ts,166,166,166,no,after_critical,clear,critical_file,strictly_after,n/a,strictly_after,      skillAllow = Boolean(params.skillBins?.has(executableName));
entry-00245,1,6,src/infra/exec-approvals-allowlist.ts,168,168,168,no,after_critical,clear,critical_file,strictly_after,n/a,strictly_after,    const by: ExecSegmentSatisfiedBy = match
entry-00245,1,7,src/node-host/exec-policy.ts,85,85,85,no,none,n/a,cross_file,n/a (cross-file),n/a,n/a,  const requiresAsk = requiresExecApproval({
entry-00245,1,8,src/node-host/invoke-system-run.ts,465,465,465,no,none,n/a,entry_file,strictly_after,strictly_after,n/a,  const result = await opts.runCommand(
entry-00246,1,0,src/node-host/invoke-system-run.ts,304,304,304,no,none,n/a,entry_file,strictly_after,strictly_after,n/a,const envOverrides = sanitizeSystemRunEnvOverrides({
entry-00246,1,1,src/infra/exec-command-resolution.ts,51,51,51,no,none,n/a,cross_file,n/a (cross-file),n/a,n/a,"function resolveExecutablePath(rawExecutable: string, cwd?: string, env?: NodeJS.ProcessEnv) {"
entry-00246,1,2,src/infra/exec-command-resolution.ts,121,121,121,no,none,n/a,cross_file,n/a (cross-file),n/a,n/a,"const resolvedPath = resolveExecutablePath(rawExecutable, cwd, env);"
entry-00246,1,3,src/infra/exec-approvals-allowlist.ts,166,166,166,no,after_critical,clear,critical_file,strictly_after,n/a,strictly_after,skillAllow = Boolean(params.skillBins?.has(executableName));
entry-00246,1,4,src/node-host/invoke-system-run.ts,465,465,465,no,none,n/a,entry_file,strictly_after,strictly_after,n/a,const result = await opts.runCommand(
entry-00247,1,0,src/node-host/invoke-system-run.ts,313,313,313,no,none,n/a,entry_file,strictly_after,strictly_after,n/a,const bins = autoAllowSkills ? await opts.skillBins.current() : new Set<string>();
entry-00247,1,1,src/node-host/invoke-system-run.ts,138,138,138,no,before_entry,clear,entry_file,strictly_before,strictly_before,n/a,function evaluateSystemRunAllowlist(params: {
entry-00247,1,2,src/infra/exec-approvals-allowlist.ts,108,108,108,no,none,n/a,critical_file,strictly_before,n/a,strictly_before,function evaluateSegments(
entry-00247,1,3,src/infra/exec-approvals-allowlist.ts,155,155,155,no,none,n/a,critical_file,strictly_before,n/a,strictly_before,"const rawExecutable = segment.resolution?.rawExecutable?.trim() ?? """";"
entry-00247,1,4,src/infra/exec-command-resolution.ts,110,110,110,no,none,n/a,cross_file,n/a (cross-file),n/a,n/a,export function resolveCommandResolutionFromArgv(
entry-00247,1,5,src/infra/exec-approvals-allowlist.ts,166,166,166,no,after_critical,clear,critical_file,strictly_after,n/a,strictly_after,skillAllow = Boolean(params.skillBins?.has(executableName));
entry-00247,1,6,src/infra/exec-approvals-allowlist.ts,168,168,168,no,after_critical,clear,critical_file,strictly_after,n/a,strictly_after,const by: ExecSegmentSatisfiedBy = match
entry-00247,1,7,src/node-host/exec-policy.ts,85,85,85,no,none,n/a,cross_file,n/a (cross-file),n/a,n/a,const requiresAsk = requiresExecApproval({
entry-00247,1,8,src/node-host/invoke-system-run.ts,465,465,465,no,none,n/a,entry_file,strictly_after,strictly_after,n/a,const result = await opts.runCommand(
entry-00248,1,0,src/node-host/invoke-system-run.ts,304,304,304,no,none,n/a,entry_file,strictly_after,strictly_after,n/a,"  const envOverrides = sanitizeSystemRunEnvOverrides({
    overrides: opts.params.env ?? undefined,
"
entry-00248,1,1,src/infra/exec-command-resolution.ts,51,51,51,no,none,n/a,cross_file,n/a (cross-file),n/a,n/a,"function resolveExecutablePath(rawExecutable: string, cwd?: string, env?: NodeJS.ProcessEnv) {
  con"
entry-00248,1,2,src/infra/exec-command-resolution.ts,121,121,121,no,none,n/a,cross_file,n/a (cross-file),n/a,n/a,"  const resolvedPath = resolveExecutablePath(rawExecutable, cwd, env);
  const executableName = reso"
entry-00248,1,3,src/infra/exec-approvals-allowlist.ts,166,166,166,no,after_critical,clear,critical_file,strictly_after,n/a,strictly_after,      skillAllow = Boolean(params.skillBins?.has(executableName));
entry-00248,1,4,src/node-host/invoke-system-run.ts,465,465,465,no,none,n/a,entry_file,strictly_after,strictly_after,n/a,"  const result = await opts.runCommand(
    execArgv,
    opts.params.cwd?.trim() || undefined,
    "
entry-00249,1,0,src/infra/system-run-command.ts,152,152,152,no,none,n/a,cross_file,n/a (cross-file),n/a,n/a,  const argv = command.map((v) => String(v));
entry-00249,1,1,src/infra/system-run-command.ts,101,101,101,no,none,n/a,cross_file,n/a (cross-file),n/a,n/a,  const shellCommand = extractShellCommandFromArgv(params.argv);
entry-00249,1,2,src/infra/exec-approvals-analysis.ts,104,104,104,no,none,n/a,cross_file,n/a (cross-file),n/a,n/a,  const rawExecutable = argv[0]?.trim();
entry-00249,1,3,src/infra/exec-approvals-analysis.ts,108,108,108,no,none,n/a,cross_file,n/a (cross-file),n/a,n/a,"  const resolvedPath = resolveExecutablePath(rawExecutable, cwd, env);"
entry-00249,1,4,src/infra/exec-approvals-analysis.ts,201,201,201,no,none,n/a,cross_file,n/a (cross-file),n/a,n/a,export function matchAllowlist(
entry-00250,1,0,apps/macos/Sources/OpenClaw/ExecCommandResolution.swift,60,60,60,no,after_critical,clear,both,strictly_after,strictly_after,strictly_after,"        return self.resolveExecutable(rawExecutable: raw, cwd: cwd, env: env)"
entry-00250,1,1,apps/macos/Sources/OpenClaw/ExecCommandResolution.swift,122,122,122,no,after_critical,clear,both,strictly_after,strictly_after,strictly_after,"        if [""sh"", ""bash"", ""zsh"", ""dash"", ""ksh""].contains(base0) {"
entry-00251,1,0,src/auto-reply/command-auth.ts,226,226,226,no,none,ambiguous,both,"ep=strictly_after,co=strictly_before",strictly_after,strictly_before,"  const from = (ctx.From ?? """").trim();"
entry-00251,1,1,src/auto-reply/command-auth.ts,290,290,290,no,none,ambiguous,both,"ep=strictly_after,co=strictly_before",strictly_after,strictly_before,  const senderCandidates = resolveSenderCandidates({
entry-00251,1,2,src/auto-reply/command-auth.ts,204,204,204,no,before_entry,clear,both,strictly_before,strictly_before,strictly_before,  pushCandidate(params.from);
entry-00251,1,3,src/auto-reply/command-auth.ts,325,325,325,no,none,ambiguous,both,"ep=strictly_after,co=strictly_before",strictly_after,strictly_before,      ? senderCandidates.find((candidate) => commandsAllowFromList.includes(candidate))
entry-00251,1,4,src/auto-reply/command-auth.ts,328,328,328,no,none,ambiguous,both,"ep=strictly_after,co=overlapping",strictly_after,overlapping,    isAuthorizedSender = commandsAllowAll || Boolean(matchedCommandsAllowFrom);
entry-00252,1,0,src/auto-reply/command-auth.ts,197,197,197,no,before_entry,clear,both,strictly_before,strictly_before,strictly_before,"if (params.providerId === ""whatsapp"") {"
entry-00252,1,1,src/auto-reply/command-auth.ts,204,204,204,no,before_entry,clear,both,strictly_before,strictly_before,strictly_before,pushCandidate(params.from);
entry-00252,1,2,src/auto-reply/command-auth.ts,325,325,325,no,none,ambiguous,both,"ep=strictly_after,co=strictly_before",strictly_after,strictly_before,    const matchedCommandsAllowFrom = commandsAllowFromList.length
entry-00253,1,0,src/slack/monitor/events/interactions.ts,518,518,518,no,none,ambiguous,both,"ep=overlapping,co=strictly_before",overlapping,strictly_before,  ctx.app.action(
entry-00253,1,1,src/slack/monitor/events/interactions.ts,533,533,533,no,none,ambiguous,both,"ep=strictly_after,co=strictly_before",strictly_after,strictly_before,      await ack();
entry-00253,1,2,src/slack/monitor/events/interactions.ts,556,556,556,no,none,ambiguous,both,"ep=strictly_after,co=strictly_before",strictly_after,strictly_before,"      const userId = typedBody.user?.id ?? ""unknown"";"
entry-00253,1,3,src/slack/monitor/events/interactions.ts,557,557,557,no,none,ambiguous,both,"ep=strictly_after,co=strictly_before",strictly_after,strictly_before,      const channelId = typedBody.channel?.id ?? typedBody.container?.channel_id;
entry-00253,1,4,src/slack/monitor/events/interactions.ts,560,560,560,no,none,ambiguous,both,"ep=strictly_after,co=strictly_before",strictly_after,strictly_before,      const actionSummary = summarizeAction(typedAction);
entry-00253,1,5,src/slack/monitor/events/interactions.ts,561,561,561,no,none,ambiguous,both,"ep=strictly_after,co=strictly_before",strictly_after,strictly_before,      const eventPayload: InteractionSummary = {
entry-00253,1,6,src/slack/monitor/events/interactions.ts,591,591,591,no,none,ambiguous,both,"ep=strictly_after,co=overlapping",strictly_after,overlapping,"      enqueueSystemEvent(`Slack interaction: ${JSON.stringify(eventPayload)}`, {"
entry-00254,1,0,src/slack/monitor/events/interactions.ts,675-681,675,681,no,after_critical,ambiguous,both,strictly_after,overlapping,strictly_after,"  registerModalLifecycleHandler({
    register: (matcher, handler) => ctx.app.view(matcher, handler)"
entry-00254,1,1,src/slack/monitor/events/interactions.ts,452-461,452,461,no,before_entry,clear,both,strictly_before,strictly_before,strictly_before,"function emitSlackModalLifecycleEvent(params: {
  ctx: SlackMonitorContext;
  body: SlackModalBody;
"
entry-00254,1,2,src/slack/modal-metadata.ts,13,13,13,no,none,n/a,cross_file,n/a (cross-file),n/a,n/a,export function parseSlackModalPrivateMetadata(raw: unknown): SlackModalPrivateMetadata {
entry-00254,1,3,src/slack/monitor/events/interactions.ts,485,485,485,no,before_entry,ambiguous,both,strictly_before,strictly_before,overlapping,"  enqueueSystemEvent(`Slack interaction: ${JSON.stringify(eventPayload)}`, {"
entry-00255,1,0,src/slack/monitor/events/interactions.ts,693-699,693,699,no,after_critical,ambiguous,both,strictly_after,overlapping,strictly_after,"  registerModalLifecycleHandler({
    register: viewClosed,
    matcher: modalMatcher,
    ctx,
    "
entry-00255,1,1,src/slack/monitor/events/interactions.ts,462,462,462,no,before_entry,clear,both,strictly_before,strictly_before,strictly_before,"  const isViewClosed = params.interactionType === ""view_closed"";"
entry-00255,1,2,src/slack/monitor/events/interactions.ts,475-483,475,483,no,before_entry,clear,both,strictly_before,strictly_before,strictly_before,"  if (isViewClosed) {
    params.ctx.runtime.log?.(
      `slack:interaction view_closed callback=${"
entry-00255,1,3,src/slack/monitor/events/interactions.ts,486-488,486,488,no,before_entry,ambiguous,both,strictly_before,strictly_before,overlapping,"    sessionKey: sessionRouting.sessionKey,
    contextKey: [params.contextPrefix, callbackId, viewId"
entry-00256,1,0,src/gateway/server-http.ts,495,495,495,no,after_critical,ambiguous,both,strictly_after,overlapping,strictly_after,"  async function handleRequest(req: IncomingMessage, res: ServerResponse) {"
entry-00256,1,1,src/gateway/server-http.ts,568,568,568,no,after_critical,clear,both,strictly_after,strictly_after,strictly_after,        if (isCanvasPath(requestPath)) {
entry-00256,1,2,src/gateway/server-http.ts,569,569,569,no,after_critical,clear,both,strictly_after,strictly_after,strictly_after,          const ok = await authorizeCanvasRequest({
entry-00256,1,3,src/gateway/server-http.ts,527,527,527,no,after_critical,clear,both,strictly_after,strictly_after,strictly_after,          const token = getBearerToken(req);
entry-00256,1,4,src/gateway/server-http.ts,152,152,152,no,before_entry,clear,both,strictly_before,strictly_before,strictly_before,  const clientIp = resolveGatewayClientIp({
entry-00256,1,5,src/gateway/server-http.ts,165,165,165,no,before_entry,clear,both,strictly_before,strictly_before,strictly_before,  if (!isPrivateOrLoopbackAddress(clientIp)) {
entry-00256,1,6,src/gateway/server-http.ts,112,112,112,no,before_entry,clear,both,strictly_before,strictly_before,strictly_before,"function hasAuthorizedNodeWsClientForIp(clients: Set<GatewayWsClient>, clientIp: string): boolean {"
entry-00256,1,7,src/gateway/server-http.ts,172,172,172,no,before_entry,ambiguous,both,strictly_before,strictly_before,overlapping,"  if (hasAuthorizedNodeWsClientForIp(clients, clientIp)) {"
entry-00257,1,0,src/gateway/server-http.ts,631,631,631,no,after_critical,ambiguous,both,strictly_after,overlapping,strictly_after,"  httpServer.on(""upgrade"", (req, socket, head) => {"
entry-00257,1,1,src/gateway/server-http.ts,635,635,635,no,after_critical,clear,both,strictly_after,strictly_after,strictly_after,        if (url.pathname === CANVAS_WS_PATH) {
entry-00257,1,2,src/gateway/server-http.ts,638,638,638,no,after_critical,clear,both,strictly_after,strictly_after,strictly_after,          const ok = await authorizeCanvasRequest({
entry-00257,1,3,src/gateway/server-http.ts,137,137,137,no,before_entry,clear,both,strictly_before,strictly_before,strictly_before,  const token = getBearerToken(req);
entry-00257,1,4,src/gateway/server-http.ts,158,158,158,no,before_entry,clear,both,strictly_before,strictly_before,strictly_before,  if (!clientIp) {
entry-00257,1,5,src/gateway/server-http.ts,169,169,169,no,before_entry,clear,both,strictly_before,strictly_before,strictly_before,  if (hasProxyHeaders && !remoteIsTrustedProxy) {
entry-00257,1,6,src/gateway/server-http.ts,173,173,173,no,before_entry,ambiguous,both,strictly_before,strictly_before,overlapping,    return { ok: true };
entry-00258,1,0,packages/server/src/index.ts,222-225,222,225,no,before_entry,ambiguous,entry_file,overlapping,overlapping,n/a,"            if (URL_CASE_INSENSITIVE_REGEX.test(req.path)) {
                // Step 2: Check if the"
entry-00258,1,1,packages/server/src/routes/index.ts,84,84,84,no,none,n/a,cross_file,n/a (cross-file),n/a,n/a,"router.use('/credentials', credentialsRouter)"
entry-00258,1,2,packages/server/src/routes/credentials/index.ts,14,14,14,no,none,n/a,cross_file,n/a (cross-file),n/a,n/a,"router.put(['/', '/:id'], checkAnyPermission('credentials:create,credentials:update'), credentialsCo"
entry-00258,1,3,packages/server/src/enterprise/rbac/PermissionCheck.ts,24-33,24,33,no,none,n/a,cross_file,n/a (cross-file),n/a,n/a,"export const checkAnyPermission = (permissionsString: string) => {
    return (req: Request, res: Re"
entry-00258,1,4,packages/server/src/controllers/credentials/index.ts,97-106,97,106,no,after_critical,ambiguous,critical_file,overlapping,n/a,overlapping,"        const workspaceId = req.user?.activeWorkspaceId
        if (!workspaceId) {
            thro"
entry-00259,1,0,packages/server/src/index.ts,321,321,321,no,before_entry,ambiguous,entry_file,overlapping,overlapping,n/a,"        this.app.use('/api/v1', flowiseApiV1Router)"
entry-00259,1,1,packages/server/src/routes/index.ts,93,93,93,no,none,n/a,cross_file,n/a (cross-file),n/a,n/a,"router.use('/internal-chatmessage', internalChatmessagesRouter)"
entry-00259,1,2,packages/server/src/routes/internal-chat-messages/index.ts,8,8,8,no,none,n/a,cross_file,n/a (cross-file),n/a,n/a,"router.get(['/', '/:id'], chatMessagesController.getAllInternalChatMessages)"
entry-00259,1,3,packages/server/src/controllers/chat-messages/index.ts,110,110,110,no,none,n/a,critical_file,strictly_before,n/a,strictly_before,"const getAllInternalChatMessages = async (req: Request, res: Response, next: NextFunction) => {"
entry-00259,1,4,packages/server/src/controllers/chat-messages/index.ts,125,125,125,no,after_critical,ambiguous,critical_file,overlapping,n/a,overlapping,        const apiResponse = await chatMessagesService.getAllInternalChatMessages(
entry-00260,1,0,packages/server/src/index.ts,229-230,229,230,no,before_entry,ambiguous,entry_file,overlapping,overlapping,n/a,"                    } else if (req.headers['x-request-from'] === 'internal') {
                     "
entry-00260,1,1,packages/server/src/enterprise/middleware/passport/index.ts,427,427,427,no,none,n/a,cross_file,n/a (cross-file),n/a,n/a,        req.user = user
entry-00260,1,2,packages/server/src/enterprise/rbac/PermissionCheck.ts,10,10,10,no,none,n/a,cross_file,n/a (cross-file),n/a,n/a,            if (user.isOrganizationAdmin) {
entry-00260,1,3,packages/server/src/routes/apikey/index.ts,7,7,7,no,none,n/a,cross_file,n/a (cross-file),n/a,n/a,"router.post('/', checkPermission('apikeys:create'), apikeyController.createApiKey)"
entry-00260,1,4,packages/server/src/controllers/apikey/index.ts,30,30,30,no,after_critical,ambiguous,critical_file,overlapping,n/a,overlapping,"        const apiResponse = await apikeyService.createApiKey(req.body.keyName, req.user?.activeWorks"
entry-00261,1,0,packages/server/src/index.ts,226,226,226,no,before_entry,ambiguous,entry_file,overlapping,overlapping,n/a,                    const isWhitelisted = whitelistURLs.some((url) => req.path.startsWith(url))
entry-00261,1,1,packages/server/src/enterprise/middleware/passport/index.ts,429,429,429,no,none,n/a,cross_file,n/a (cross-file),n/a,n/a,"    })(req, res, next)"
entry-00261,1,2,packages/server/src/routes/index.ts,94,94,94,no,none,n/a,cross_file,n/a (cross-file),n/a,n/a,"router.use('/internal-prediction', internalPredictionRouter)"
entry-00261,1,3,packages/server/src/controllers/internal-predictions/index.ts,49,49,49,no,after_critical,ambiguous,critical_file,overlapping,n/a,overlapping,"        const apiResponse = await utilBuildChatflow(req, true)"
entry-00262,1,0,packages/server/src/utils/constants.ts,25,25,25,no,none,n/a,cross_file,n/a (cross-file),n/a,n/a,"'/api/v1/attachments',"
entry-00262,1,1,packages/server/src/index.ts,226,226,226,no,none,n/a,cross_file,n/a (cross-file),n/a,n/a,const isWhitelisted = whitelistURLs.some((url) => req.path.startsWith(url))
entry-00262,1,2,packages/server/src/index.ts,227,227,227,no,none,n/a,cross_file,n/a (cross-file),n/a,n/a,if (isWhitelisted) {
entry-00262,1,3,packages/server/src/utils/index.ts,1958,1958,1958,no,none,n/a,cross_file,n/a (cross-file),n/a,n/a,return multer({ dest: getUploadPath() })
entry-00262,1,4,packages/server/src/utils/createAttachment.ts,124,124,124,no,none,n/a,critical_file,strictly_before,n/a,strictly_before,const files = (req.files as Express.Multer.File[]) || []
entry-00262,1,5,packages/server/src/utils/createAttachment.ts,129,129,129,no,none,n/a,critical_file,strictly_before,n/a,strictly_before,if (!allowedFileTypes.length) {
entry-00262,1,6,packages/server/src/utils/createAttachment.ts,137,137,137,no,after_critical,ambiguous,critical_file,overlapping,n/a,overlapping,if (allowedFileTypes.length > 0 && !allowedFileTypes.includes(file.mimetype)) {
entry-00263,1,0,packages/server/src/utils/createAttachment.ts,128,128,128,no,none,ambiguous,both,"ep=strictly_after,co=strictly_before",strictly_after,strictly_before,        for (const file of files) {
entry-00263,1,1,packages/server/src/utils/createAttachment.ts,137,137,137,no,none,ambiguous,both,"ep=strictly_after,co=strictly_before",strictly_after,strictly_before,            if (allowedFileTypes.length > 0 && !allowedFileTypes.includes(file.mimetype)) {
entry-00263,1,2,packages/server/src/utils/createAttachment.ts,146,146,146,no,none,ambiguous,both,"ep=strictly_after,co=strictly_before",strictly_after,strictly_before,            const fileBuffer = await getFileFromUpload(file.path ?? file.key)
entry-00263,1,3,packages/server/src/utils/createAttachment.ts,149,149,149,no,none,ambiguous,both,"ep=strictly_after,co=strictly_before",strictly_after,strictly_before,"            file.originalname = Buffer.from(file.originalname, 'latin1').toString('utf8')"
entry-00263,1,4,packages/server/src/utils/createAttachment.ts,150,150,150,no,none,ambiguous,both,"ep=strictly_after,co=overlapping",strictly_after,overlapping,"            const { path: storagePath, totalSize } = await addArrayFilesToStorage("
entry-00264,1,0,packages/server/src/utils/constants.ts,26,26,26,no,none,n/a,cross_file,n/a (cross-file),n/a,n/a,"    '/api/v1/nvidia-nim',"
entry-00264,1,1,packages/server/src/index.ts,209,209,209,no,none,n/a,cross_file,n/a (cross-file),n/a,n/a,        const whitelistURLs = WHITELIST_URLS.filter((url) => !denylistURLs.includes(url))
entry-00264,1,2,packages/server/src/index.ts,221,221,221,no,none,n/a,cross_file,n/a (cross-file),n/a,n/a,                    const isWhitelisted = whitelistURLs.some((url) => req.path.startsWith(url))
entry-00264,1,3,packages/server/src/index.ts,222,222,222,no,none,n/a,cross_file,n/a (cross-file),n/a,n/a,                    if (isWhitelisted) {
entry-00264,1,4,packages/server/src/index.ts,223,223,223,no,none,n/a,cross_file,n/a (cross-file),n/a,n/a,                        next()
entry-00264,1,5,packages/server/src/controllers/nvidia-nim/index.ts,6,6,6,no,none,n/a,critical_file,strictly_before,n/a,strictly_before,"const getToken = async (req: Request, res: Response, next: NextFunction) => {"
entry-00264,1,6,packages/server/src/controllers/nvidia-nim/index.ts,17,17,17,no,after_critical,ambiguous,critical_file,overlapping,n/a,overlapping,"        const response = await axios.post('https://nts.ngc.nvidia.com/v1/token', data, { headers })"
entry-00265,1,0,packages/server/src/utils/constants.ts,26,26,26,no,none,n/a,cross_file,n/a (cross-file),n/a,n/a,"    '/api/v1/nvidia-nim',"
entry-00265,1,1,packages/server/src/index.ts,221,221,221,no,none,n/a,cross_file,n/a (cross-file),n/a,n/a,                    const isWhitelisted = whitelistURLs.some((url) => req.path.startsWith(url))
entry-00265,1,2,packages/server/src/index.ts,223,223,223,no,none,n/a,cross_file,n/a (cross-file),n/a,n/a,                        next()
entry-00265,1,3,packages/server/src/controllers/nvidia-nim/index.ts,119,119,119,no,none,n/a,critical_file,strictly_before,n/a,strictly_before,"const listRunningContainers = async (req: Request, res: Response, next: NextFunction) => {"
entry-00265,1,4,packages/server/src/controllers/nvidia-nim/index.ts,121,121,121,no,after_critical,ambiguous,critical_file,overlapping,n/a,overlapping,        const containers = await NimContainerManager.listRunningContainers()
entry-00266,1,0,packages/server/src/utils/constants.ts,26,26,26,no,none,n/a,cross_file,n/a (cross-file),n/a,n/a,"    '/api/v1/nvidia-nim',"
entry-00266,1,1,packages/server/src/index.ts,221,221,221,no,none,n/a,cross_file,n/a (cross-file),n/a,n/a,                    const isWhitelisted = whitelistURLs.some((url) => req.path.startsWith(url))
entry-00266,1,2,packages/server/src/index.ts,223,223,223,no,none,n/a,cross_file,n/a (cross-file),n/a,n/a,                        next()
entry-00266,1,3,packages/server/src/controllers/nvidia-nim/index.ts,54,54,54,no,none,n/a,critical_file,strictly_before,n/a,strictly_before,"const startContainer = async (req: Request, res: Response, next: NextFunction) => {"
entry-00266,1,4,packages/server/src/controllers/nvidia-nim/index.ts,56,56,56,no,none,n/a,critical_file,strictly_before,n/a,strictly_before,        const imageTag = req.body.imageTag
entry-00266,1,5,packages/server/src/controllers/nvidia-nim/index.ts,64,64,64,no,after_critical,ambiguous,critical_file,overlapping,n/a,overlapping,"        await NimContainerManager.startContainer(imageTag, apiKey, hostPort, nimRelaxMemConstraints)"
entry-00267,1,0,packages/server/src/utils/constants.ts,26,26,26,no,none,n/a,cross_file,n/a (cross-file),n/a,n/a,"    '/api/v1/nvidia-nim',"
entry-00267,1,1,packages/server/src/index.ts,221,221,221,no,none,n/a,cross_file,n/a (cross-file),n/a,n/a,                    const isWhitelisted = whitelistURLs.some((url) => req.path.startsWith(url))
entry-00267,1,2,packages/server/src/index.ts,223,223,223,no,none,n/a,cross_file,n/a (cross-file),n/a,n/a,                        next()
entry-00267,1,3,packages/server/src/controllers/nvidia-nim/index.ts,128,128,128,no,none,n/a,critical_file,strictly_before,n/a,strictly_before,"const stopContainer = async (req: Request, res: Response, next: NextFunction) => {"
entry-00267,1,4,packages/server/src/controllers/nvidia-nim/index.ts,130,130,130,no,none,n/a,critical_file,strictly_before,n/a,strictly_before,        const containerId = req.body.containerId
entry-00267,1,5,packages/server/src/controllers/nvidia-nim/index.ts,131,131,131,no,after_critical,ambiguous,critical_file,overlapping,n/a,overlapping,        const containerInfo = await NimContainerManager.stopContainer(containerId)
entry-00268,1,0,packages/server/src/controllers/leads/index.ts,22,22,22,no,before_entry,ambiguous,entry_file,overlapping,overlapping,n/a,"const createLeadInChatflow = async (req: Request, res: Response, next: NextFunction) => {"
entry-00268,1,1,packages/server/src/utils/constants.ts,19,19,19,no,none,n/a,cross_file,n/a (cross-file),n/a,n/a,"    '/api/v1/leads',"
entry-00268,1,2,packages/server/src/routes/leads/index.ts,6,6,6,no,none,n/a,cross_file,n/a (cross-file),n/a,n/a,"router.post('/', leadsController.createLeadInChatflow)"
entry-00268,1,3,packages/server/src/controllers/leads/index.ts,30,30,30,no,none,n/a,entry_file,strictly_after,strictly_after,n/a,        const apiResponse = await leadsService.createLead(req.body)
entry-00268,1,4,packages/server/src/services/leads/index.ts,25,25,25,no,none,n/a,critical_file,strictly_before,n/a,strictly_before,        const chatId = body.chatId ?? uuidv4()
entry-00268,1,5,packages/server/src/services/leads/index.ts,27,27,27,no,none,n/a,critical_file,strictly_before,n/a,strictly_before,        const newLead = new Lead()
entry-00268,1,6,packages/server/src/services/leads/index.ts,28,28,28,no,after_critical,ambiguous,critical_file,overlapping,n/a,overlapping,"        Object.assign(newLead, body)"
entry-00269,1,0,packages/server/src/enterprise/routes/login-method.route.ts,14,14,14,no,before_entry,ambiguous,entry_file,overlapping,overlapping,n/a,"router.put('/', checkPermission('sso:manage'), loginMethodController.update)"
entry-00269,1,1,packages/server/src/enterprise/controllers/login-method.controller.ts,103,103,103,no,none,n/a,critical_file,strictly_before,n/a,strictly_before,"public async update(req: Request, res: Response, next: NextFunction) {"
entry-00269,1,2,packages/server/src/enterprise/services/login-method.service.ts,103,103,103,no,none,n/a,cross_file,n/a (cross-file),n/a,n/a,public async createOrUpdateConfig(body: any) {
entry-00269,1,3,packages/server/src/enterprise/services/login-method.service.ts,113,113,113,no,none,n/a,cross_file,n/a (cross-file),n/a,n/a,"const createdOrUpdatedByUser = await this.userService.readUserById(userId, queryRunner)"
entry-00269,1,4,packages/server/src/enterprise/services/login-method.service.ts,115,115,115,no,none,n/a,cross_file,n/a (cross-file),n/a,n/a,"const organization = await this.organizationService.readOrganizationById(organizationId, queryRunner"
entry-00269,1,5,packages/server/src/enterprise/services/login-method.service.ts,123,123,123,no,none,n/a,cross_file,n/a (cross-file),n/a,n/a,"const loginMethod = await queryRunner.manager.findOneBy(LoginMethod, { organizationId, name })"
entry-00269,1,6,packages/server/src/enterprise/controllers/login-method.controller.ts,107,107,107,no,none,n/a,critical_file,strictly_before,n/a,strictly_before,if (loginMethod?.status === 'OK' && loginMethod?.organizationId) {
entry-00269,1,7,packages/server/src/enterprise/controllers/login-method.controller.ts,114,114,114,no,after_critical,ambiguous,critical_file,overlapping,n/a,overlapping,"                        identityManager.initializeSsoProvider(appServer.app, provider.providerName, "
entry-00270,1,0,packages/server/src/enterprise/routes/login-method.route.ts,8,8,8,no,before_entry,ambiguous,entry_file,overlapping,overlapping,n/a,"router.get('/', loginMethodController.read)"
entry-00270,1,1,packages/server/src/enterprise/controllers/login-method.controller.ts,69,69,69,no,none,n/a,critical_file,strictly_before,n/a,strictly_before,            const query = req.query as Partial<LoginMethod>
entry-00270,1,2,packages/server/src/enterprise/controllers/login-method.controller.ts,86,86,86,no,after_critical,ambiguous,critical_file,overlapping,n/a,overlapping,            } else if (query.organizationId) {
entry-00271,1,0,internal/middleware/auth.go,86,86,86,no,none,n/a,cross_file,n/a (cross-file),n/a,n/a,				targetTenantID := user.TenantID
entry-00271,1,1,internal/middleware/auth.go,131,131,131,no,none,n/a,cross_file,n/a (cross-file),n/a,n/a,"				c.Set(types.TenantIDContextKey.String(), targetTenantID)"
entry-00271,1,2,internal/handler/tenant.go,107,107,107,no,none,n/a,critical_file,strictly_before,n/a,strictly_before,func (h *TenantHandler) GetTenant(c *gin.Context) {
entry-00271,1,3,internal/handler/tenant.go,110,110,110,no,none,n/a,critical_file,strictly_before,n/a,strictly_before,"	id, err := strconv.ParseUint(c.Param(""id""), 10, 64)"
entry-00271,1,4,internal/handler/tenant.go,114,114,114,no,none,n/a,critical_file,strictly_before,n/a,strictly_before,		return
entry-00271,1,5,internal/handler/tenant.go,117,117,117,no,after_critical,ambiguous,critical_file,overlapping,n/a,overlapping,"	tenant, err := h.service.GetTenantByID(ctx, id)"
entry-00272,1,0,internal/middleware/auth.go,131,131,131,no,none,n/a,cross_file,n/a (cross-file),n/a,n/a,"c.Set(types.TenantIDContextKey.String(), targetTenantID)"
entry-00272,1,1,internal/handler/tenant.go,148,148,148,no,none,n/a,critical_file,strictly_before,n/a,strictly_before,func (h *TenantHandler) UpdateTenant(c *gin.Context) {
entry-00272,1,2,internal/handler/tenant.go,153,153,153,no,none,n/a,critical_file,strictly_before,n/a,strictly_before,"id, err := strconv.ParseUint(c.Param(""id""), 10, 64)"
entry-00272,1,3,internal/handler/tenant.go,157,157,157,no,none,n/a,critical_file,strictly_before,n/a,strictly_before,return
entry-00272,1,4,internal/handler/tenant.go,169,169,169,no,none,n/a,critical_file,strictly_before,n/a,strictly_before,tenantData.ID = id
entry-00272,1,5,internal/handler/tenant.go,170,170,170,no,after_critical,ambiguous,critical_file,overlapping,n/a,overlapping,"updatedTenant, err := h.service.UpdateTenant(ctx, &tenantData)"
entry-00273,1,0,internal/middleware/auth.go,131,131,131,no,none,n/a,cross_file,n/a (cross-file),n/a,n/a,"				c.Set(types.TenantIDContextKey.String(), targetTenantID)"
entry-00273,1,1,internal/handler/tenant.go,206,206,206,no,none,n/a,critical_file,strictly_before,n/a,strictly_before,func (h *TenantHandler) DeleteTenant(c *gin.Context) {
entry-00273,1,2,internal/handler/tenant.go,211,211,211,no,none,n/a,critical_file,strictly_before,n/a,strictly_before,"	id, err := strconv.ParseUint(c.Param(""id""), 10, 64)"
entry-00273,1,3,internal/handler/tenant.go,215,215,215,no,none,n/a,critical_file,strictly_before,n/a,strictly_before,		return
entry-00273,1,4,internal/handler/tenant.go,220,220,220,no,after_critical,ambiguous,critical_file,overlapping,n/a,overlapping,"	if err := h.service.DeleteTenant(ctx, id); err != nil {"
entry-00274,1,0,internal/middleware/auth.go,131,131,131,no,none,n/a,cross_file,n/a (cross-file),n/a,n/a,"				c.Set(types.TenantIDContextKey.String(), targetTenantID)"
entry-00274,1,1,internal/handler/tenant.go,249,249,249,no,none,n/a,critical_file,strictly_before,n/a,strictly_before,func (h *TenantHandler) ListTenants(c *gin.Context) {
entry-00274,1,2,internal/handler/tenant.go,250,250,250,no,none,n/a,critical_file,strictly_before,n/a,strictly_before,	ctx := c.Request.Context()
entry-00274,1,3,internal/handler/tenant.go,251,251,251,no,none,n/a,critical_file,strictly_before,n/a,strictly_before,
entry-00274,1,4,internal/handler/tenant.go,252,252,252,no,after_critical,ambiguous,critical_file,overlapping,n/a,overlapping,"	tenants, err := h.service.ListTenants(ctx)"
entry-00275,1,0,internal/agent/tools/database_query.go,117,117,117,no,before_entry,ambiguous,entry_file,overlapping,overlapping,n/a,"func (t *DatabaseQueryTool) Execute(ctx context.Context, args json.RawMessage) (*types.ToolResult, e"
entry-00275,1,1,internal/agent/tools/database_query.go,149,149,149,no,none,n/a,entry_file,strictly_after,strictly_after,n/a,"	securedSQL, err := t.validateAndSecureSQL(input.SQL, tenantID)"
entry-00275,1,2,internal/agent/tools/database_query.go,257-261,257,261,no,none,n/a,entry_file,strictly_after,strictly_after,n/a,"	securedSQL, validationResult, err := utils.ValidateAndSecureSQL(
		sqlQuery,
		utils.WithSecurityDe"
entry-00275,1,3,internal/utils/inject.go,578,578,578,no,none,n/a,critical_file,strictly_before,n/a,strictly_before,func WithSecurityDefaults(tenantID uint64) SQLValidationOption {
entry-00275,1,4,internal/utils/inject.go,555,555,555,no,none,n/a,critical_file,strictly_before,n/a,strictly_before,"func WithTenantIsolation(tenantID uint64, tables ...string) SQLValidationOption {"
entry-00275,1,5,internal/utils/inject.go,761,761,761,no,none,n/a,critical_file,strictly_before,n/a,strictly_before,"func ValidateAndSecureSQL(sql string, opts ...SQLValidationOption) (string, *SQLValidationResult, er"
entry-00275,1,6,internal/agent/tools/database_query.go,164,164,164,no,none,n/a,entry_file,strictly_after,strictly_after,n/a,"	rows, err := t.db.WithContext(ctx).Raw(securedSQL).Rows()"
entry-00275,1,7,internal/utils/inject.go,819-826,819,826,no,after_critical,ambiguous,critical_file,overlapping,n/a,overlapping,"	for tableName, alias := range tablesInQuery {
		if v.tablesWithTenantID[tableName] {
			if tableNam"
entry-00276,1,0,internal/agent/tools/web_fetch.go,89,89,89,no,none,ambiguous,both,"ep=overlapping,co=strictly_before",overlapping,strictly_before,"func (t *WebFetchTool) Execute(ctx context.Context, args json.RawMessage) (*types.ToolResult, error)"
entry-00276,1,1,internal/agent/tools/web_fetch.go,119,119,119,no,none,ambiguous,both,"ep=strictly_after,co=strictly_before",strictly_after,strictly_before,		params := webFetchParams{
entry-00276,1,2,internal/agent/tools/web_fetch.go,127,127,127,no,none,ambiguous,both,"ep=strictly_after,co=strictly_before",strictly_after,strictly_before,			if err := t.validateParams(p); err != nil {
entry-00276,1,3,internal/agent/tools/web_fetch.go,250,250,250,no,none,ambiguous,both,"ep=strictly_after,co=strictly_before",strictly_after,strictly_before,"	if safe, reason := utils.IsSSRFSafeURL(p.URL); !safe {"
entry-00276,1,4,internal/utils/security.go,356,356,356,no,none,n/a,cross_file,n/a (cross-file),n/a,n/a,"	ips, err := net.LookupIP(hostname)"
entry-00276,1,5,internal/agent/tools/web_fetch.go,140,140,140,no,none,ambiguous,both,"ep=strictly_after,co=strictly_before",strictly_after,strictly_before,"			output, data, err := t.executeFetch(ctx, p)"
entry-00276,1,6,internal/agent/tools/web_fetch.go,264,264,264,no,none,ambiguous,both,"ep=strictly_after,co=strictly_before",strictly_after,strictly_before,	finalURL := t.normalizeGitHubURL(params.URL)
entry-00276,1,7,internal/agent/tools/web_fetch.go,266,266,266,no,none,ambiguous,both,"ep=strictly_after,co=strictly_before",strictly_after,strictly_before,"	htmlContent, method, err := t.fetchHTMLContent(ctx, finalURL)"
entry-00276,1,8,internal/agent/tools/web_fetch.go,365,365,365,no,none,ambiguous,both,"ep=strictly_after,co=strictly_before",strictly_after,strictly_before,"	html, err := t.fetchWithChromedp(ctx, targetURL)"
entry-00276,1,9,internal/agent/tools/web_fetch.go,389,389,389,no,none,ambiguous,both,"ep=strictly_after,co=strictly_before",strictly_after,strictly_before,	opts := append(
entry-00276,1,10,internal/agent/tools/web_fetch.go,413,413,413,no,none,ambiguous,both,"ep=strictly_after,co=overlapping",strictly_after,overlapping,"		chromedp.Navigate(targetURL),"
entry-00277,1,0,packages/server/src/controllers/predictions/index.ts,14,14,14,no,before_entry,ambiguous,entry_file,overlapping,overlapping,n/a,"const createPrediction = async (req: Request, res: Response, next: NextFunction) => {"
entry-00277,1,1,packages/server/src/controllers/predictions/index.ts,79,79,79,no,none,n/a,entry_file,strictly_after,strictly_after,n/a,                    const apiResponse = await predictionsServices.buildChatflow(req)
entry-00277,1,2,packages/server/src/utils/buildChatflow.ts,473,473,473,no,none,n/a,cross_file,n/a (cross-file),n/a,n/a,        return executeAgentFlow({
entry-00277,1,3,packages/server/src/utils/buildAgentflow.ts,1105,1105,1105,no,none,n/a,cross_file,n/a (cross-file),n/a,n/a,        const reactFlowNodeData: INodeData = await resolveVariables(
entry-00277,1,4,packages/server/src/utils/buildAgentflow.ts,1192,1192,1192,no,none,n/a,cross_file,n/a (cross-file),n/a,n/a,"        let results = await newNodeInstance.run(reactFlowNodeData, finalInput, runParams)"
entry-00277,1,5,packages/components/nodes/agentflow/HTTP/HTTP.ts,206,206,206,no,none,n/a,cross_file,n/a (cross-file),n/a,n/a,        const url = nodeData.inputs?.url as string
entry-00277,1,6,packages/components/nodes/agentflow/HTTP/HTTP.ts,303,303,303,no,none,n/a,cross_file,n/a (cross-file),n/a,n/a,            const response = await secureAxiosRequest(requestConfig)
entry-00277,1,7,packages/components/src/httpSecurity.ts,69-71,69,71,no,after_critical,ambiguous,critical_file,overlapping,n/a,overlapping,"    if (currentUrl) {
        await checkDenyList(currentUrl)
    }"
entry-00278,1,0,packages/server/src/routes/predictions/index.ts,10,10,10,no,before_entry,ambiguous,entry_file,overlapping,overlapping,n/a,router.post(
entry-00278,1,1,packages/server/src/utils/buildChatflow.ts,778,778,778,no,none,n/a,cross_file,n/a (cross-file),n/a,n/a,"        let result = await endingNodeInstance.run(endingNodeData, finalQuestion, runParams)"
entry-00278,1,2,packages/components/nodes/tools/RequestsGet/core.ts,96,96,96,no,none,n/a,cross_file,n/a (cross-file),n/a,n/a,        const inputUrl = this.url
entry-00278,1,3,packages/components/nodes/tools/RequestsGet/core.ts,170,170,170,no,none,n/a,cross_file,n/a (cross-file),n/a,n/a,"            const res = await secureFetch(finalUrl, {"
entry-00278,1,4,packages/components/src/httpSecurity.ts,175,175,175,no,after_critical,clear,critical_file,strictly_after,n/a,strictly_after,    await checkDenyList(currentUrl)
entry-00278,1,5,packages/components/src/httpSecurity.ts,38,38,38,no,after_critical,ambiguous,critical_file,overlapping,n/a,overlapping,export async function checkDenyList(url: string): Promise<void> {
entry-00283,1,0,src/line/bot-handlers.ts,119,119,119,no,none,n/a,cross_file,n/a (cross-file),n/a,n/a,"  const storeAllowFrom = await readChannelAllowFromStore(""line"").catch(() => []);"
entry-00283,1,1,src/line/bot-handlers.ts,130,130,130,no,none,n/a,cross_file,n/a (cross-file),n/a,n/a,  const groupAllowFrom = firstDefined(
entry-00283,1,2,src/line/bot-handlers.ts,135,135,135,no,none,n/a,cross_file,n/a (cross-file),n/a,n/a,  const effectiveGroupAllow = normalizeAllowFromWithStore({
entry-00283,1,3,src/channels/allow-from.ts,1,1,1,no,none,n/a,cross_file,n/a (cross-file),n/a,n/a,export function mergeAllowFromSources(params: {
entry-00283,1,4,src/line/bot-handlers.ts,182,182,182,no,none,n/a,cross_file,n/a (cross-file),n/a,n/a,"      if (!isSenderAllowed({ allow: effectiveGroupAllow, senderId })) {"
entry-00284,1,0,extensions/mattermost/src/mattermost/monitor.ts,405,405,405,no,none,n/a,cross_file,n/a (cross-file),n/a,n/a,const storeAllowFrom = normalizeAllowList(
entry-00284,1,1,extensions/mattermost/src/mattermost/monitor.ts,411,411,411,no,none,n/a,cross_file,n/a (cross-file),n/a,n/a,        const effectiveGroupAllowFrom = Array.from(
entry-00284,1,2,extensions/mattermost/src/mattermost/monitor.ts,493,493,493,no,none,n/a,cross_file,n/a (cross-file),n/a,n/a,        if (effectiveGroupAllowFrom.length === 0) {
entry-00284,1,3,extensions/mattermost/src/mattermost/monitor.ts,498,498,498,no,none,n/a,cross_file,n/a (cross-file),n/a,n/a,          logVerboseMessage(`mattermost: drop group sender=${senderId} (not in groupAllowFrom)`);
entry-00285,1,0,extensions/mattermost/src/mattermost/monitor.ts,888,888,888,no,none,n/a,cross_file,n/a (cross-file),n/a,n/a,const storeAllowFrom = normalizeAllowList(
entry-00285,1,1,extensions/mattermost/src/mattermost/monitor.ts,893,893,893,no,none,n/a,cross_file,n/a (cross-file),n/a,n/a,    const reactionAccess = resolveDmGroupAccessWithLists({
entry-00285,1,2,src/security/dm-policy-shared.ts,94,94,94,no,after_critical,clear,critical_file,strictly_after,n/a,strictly_after,"  const { effectiveAllowFrom, effectiveGroupAllowFrom } = resolveEffectiveAllowFromLists({"
entry-00285,1,3,src/security/dm-policy-shared.ts,58,58,58,no,after_critical,clear,critical_file,strictly_after,n/a,strictly_after,      if (!params.isSenderAllowed(effectiveGroupAllowFrom)) {
entry-00286,1,0,src/gateway/server/plugins-http.ts,52-58,52,58,no,none,n/a,entry_file,strictly_after,strictly_after,n/a,"    if (
      matchedPluginRoutesRequireGatewayAuth(matchedRoutes) &&
      dispatchContext?.gatewa"
entry-00286,1,1,src/gateway/server/plugins-http.ts,60-65,60,65,no,none,n/a,entry_file,strictly_after,strictly_after,n/a,"    for (const route of matchedRoutes) {
      try {
        const handled = await route.handler(req"
entry-00286,1,2,src/gateway/server-plugins.ts,67-76,67,76,no,none,n/a,critical_file,strictly_before,n/a,strictly_before,"async function dispatchGatewayMethod<T>(
  method: string,
  params: Record<string, unknown>,
): Pro"
entry-00286,1,3,src/gateway/server-plugins.ts,56-65,56,65,no,none,n/a,critical_file,strictly_before,n/a,strictly_before,"        id: GATEWAY_CLIENT_IDS.GATEWAY_CLIENT,
        version: ""internal"",
        platform: ""node"""
entry-00286,1,4,src/gateway/server-methods.ts,51-60,51,60,no,none,n/a,cross_file,n/a (cross-file),n/a,n/a,"  const scopes = client.connect.scopes ?? [];
  if (!isRoleAuthorizedForMethod(role, method)) {
    "
entry-00286,1,5,src/gateway/server-plugins.ts,109-118,109,118,no,after_critical,clear,critical_file,strictly_after,n/a,strictly_after,"    const payload = await dispatchGatewayMethod<{ messages?: unknown[] }>(""sessions.get"", {
      ke"
entry-00287,1,0,src/gateway/server-methods.ts,156,156,156,no,none,n/a,cross_file,n/a (cross-file),n/a,n/a,"await withPluginRuntimeGatewayRequestScope({ context, isWebchatConnect }, invokeHandler);"
entry-00287,1,1,src/plugins/runtime/gateway-request-scope.ts,33-38,33,38,no,after_critical,clear,critical_file,strictly_after,n/a,strictly_after,"  scope: PluginRuntimeGatewayRequestScope,
  run: () => T,
): T {
  return pluginRuntimeGatewayReque"
entry-00287,1,2,src/gateway/server-plugins.ts,71-72,71,72,no,none,n/a,cross_file,n/a (cross-file),n/a,n/a,"const scope = getPluginRuntimeGatewayRequestScope();
  const context = scope?.context ?? fallbackGat"
entry-00288,1,0,src/gateway/server/plugins-http.ts,52-58,52,58,no,none,n/a,entry_file,strictly_after,strictly_after,n/a,"    if (
      matchedPluginRoutesRequireGatewayAuth(matchedRoutes) &&
      dispatchContext?.gatewa"
entry-00288,1,1,src/gateway/server/plugins-http.ts,60-65,60,65,no,none,n/a,entry_file,strictly_after,strictly_after,n/a,"    for (const route of matchedRoutes) {
      try {
        const handled = await route.handler(req"
entry-00288,1,2,src/gateway/server-plugins.ts,67-76,67,76,no,none,n/a,critical_file,strictly_before,n/a,strictly_before,"async function dispatchGatewayMethod<T>(
  method: string,
  params: Record<string, unknown>,
): Pro"
entry-00288,1,3,src/gateway/server-plugins.ts,56-65,56,65,no,none,n/a,critical_file,strictly_before,n/a,strictly_before,"        id: GATEWAY_CLIENT_IDS.GATEWAY_CLIENT,
        version: ""internal"",
        platform: ""node"""
entry-00288,1,4,src/gateway/server-methods.ts,51-60,51,60,no,none,n/a,cross_file,n/a (cross-file),n/a,n/a,"  const scopes = client.connect.scopes ?? [];
  if (!isRoleAuthorizedForMethod(role, method)) {
    "
entry-00288,1,5,src/gateway/server-plugins.ts,109-118,109,118,no,after_critical,clear,critical_file,strictly_after,n/a,strictly_after,"    const payload = await dispatchGatewayMethod<{ messages?: unknown[] }>(""sessions.get"", {
      ke"
entry-00289,1,0,src/gateway/server-methods.ts,156,156,156,no,none,n/a,cross_file,n/a (cross-file),n/a,n/a,"  await withPluginRuntimeGatewayRequestScope({ context, isWebchatConnect }, invokeHandler);"
entry-00289,1,1,src/plugins/runtime/gateway-request-scope.ts,33-38,33,38,no,after_critical,clear,critical_file,strictly_after,n/a,strictly_after,"  scope: PluginRuntimeGatewayRequestScope,
  run: () => T,
): T {
  return pluginRuntimeGatewayReque"
entry-00289,1,2,src/gateway/server-plugins.ts,71-72,71,72,no,none,n/a,cross_file,n/a (cross-file),n/a,n/a,"  const scope = getPluginRuntimeGatewayRequestScope();
  const context = scope?.context ?? fallbackG"
entry-00290,0,0,src/agents/apply-patch.ts,94,94,94,no,before_entry,ambiguous,entry_file,overlapping,overlapping,n/a,"    execute: async (_toolCallId, args, signal) => {"
entry-00290,0,1,src/agents/apply-patch.ts,106,106,106,no,none,n/a,entry_file,strictly_after,strictly_after,n/a,"      const result = await applyPatch(input, {"
entry-00290,0,2,src/agents/apply-patch.ts,150,150,150,no,none,n/a,entry_file,strictly_after,strictly_after,n/a,"      const target = await resolvePatchPath(hunk.path, options);"
entry-00290,0,3,src/agents/apply-patch.ts,281,281,281,no,none,n/a,entry_file,strictly_after,strictly_after,n/a,    ? (
entry-00290,0,4,src/agents/sandbox-paths.ts,72,72,72,no,none,n/a,cross_file,n/a (cross-file),n/a,n/a,  await assertNoPathAliasEscape({
entry-00290,0,5,src/infra/boundary-path.ts,196,196,196,no,after_critical,ambiguous,critical_file,overlapping,n/a,overlapping,    const linkCanonical = await resolveSymlinkHopPath(lexicalCursor);
entry-00291,1,0,src/gateway/server-methods.ts,51,51,51,no,none,n/a,cross_file,n/a (cross-file),n/a,n/a,  const scopes = client.connect.scopes ?? [];
entry-00291,1,1,src/gateway/server-methods.ts,61,61,61,no,none,n/a,cross_file,n/a (cross-file),n/a,n/a,"  const scopeAuth = authorizeOperatorScopesForMethod(method, scopes);"
entry-00291,1,2,src/gateway/method-scopes.ts,48,48,48,no,none,n/a,cross_file,n/a (cross-file),n/a,n/a,"    ""device.token.rotate"","
entry-00291,1,3,src/gateway/server-methods/devices.ts,163,163,163,no,none,ambiguous,both,"ep=strictly_after,co=strictly_before",strictly_after,strictly_before,"    const { deviceId, role, scopes } = params as {"
entry-00291,1,4,src/infra/device-pairing.ts,592,592,592,no,none,n/a,cross_file,n/a (cross-file),n/a,n/a,    const approvedScopes = normalizeDeviceAuthScopes(
entry-00291,1,5,src/infra/device-pairing.ts,599,599,599,no,none,n/a,cross_file,n/a (cross-file),n/a,n/a,    const next = buildDeviceAuthToken({
entry-00292,1,0,src/agents/pi-tools.policy.ts,67,67,67,no,none,n/a,cross_file,n/a (cross-file),n/a,n/a,"const SUBAGENT_TOOL_DENY_LEAF = [""sessions_list"", ""sessions_history"", ""sessions_spawn""];"
entry-00292,1,1,src/agents/pi-tools.policy.ts,77,77,77,no,none,n/a,cross_file,n/a (cross-file),n/a,n/a,"function resolveSubagentDenyList(depth: number, maxSpawnDepth: number): string[] {"
entry-00292,1,2,src/agents/tools/subagents-tool.ts,360,360,360,no,after_critical,clear,both,strictly_after,strictly_after,strictly_after,      const requester = resolveRequesterKey({
entry-00292,1,3,src/agents/tools/subagents-tool.ts,199,199,199,no,before_entry,clear,both,strictly_before,strictly_before,strictly_before,  if (!isSubagentSessionKey(callerSessionKey)) {
entry-00292,1,4,src/agents/tools/subagents-tool.ts,209,209,209,no,before_entry,clear,both,strictly_before,strictly_before,strictly_before,"  const callerDepth = getSubagentDepthFromSessionStore(callerSessionKey, { cfg: params.cfg });"
entry-00292,1,5,src/agents/tools/subagents-tool.ts,224,224,224,no,before_entry,clear,both,strictly_before,strictly_before,strictly_before,  const callerEntry = resolveSessionEntryForKey({
entry-00292,1,6,src/agents/tools/subagents-tool.ts,231,231,231,no,before_entry,ambiguous,both,strictly_before,strictly_before,overlapping,"    requesterSessionKey: spawnedBy || callerSessionKey,"
entry-00293,1,0,src/agents/tools/subagents-tool.ts,230,230,230,no,before_entry,clear,both,strictly_before,strictly_before,strictly_before,  return {
entry-00293,1,1,src/agents/tools/subagents-tool.ts,559,559,559,no,none,ambiguous,both,"ep=strictly_after,co=strictly_before",strictly_after,strictly_before,"        const resolved = resolveSubagentTarget(runs, target, {"
entry-00293,1,2,src/agents/tools/subagents-tool.ts,581,581,581,no,none,ambiguous,both,"ep=strictly_after,co=strictly_before",strictly_after,strictly_before,        if (
entry-00293,1,3,src/agents/tools/subagents-tool.ts,612,612,612,no,none,ambiguous,both,"ep=strictly_after,co=strictly_before",strictly_after,strictly_before,        markSubagentRunForSteerRestart(resolved.entry.runId);
entry-00293,1,4,src/agents/tools/subagents-tool.ts,625,625,625,no,none,ambiguous,both,"ep=strictly_after,co=strictly_before",strictly_after,strictly_before,        if (sessionId) {
entry-00293,1,5,src/agents/tools/subagents-tool.ts,653,653,653,no,none,ambiguous,both,"ep=strictly_after,co=overlapping",strictly_after,overlapping,          const response = await callGateway<{ runId: string }>({
entry-00294,1,0,src/node-host/invoke.ts,493,493,493,no,before_entry,ambiguous,entry_file,overlapping,overlapping,n/a,"  if (command === ""system.run.prepare"") {"
entry-00294,1,1,src/node-host/invoke.ts,502,502,502,no,none,n/a,entry_file,strictly_after,strictly_after,n/a,      const prepared = buildSystemRunApprovalPlan(params);
entry-00294,1,2,src/node-host/invoke-system-run-plan.ts,746,746,746,no,none,n/a,cross_file,n/a (cross-file),n/a,n/a,  const mutableFileOperand = resolveMutableFileOperandSnapshotSync({
entry-00294,1,3,src/node-host/invoke-system-run-plan.ts,412,412,412,no,none,n/a,cross_file,n/a (cross-file),n/a,n/a,"function resolveMutableFileOperandIndex(argv: string[], cwd: string | undefined): number | null {"
entry-00294,1,4,src/node-host/invoke-system-run-plan.ts,446,446,446,no,none,n/a,cross_file,n/a (cross-file),n/a,n/a,  if (!isInterpreterLikeSafeBin(executable)) {
entry-00294,1,5,src/node-host/invoke-system-run-plan.ts,480,480,480,no,none,n/a,cross_file,n/a (cross-file),n/a,n/a,  if (argvIndex === null) {
entry-00294,1,6,src/node-host/invoke-system-run-plan.ts,763,763,763,no,none,n/a,cross_file,n/a (cross-file),n/a,n/a,"      mutableFileOperand: mutableFileOperand.snapshot ?? undefined,"
entry-00294,1,7,src/node-host/invoke.ts,516,516,516,no,none,n/a,entry_file,strictly_after,strictly_after,n/a,"  if (command !== ""system.run"") {"
entry-00294,1,8,src/node-host/invoke.ts,534,534,534,no,none,n/a,entry_file,strictly_after,strictly_after,n/a,  await handleSystemRunInvoke({
entry-00294,1,9,src/node-host/invoke-system-run.ts,388,388,388,no,after_critical,ambiguous,critical_file,overlapping,n/a,overlapping,  if (
entry-00295,1,0,src/node-host/invoke-system-run.ts,184,184,184,no,none,ambiguous,both,"ep=overlapping,co=strictly_before",overlapping,strictly_before,async function parseSystemRunPhase(
entry-00295,1,1,src/infra/exec-wrapper-resolution.ts,650,650,650,no,none,n/a,cross_file,n/a (cross-file),n/a,n/a,"  const payload = extractShellWrapperPayload(argv, wrapper);"
entry-00295,1,2,src/infra/exec-wrapper-resolution.ts,655,655,655,no,none,n/a,cross_file,n/a (cross-file),n/a,n/a,"  return { isWrapper: true, command: rawCommand ?? payload };"
entry-00295,1,3,src/infra/system-run-command.ts,115,115,115,no,none,n/a,cross_file,n/a (cross-file),n/a,n/a,  const inferred =
entry-00295,1,4,src/infra/system-run-command.ts,143,143,143,no,none,n/a,cross_file,n/a (cross-file),n/a,n/a,"    cmdText: raw ?? inferred,"
entry-00295,1,5,src/node-host/invoke-system-run-plan.ts,653,653,653,no,none,n/a,cross_file,n/a (cross-file),n/a,n/a,  const rawCommand = hardening.argvChanged
entry-00295,1,6,src/node-host/invoke-system-run-plan.ts,668,668,668,no,none,n/a,cross_file,n/a (cross-file),n/a,n/a,"      rawCommand,"
entry-00295,1,7,src/infra/system-run-approval-context.ts,69,69,69,no,none,n/a,cross_file,n/a (cross-file),n/a,n/a,"    commandText: plan ? (plan.rawCommand ?? formatExecCommand(plan.argv)) : fallbackCommand,"
entry-00295,1,8,src/gateway/server-methods/exec-approval.ts,77,77,77,no,none,n/a,cross_file,n/a (cross-file),n/a,n/a,      const effectiveCommandText = approvalContext.commandText;
entry-00295,1,9,src/gateway/server-methods/exec-approval.ts,124,124,124,no,none,n/a,cross_file,n/a (cross-file),n/a,n/a,"        command: effectiveCommandText,"
entry-00295,1,10,src/node-host/invoke-system-run.ts,493,493,493,no,none,ambiguous,both,"ep=strictly_after,co=strictly_before",strictly_after,strictly_before,  const execArgv = resolveSystemRunExecArgv({
entry-00295,1,11,src/node-host/invoke-system-run.ts,503,503,503,no,none,ambiguous,both,"ep=strictly_after,co=overlapping",strictly_after,overlapping,"  const result = await opts.runCommand(execArgv, phase.cwd, phase.env, phase.timeoutMs);"
entry-00296,1,0,src/node-host/invoke-system-run.ts,209,209,209,no,none,ambiguous,both,"ep=strictly_after,co=strictly_before",strictly_after,strictly_before,  const approvalPlan =
entry-00296,1,1,src/node-host/invoke-system-run-plan.ts,715,715,715,no,none,n/a,cross_file,n/a (cross-file),n/a,n/a,export function buildSystemRunApprovalPlan(params: {
entry-00296,1,2,src/node-host/invoke-system-run-plan.ts,746,746,746,no,none,n/a,cross_file,n/a (cross-file),n/a,n/a,  const mutableFileOperand = resolveMutableFileOperandSnapshotSync({
entry-00296,1,3,src/node-host/invoke-system-run-plan.ts,412,412,412,no,none,n/a,cross_file,n/a (cross-file),n/a,n/a,"function resolveMutableFileOperandIndex(argv: string[], cwd: string | undefined): number | null {"
entry-00296,1,4,src/node-host/invoke-system-run-plan.ts,422,422,422,no,none,n/a,cross_file,n/a (cross-file),n/a,n/a,  if (MUTABLE_ARGV1_INTERPRETER_PATTERNS.some((pattern) => pattern.test(executable))) {
entry-00296,1,5,src/node-host/invoke-system-run-plan.ts,428,428,428,no,none,n/a,cross_file,n/a (cross-file),n/a,n/a,"  if (executable === ""bun"") {"
entry-00296,1,6,src/infra/exec-safe-bin-runtime-policy.ts,22,22,22,no,none,n/a,cross_file,n/a (cross-file),n/a,n/a,const INTERPRETER_LIKE_SAFE_BINS = new Set([
entry-00296,1,7,src/node-host/invoke-system-run-plan.ts,446,446,446,no,none,n/a,cross_file,n/a (cross-file),n/a,n/a,  if (!isInterpreterLikeSafeBin(executable)) {
entry-00296,1,8,src/node-host/invoke-system-run-plan.ts,479,479,479,no,none,n/a,cross_file,n/a (cross-file),n/a,n/a,"  const argvIndex = resolveMutableFileOperandIndex(params.argv, params.cwd);"
entry-00296,1,9,src/node-host/invoke-system-run-plan.ts,763,763,763,no,none,n/a,cross_file,n/a (cross-file),n/a,n/a,"      mutableFileOperand: mutableFileOperand.snapshot ?? undefined,"
entry-00296,1,10,src/node-host/invoke-system-run.ts,529,529,529,no,after_critical,clear,both,strictly_after,strictly_after,strictly_after,  const parsed = await parseSystemRunPhase(opts);
entry-00297,1,0,src/auto-reply/reply/commands-config.ts,28,28,28,no,none,ambiguous,both,"ep=strictly_after,co=strictly_before",strictly_after,strictly_before,"requireGatewayClientScopeForInternalChannel,"
entry-00297,1,1,src/auto-reply/reply/command-gates.ts,8,8,8,no,none,n/a,cross_file,n/a (cross-file),n/a,n/a,export function rejectUnauthorizedCommand(
entry-00297,1,2,src/auto-reply/reply/commands-config.ts,29,29,29,no,none,ambiguous,both,"ep=strictly_after,co=strictly_before",strictly_after,strictly_before,"} from ""./command-gates.js"";"
entry-00297,1,3,src/auto-reply/reply/commands-config.ts,43,43,43,no,none,ambiguous,both,"ep=strictly_after,co=overlapping",strictly_after,overlapping,if (unauthorized) {
entry-00298,1,0,src/auto-reply/reply/commands-config.ts,134,134,134,no,none,ambiguous,both,"ep=strictly_after,co=strictly_before",strictly_after,strictly_before,"const unauthorized = rejectUnauthorizedCommand(params, ""/debug""); // 仅校验 isAuthorizedSender；通过后未继续校验"
entry-00298,1,1,src/auto-reply/reply/command-gates.ts,8,8,8,no,none,n/a,cross_file,n/a (cross-file),n/a,n/a,export function rejectUnauthorizedCommand(
entry-00298,1,2,src/auto-reply/reply/commands-config.ts,135,135,135,no,none,ambiguous,both,"ep=strictly_after,co=strictly_before",strictly_after,strictly_before,"  if (configCommand.action === ""unset"") {"
entry-00298,1,3,src/auto-reply/reply/commands-config.ts,136,136,136,no,none,ambiguous,both,"ep=strictly_after,co=overlapping",strictly_after,overlapping,"    const removed = unsetConfigValueAtPath(parsedBase, parsedWritePath ?? []);"
entry-00299,1,0,src/auto-reply/reply/commands-config.ts,28,28,28,no,none,ambiguous,both,"ep=strictly_after,co=strictly_before",strictly_after,strictly_before,"requireGatewayClientScopeForInternalChannel,"
entry-00299,1,1,src/auto-reply/reply/command-gates.ts,8,8,8,no,none,n/a,cross_file,n/a (cross-file),n/a,n/a,export function rejectUnauthorizedCommand(
entry-00299,1,2,src/auto-reply/reply/commands-config.ts,29,29,29,no,none,ambiguous,both,"ep=strictly_after,co=strictly_before",strictly_after,strictly_before,"} from ""./command-gates.js"";"
entry-00299,1,3,src/auto-reply/reply/commands-config.ts,43,43,43,no,none,ambiguous,both,"ep=strictly_after,co=overlapping",strictly_after,overlapping,if (unauthorized) {
entry-00300,1,0,src/auto-reply/reply/commands-config.ts,134,134,134,no,none,ambiguous,both,"ep=strictly_after,co=strictly_before",strictly_after,strictly_before,"const unauthorized = rejectUnauthorizedCommand(params, ""/debug"");"
entry-00300,1,1,src/auto-reply/reply/command-gates.ts,8,8,8,no,none,n/a,cross_file,n/a (cross-file),n/a,n/a,"export function rejectUnauthorizedCommand(
  params: HandleCommandsParams,
  commandLabel: string,
)"
entry-00300,1,2,src/auto-reply/reply/commands-config.ts,135,135,135,no,none,ambiguous,both,"ep=strictly_after,co=strictly_before",strictly_after,strictly_before,"if (configCommand.action === ""unset"") {"
entry-00300,1,3,src/auto-reply/reply/commands-config.ts,136,136,136,no,none,ambiguous,both,"ep=strictly_after,co=overlapping",strictly_after,overlapping,"const removed = unsetConfigValueAtPath(parsedBase, parsedWritePath ?? []);"
entry-00301,1,0,src/agents/sandbox/fs-bridge.ts,103,103,103,no,before_entry,ambiguous,entry_file,overlapping,overlapping,n/a,  }
entry-00301,1,1,src/agents/sandbox/fs-bridge.ts,111,111,111,no,none,n/a,entry_file,strictly_after,strictly_after,n/a,    signal?: AbortSignal;
entry-00301,1,2,src/agents/sandbox/fs-bridge.ts,117,117,117,no,none,n/a,entry_file,strictly_after,strictly_after,n/a,      ? params.data
entry-00301,1,3,src/agents/sandbox/fs-bridge.ts,121,121,121,no,none,n/a,entry_file,strictly_after,strictly_after,n/a,"      mkdir: params.mkdir !== false,"
entry-00301,1,4,src/agents/sandbox/fs-bridge-path-safety.ts,137,137,137,no,after_critical,ambiguous,critical_file,overlapping,n/a,overlapping,    const canonicalParentPath = await this.resolveCanonicalContainerPath({
entry-00302,1,0,src/agents/sandbox/fs-bridge.ts,188,188,188,no,before_entry,ambiguous,entry_file,overlapping,overlapping,n/a,  async stat(params: {
entry-00302,1,1,src/agents/sandbox/fs-bridge.ts,193,193,193,no,none,n/a,entry_file,strictly_after,strictly_after,n/a,    const target = this.resolveResolvedPath(params);
entry-00302,1,2,src/agents/sandbox/fs-bridge.ts,194,194,194,no,none,n/a,entry_file,strictly_after,strictly_after,n/a,"    const result = await this.runPlannedCommand(buildStatPlan(target), params.signal);"
entry-00302,1,3,src/agents/sandbox/fs-bridge.ts,273,273,273,no,none,n/a,entry_file,strictly_after,strictly_after,n/a,  }): Promise<string> {
entry-00302,1,4,src/agents/sandbox/fs-bridge-shell-command-plans.ts,105,105,105,no,after_critical,ambiguous,critical_file,overlapping,n/a,overlapping,export function buildStatPlan(target: SandboxResolvedFsPath): SandboxFsCommandPlan {
entry-00303,1,0,src/gateway/method-scopes.ts,98-107,98,107,no,before_entry,ambiguous,entry_file,overlapping,overlapping,n/a,"    ""tts.convert"",
    ""tts.setProvider"",
    ""voicewake.set"",
    ""node.invoke"",
    ""chat.send"",
 "
entry-00303,1,1,src/gateway/server-methods/browser.ts,143-152,143,152,no,none,n/a,cross_file,n/a (cross-file),n/a,n/a,"  ""browser.request"": async ({ params, respond, context }) => {
    const typed = params as BrowserRe"
entry-00303,1,2,src/gateway/server-methods/browser.ts,247-252,247,252,no,none,n/a,cross_file,n/a (cross-file),n/a,n/a,"    const result = await dispatcher.dispatch({
      method: methodRaw,
      path,
      query,
   "
entry-00303,1,3,src/browser/routes/basic.ts,142-145,142,145,no,after_critical,ambiguous,critical_file,overlapping,n/a,overlapping,"  app.post(""/profiles/create"", async (req, res) => {
    const name = toStringOrEmpty((req.body as {"
entry-00304,1,0,src/agents/tools/session-status-tool.ts,185,185,185,no,none,ambiguous,both,"ep=overlapping,co=strictly_before",overlapping,strictly_before,"execute: async (_toolCallId, args) => {"
entry-00304,1,1,src/agents/tools/session-status-tool.ts,197,197,197,no,none,ambiguous,both,"ep=strictly_after,co=strictly_before",strictly_after,strictly_before,const requesterAgentId = resolveAgentIdFromSessionKey(
entry-00304,1,2,src/agents/tools/session-status-tool.ts,223,223,223,no,none,ambiguous,both,"ep=strictly_after,co=strictly_before",strictly_after,strictly_before,"let storePath = resolveStorePath(cfg.session?.store, { agentId });"
entry-00304,1,3,src/agents/tools/session-status-tool.ts,261,261,261,no,none,ambiguous,both,"ep=strictly_after,co=strictly_before",strictly_after,strictly_before,"const configured = resolveDefaultModelForAgent({ cfg, agentId });"
entry-00304,1,4,src/agents/tools/session-status-tool.ts,388,388,388,no,none,ambiguous,both,"ep=strictly_after,co=overlapping",strictly_after,overlapping,"content: [{ type: ""text"", text: statusText }],"
entry-00305,1,0,src/agents/tools/session-status-tool.ts,215,215,215,no,none,ambiguous,both,"ep=strictly_after,co=strictly_before",strictly_after,strictly_before,"if (requestedKeyRaw.startsWith(""agent:"")) {
        ensureAgentAccess(resolveAgentIdFromSessionKey(r"
entry-00305,1,1,src/agents/tools/session-status-tool.ts,227,227,227,no,none,ambiguous,both,"ep=strictly_after,co=strictly_before",strictly_after,strictly_before,"let resolved = resolveSessionEntry({
        store,
        keyRaw: requestedKeyRaw,
        alias,
"
entry-00305,1,2,src/agents/tools/session-status-tool.ts,357,357,357,no,none,ambiguous,both,"ep=strictly_after,co=strictly_before",strictly_after,strictly_before,"const statusText = buildStatusMessage({
        config: cfg,
        agent: {
          ...agentDefa"
entry-00305,1,3,src/agents/tools/session-status-tool.ts,387,387,387,no,none,ambiguous,both,"ep=strictly_after,co=overlapping",strictly_after,overlapping,"return {
        content: [{ type: ""text"", text: statusText }],
        details: {
          ok: tru"
entry-00306,1,0,src/agents/tools/session-status-tool.ts,197,197,197,no,none,ambiguous,both,"ep=overlapping,co=strictly_before",overlapping,strictly_before,const requesterAgentId = resolveAgentIdFromSessionKey(
entry-00306,1,1,src/agents/tools/session-status-tool.ts,216,216,216,no,none,ambiguous,both,"ep=strictly_after,co=strictly_before",strictly_after,strictly_before,ensureAgentAccess(resolveAgentIdFromSessionKey(requestedKeyRaw));
entry-00306,1,2,src/agents/tools/session-status-tool.ts,219,219,219,no,none,ambiguous,both,"ep=strictly_after,co=strictly_before",strictly_after,strictly_before,"const isExplicitAgentKey = requestedKeyRaw.startsWith(""agent:"");"
entry-00306,1,3,src/agents/tools/session-status-tool.ts,223,223,223,no,none,ambiguous,both,"ep=strictly_after,co=strictly_before",strictly_after,strictly_before,"let storePath = resolveStorePath(cfg.session?.store, { agentId });"
entry-00306,1,4,src/agents/tools/session-status-tool.ts,262,262,262,no,none,ambiguous,both,"ep=strictly_after,co=strictly_before",strictly_after,strictly_before,"const modelRaw = readStringParam(params, ""model"");"
entry-00306,1,5,src/agents/tools/session-status-tool.ts,288,288,288,no,none,ambiguous,both,"ep=strictly_after,co=overlapping",strictly_after,overlapping,store[resolved.key] = nextEntry;
entry-00307,1,0,src/agents/tools/session-status-tool.ts,215,215,215,no,none,ambiguous,both,"ep=strictly_after,co=strictly_before",strictly_after,strictly_before,"      if (requestedKeyRaw.startsWith(""agent:"")) {"
entry-00307,1,1,src/agents/tools/session-status-tool.ts,227,227,227,no,none,ambiguous,both,"ep=strictly_after,co=strictly_before",strictly_after,strictly_before,      let resolved = resolveSessionEntry({
entry-00307,1,2,src/agents/tools/session-status-tool.ts,357,357,357,no,none,ambiguous,both,"ep=strictly_after,co=strictly_before",strictly_after,strictly_before,      const statusText = buildStatusMessage({
entry-00307,1,3,src/agents/tools/session-status-tool.ts,387,387,387,no,none,ambiguous,both,"ep=strictly_after,co=overlapping",strictly_after,overlapping,      return {
entry-00308,1,0,src/gateway/server/ws-connection/message-handler.ts,568,568,568,no,none,ambiguous,both,"ep=overlapping,co=strictly_before",overlapping,strictly_before,"          sharedAuthOk,"
entry-00308,1,1,src/gateway/server/ws-connection/message-handler.ts,646,646,646,no,none,ambiguous,both,"ep=strictly_after,co=overlapping",strictly_after,overlapping,          if (scopes.length > 0 && !controlUiAuthPolicy.allowBypass && !sharedAuthOk) {
entry-00309,1,0,src/gateway/server/ws-connection/message-handler.ts,510,510,510,no,none,ambiguous,both,"ep=overlapping,co=strictly_before",overlapping,strictly_before,        let scopes = Array.isArray(connectParams.scopes) ? connectParams.scopes : [];
entry-00309,1,1,src/gateway/server/ws-connection/message-handler.ts,571,571,571,no,none,ambiguous,both,"ep=strictly_after,co=strictly_before",strictly_after,strictly_before,        } = await resolveConnectAuthState({
entry-00309,1,2,src/gateway/server/ws-connection/message-handler.ts,645,645,645,no,none,ambiguous,both,"ep=strictly_after,co=overlapping",strictly_after,overlapping,        const clearUnboundScopes = () => {
entry-00309,1,3,src/gateway/server/ws-connection/message-handler.ts,651,651,651,no,after_critical,clear,both,strictly_after,strictly_after,strictly_after,        const handleMissingDeviceIdentity = (): boolean => {
entry-00309,1,4,src/gateway/server/ws-connection/message-handler.ts,702,702,702,no,after_critical,clear,both,strictly_after,strictly_after,strictly_after,        if (!handleMissingDeviceIdentity()) {
entry-00309,1,5,src/gateway/server/ws-connection/message-handler.ts,801,801,801,no,after_critical,clear,both,strictly_after,strictly_after,strictly_after,          shouldSkipBackendSelfPairing({
entry-00309,1,6,src/gateway/server/ws-connection/message-handler.ts,1112,1112,1112,no,after_critical,clear,both,strictly_after,strictly_after,strictly_after,        setClient(nextClient);
entry-00310,1,0,src/fastmcp/server/auth/oauth_proxy.py,992,992,992,no,after_critical,ambiguous,both,strictly_after,overlapping,strictly_after,    @override
entry-00310,1,1,src/fastmcp/server/auth/oauth_proxy.py,1036,1036,1036,no,after_critical,clear,both,strictly_after,strictly_after,strictly_after,"            resource=getattr(params, ""resource"", None),"
entry-00310,1,2,src/fastmcp/server/auth/oauth_proxy.py,810,810,810,no,before_entry,ambiguous,both,strictly_before,strictly_before,overlapping,"            audience=f""{str(self.base_url).rstrip('/')}/mcp"","
entry-00311,1,0,src/fastmcp/server/auth/auth.py,131,131,131,no,none,n/a,cross_file,n/a (cross-file),n/a,n/a,"def get_routes(
    self,
    mcp_path: str | None = None,
) -> list[Route]:"
entry-00311,1,1,src/fastmcp/server/auth/oauth_proxy.py,1635,1635,1635,no,after_critical,clear,both,strictly_after,strictly_after,strictly_after,"def get_routes(
    self,
    mcp_path: str | None = None,
) -> list[Route]:
    """"""Get OAuth routes"
entry-00311,1,2,src/fastmcp/server/auth/oauth_proxy.py,1651,1651,1651,no,after_critical,clear,both,strictly_after,strictly_after,strictly_after,routes = super().get_routes(mcp_path)
entry-00312,1,0,src/infra/device-bootstrap.ts,100,100,100,no,none,ambiguous,both,"ep=strictly_after,co=strictly_before",strictly_after,strictly_before,const state = await loadState(params.baseDir);
entry-00312,1,1,src/infra/device-bootstrap.ts,105,105,105,no,none,ambiguous,both,"ep=strictly_after,co=strictly_before",strictly_after,strictly_before,const entry = Object.values(state).find((candidate) =>
entry-00312,1,2,src/infra/device-bootstrap.ts,117,117,117,no,none,ambiguous,both,"ep=strictly_after,co=strictly_before",strictly_after,strictly_before,}
entry-00312,1,3,src/infra/device-bootstrap.ts,123,123,123,no,none,ambiguous,both,"ep=strictly_after,co=strictly_before",strictly_after,strictly_before,"return { ok: false, reason: ""bootstrap_token_invalid"" };"
entry-00312,1,4,src/infra/device-bootstrap.ts,125,125,125,no,none,ambiguous,both,"ep=strictly_after,co=overlapping",strictly_after,overlapping,"entry.roles = mergeRoles(entry.roles, role);"
entry-00312,1,5,src/infra/device-bootstrap.ts,126,126,126,no,after_critical,clear,both,strictly_after,strictly_after,strictly_after,entry.deviceId = deviceId;
entry-00312,1,6,src/infra/device-bootstrap.ts,128,128,128,no,after_critical,clear,both,strictly_after,strictly_after,strictly_after,"entry.roles = mergeRoles(entry.roles, role);"
entry-00312,1,7,src/infra/device-bootstrap.ts,129,129,129,no,after_critical,clear,both,strictly_after,strictly_after,strictly_after,"entry.scopes = mergeScopes(entry.scopes, params.scopes);"
entry-00313,1,0,airflow-core/src/airflow/api_fastapi/core_api/routes/public/dag_versions.py,84,84,84,no,none,ambiguous,both,"ep=overlapping,co=strictly_before",overlapping,strictly_before,"    dependencies=[Depends(requires_access_dag(method=""GET"", access_entity=DagAccessEntity.VERSION))]"
entry-00313,1,1,airflow-core/src/airflow/api_fastapi/core_api/routes/public/dag_versions.py,86,86,86,no,none,ambiguous,both,"ep=strictly_after,co=strictly_before",strictly_after,strictly_before,def get_dag_versions(
entry-00313,1,2,airflow-core/src/airflow/api_fastapi/core_api/security.py,164,164,164,no,none,n/a,cross_file,n/a (cross-file),n/a,n/a,"            dag_id = dag_id if dag_id != ""~"" else None"
entry-00313,1,3,airflow-core/src/airflow/api_fastapi/core_api/routes/public/dag_versions.py,113,113,113,no,none,ambiguous,both,"ep=strictly_after,co=strictly_before",strictly_after,strictly_before,"    if dag_id != ""~"":"
entry-00313,1,4,airflow-core/src/airflow/api_fastapi/core_api/security.py,242,242,242,no,none,n/a,cross_file,n/a (cross-file),n/a,n/a,    def depends_permitted_dags_filter(
entry-00313,1,5,airflow-core/src/airflow/api_fastapi/core_api/routes/public/dag_versions.py,117,117,117,no,none,ambiguous,both,"ep=strictly_after,co=overlapping",strictly_after,overlapping,"    dag_versions_select, total_entries = paginated_select("
entry-00314,1,0,airflow-core/src/airflow/api_fastapi/execution_api/routes/__init__.py,40,40,40,no,before_entry,clear,entry_file,strictly_before,strictly_before,n/a,authenticated_router = VersionedAPIRouter(dependencies=[JWTBearerDep])  # type: ignore[list-item]
entry-00314,1,1,airflow-core/src/airflow/api_fastapi/execution_api/deps.py,100,100,100,no,none,n/a,cross_file,n/a (cross-file),n/a,n/a,JWTBearerDep: TIToken = Depends(JWTBearer())
entry-00314,1,2,airflow-core/src/airflow/api_fastapi/execution_api/routes/hitl.py,34,34,34,no,none,n/a,critical_file,strictly_before,n/a,strictly_before,router = APIRouter()
entry-00314,1,3,airflow-core/src/airflow/api_fastapi/execution_api/routes/hitl.py,130,130,130,no,none,n/a,critical_file,strictly_before,n/a,strictly_before,"@router.get(
    ""/{task_instance_id}"",
    status_code=status.HTTP_200_OK,
)"
entry-00314,1,4,airflow-core/src/airflow/api_fastapi/execution_api/routes/hitl.py,134,134,134,no,none,n/a,critical_file,strictly_before,n/a,strictly_before,"def get_hitl_detail(
    task_instance_id: UUID,
    session: SessionDep,
) -> HITLDetailResponse:"
entry-00314,1,5,airflow-core/src/airflow/api_fastapi/execution_api/routes/hitl.py,142,142,142,no,after_critical,clear,critical_file,strictly_after,n/a,strictly_after,"    hitl_detail_model = _check_hitl_detail_exists(hitl_detail_model_result)
    return HITLDetailRes"
entry-00315,1,0,airflow-core/src/airflow/api_fastapi/execution_api/routes/__init__.py,40,40,40,no,before_entry,clear,entry_file,strictly_before,strictly_before,n/a,authenticated_router = VersionedAPIRouter(dependencies=[JWTBearerDep])  # type: ignore[list-item]
entry-00315,1,1,airflow-core/src/airflow/api_fastapi/execution_api/deps.py,100,100,100,no,none,n/a,cross_file,n/a (cross-file),n/a,n/a,JWTBearerDep: TIToken = Depends(JWTBearer())
entry-00315,1,2,airflow-core/src/airflow/api_fastapi/execution_api/routes/hitl.py,34,34,34,no,none,n/a,critical_file,strictly_before,n/a,strictly_before,router = APIRouter()
entry-00315,1,3,airflow-core/src/airflow/api_fastapi/execution_api/routes/hitl.py,104,104,104,no,none,n/a,critical_file,strictly_before,n/a,strictly_before,"@router.patch(""/{task_instance_id}"")"
entry-00315,1,4,airflow-core/src/airflow/api_fastapi/execution_api/routes/hitl.py,111,111,111,no,after_critical,ambiguous,critical_file,overlapping,n/a,overlapping,"hitl_detail_model_result = session.execute(
        select(HITLDetail).where(HITLDetail.ti_id == tas"
entry-00315,1,5,airflow-core/src/airflow/api_fastapi/execution_api/routes/hitl.py,114,114,114,no,after_critical,clear,critical_file,strictly_after,n/a,strictly_after,hitl_detail_model = _check_hitl_detail_exists(hitl_detail_model_result)
entry-00316,1,0,airflow-core/src/airflow/api_fastapi/execution_api/routes/hitl.py,39,39,39,no,none,ambiguous,both,"ep=overlapping,co=strictly_before",overlapping,strictly_before,@router.post(
entry-00316,1,1,airflow-core/src/airflow/api_fastapi/execution_api/routes/__init__.py,22,22,22,no,none,n/a,cross_file,n/a (cross-file),n/a,n/a,from airflow.api_fastapi.execution_api.deps import JWTBearerDep
entry-00316,1,2,airflow-core/src/airflow/api_fastapi/execution_api/deps.py,103,103,103,no,none,n/a,cross_file,n/a (cross-file),n/a,n/a,"JWTBearerTIPathDep = Depends(JWTBearer(path_param_name=""task_instance_id""))"
entry-00316,1,3,airflow-core/src/airflow/api_fastapi/execution_api/routes/hitl.py,43,43,43,no,none,ambiguous,both,"ep=strictly_after,co=strictly_before",strictly_after,strictly_before,def upsert_hitl_detail(
entry-00316,1,4,airflow-core/src/airflow/api_fastapi/execution_api/routes/hitl.py,63,63,63,no,none,ambiguous,both,"ep=strictly_after,co=overlapping",strictly_after,overlapping,    hitl_detail_model = session.scalar(select(HITLDetail).where(HITLDetail.ti_id == task_instance_id
entry-00317,1,0,src/backend/base/langflow/api/v1/api_key.py,44-48,44,48,no,before_entry,ambiguous,entry_file,overlapping,overlapping,n/a,"@router.delete(""/{api_key_id}"", dependencies=[Depends(auth_utils.get_current_active_user)])
async de"
entry-00317,1,1,src/backend/base/langflow/api/v1/api_key.py,50,50,50,no,none,n/a,entry_file,strictly_after,strictly_after,n/a,"        await delete_api_key(db, api_key_id)"
entry-00317,1,2,src/backend/base/langflow/services/database/models/api_key/crud.py,44-49,44,49,no,after_critical,ambiguous,critical_file,overlapping,n/a,overlapping,"async def delete_api_key(session: AsyncSession, api_key_id: UUID) -> None:
    api_key = await sessi"
entry-00318,1,0,extensions/synology-chat/src/webhook-handler.ts,109,109,109,no,none,n/a,entry_file,strictly_after,strictly_after,n/a,"  return async (req: IncomingMessage, res: ServerResponse) => {"
entry-00318,1,1,extensions/synology-chat/src/webhook-handler.ts,127,127,127,no,none,n/a,entry_file,strictly_after,strictly_after,n/a,    const payload = parsePayload(body);
entry-00318,1,2,extensions/synology-chat/src/webhook-handler.ts,134,134,134,no,none,n/a,entry_file,strictly_after,strictly_after,n/a,"    if (!validateToken(payload.token, account.token)) {"
entry-00318,1,3,extensions/synology-chat/src/webhook-handler.ts,141,141,141,no,none,n/a,entry_file,strictly_after,strictly_after,n/a,    if (
entry-00318,1,4,extensions/synology-chat/src/security.ts,27,27,27,no,none,n/a,critical_file,strictly_before,n/a,strictly_before,"export function checkUserAllowed(userId: string, allowedUserIds: string[]): boolean {"
entry-00318,1,5,extensions/synology-chat/src/security.ts,28,28,28,no,after_critical,ambiguous,critical_file,overlapping,n/a,overlapping,  if (allowedUserIds.length === 0) return true;
entry-00318,1,6,extensions/synology-chat/src/webhook-handler.ts,183,183,183,no,none,n/a,entry_file,strictly_after,strictly_after,n/a,      const sessionKey = `synology-chat-${payload.user_id}`;
entry-00318,1,7,extensions/synology-chat/src/channel.ts,249,249,249,no,none,n/a,cross_file,n/a (cross-file),n/a,n/a,            await rt.channel.reply.dispatchReplyWithBufferedBlockDispatcher({
entry-00319,1,0,nltk/app/wordnet_app.py,86,86,86,no,none,ambiguous,both,"ep=strictly_after,co=strictly_before",strictly_after,strictly_before,        sp = self.path[1:]
entry-00319,1,1,nltk/app/wordnet_app.py,87,87,87,no,none,ambiguous,both,"ep=strictly_after,co=strictly_before",strictly_after,strictly_before,"        if unquote_plus(sp) == ""SHUTDOWN THE SERVER"":"
entry-00319,1,2,nltk/app/wordnet_app.py,88,88,88,no,none,ambiguous,both,"ep=strictly_after,co=strictly_before",strictly_after,strictly_before,            if server_mode:
entry-00319,1,3,nltk/app/wordnet_app.py,219,219,219,no,after_critical,clear,both,strictly_after,strictly_after,strictly_after,    server_mode = not runBrowser
entry-00319,1,4,nltk/app/wordnet_app.py,242,242,242,no,after_critical,clear,both,strictly_after,strictly_after,strictly_after,"    server = HTTPServer(("""", port), MyServerHandler)"
entry-00319,1,5,nltk/app/wordnet_app.py,93,93,93,no,none,ambiguous,both,"ep=strictly_after,co=overlapping",strictly_after,overlapping,                os._exit(0)
entry-00320,0,0,src/backend/base/langflow/api/v2/files.py,163-166,163,166,no,before_entry,ambiguous,entry_file,overlapping,overlapping,n/a,"        try:
            root_filename, file_extension = new_filename.rsplit(""."", 1)
        except "
entry-00320,0,1,src/backend/base/langflow/api/v2/files.py,205-214,205,214,no,none,n/a,entry_file,strictly_after,strictly_after,n/a,"                for my_file in files:
                    match = re.search(r""\((\d+)\)(?=\.\w+$|$)"""
entry-00320,0,2,src/backend/base/langflow/api/v2/files.py,119-122,119,122,no,before_entry,clear,entry_file,strictly_before,strictly_before,n/a,"    if not file_content:
        file_content = await file.read()
    if not file_name:
        file"
entry-00320,0,3,src/backend/base/langflow/services/storage/local.py,120,120,120,no,after_critical,ambiguous,critical_file,overlapping,n/a,overlapping,"            async with async_open(str(file_path), mode) as f:"
entry-00321,1,0,src/backend/base/langflow/api/v2/files.py,162,162,162,no,before_entry,ambiguous,entry_file,overlapping,overlapping,n/a,        new_filename = file.filename
entry-00321,1,1,src/backend/base/langflow/api/v2/files.py,192,192,192,no,none,n/a,entry_file,strictly_after,strictly_after,n/a,"                unique_filename = f""{root_filename}.{file_extension}"" if file_extension else root_fi"
entry-00321,1,2,src/backend/base/langflow/services/storage/local.py,116,116,116,no,after_critical,ambiguous,critical_file,overlapping,n/a,overlapping,        file_path = folder_path / file_name
entry-00322,1,0,src/agents/bash-tools.exec-host-gateway.ts,57,57,57,no,before_entry,ambiguous,entry_file,overlapping,overlapping,n/a,export async function processGatewayAllowlist(
entry-00322,1,1,src/agents/bash-tools.exec-host-gateway.ts,157,157,157,no,none,n/a,entry_file,strictly_after,strictly_after,n/a,"      } else if (decision === ""allow-always"") {"
entry-00322,1,2,src/agents/bash-tools.exec-host-gateway.ts,160,160,160,no,none,n/a,entry_file,strictly_after,strictly_after,n/a,          const patterns = resolveAllowAlwaysPatterns({
entry-00322,1,3,src/infra/exec-approvals-allowlist.ts,340,340,340,no,none,n/a,cross_file,n/a (cross-file),n/a,n/a,export function resolveAllowAlwaysPatterns(params: {
entry-00322,1,4,src/infra/exec-approvals-allowlist.ts,291,291,291,no,none,n/a,cross_file,n/a (cross-file),n/a,n/a,function collectAllowAlwaysPatterns(params: {
entry-00322,1,5,src/infra/exec-approvals-allowlist.ts,303,303,303,no,none,n/a,cross_file,n/a (cross-file),n/a,n/a,  if (!isShellWrapperSegment(params.segment)) {
entry-00322,1,6,src/infra/exec-approvals-allowlist.ts,218,218,218,no,none,n/a,cross_file,n/a (cross-file),n/a,n/a,const SHELL_WRAPPER_EXECUTABLES = new Set([
entry-00322,1,7,src/infra/exec-approvals.ts,480,480,480,no,after_critical,ambiguous,critical_file,overlapping,n/a,overlapping,"  allowlist.push({ id: crypto.randomUUID(), pattern: trimmed, lastUsedAt: Date.now() });"
entry-00323,1,0,src/agents/bash-tools.exec-host-node.ts,44,44,44,no,none,ambiguous,both,"ep=overlapping,co=strictly_before",overlapping,strictly_before,export async function executeNodeHostCommand(
entry-00323,1,1,src/agents/bash-tools.exec-host-node.ts,102,102,102,no,none,ambiguous,both,"ep=strictly_after,co=strictly_before",strictly_after,strictly_before,"  if (hostAsk === ""on-miss"" && hostSecurity === ""allowlist"" && analysisOk) {"
entry-00323,1,2,src/agents/bash-tools.exec-host-node.ts,217,217,217,no,none,ambiguous,both,"ep=strictly_after,co=strictly_before",strictly_after,strictly_before,"      } else if (decision === ""allow-always"") {"
entry-00323,1,3,src/agents/bash-tools.exec-host-node.ts,244,244,244,no,none,ambiguous,both,"ep=strictly_after,co=overlapping",strictly_after,overlapping,        await callGatewayTool(
entry-00324,1,0,src/backend/base/langflow/api/v1/files.py,138,138,138,no,none,ambiguous,both,"ep=overlapping,co=strictly_before",overlapping,strictly_before,"@router.get(""/images/{flow_id}/{file_name}"")"
entry-00324,1,1,src/backend/base/langflow/api/v1/files.py,139,139,139,no,none,ambiguous,both,"ep=strictly_after,co=strictly_before",strictly_after,strictly_before,async def download_image(
entry-00324,1,2,src/backend/base/langflow/api/v1/files.py,141,141,141,no,none,ambiguous,both,"ep=strictly_after,co=strictly_before",strictly_after,strictly_before,"    flow_id: UUID,"
entry-00324,1,3,src/backend/base/langflow/api/v1/files.py,144,144,144,no,none,ambiguous,both,"ep=strictly_after,co=strictly_before",strictly_after,strictly_before,    storage_service = get_storage_service()
entry-00324,1,4,src/backend/base/langflow/api/v1/files.py,146,146,146,no,none,ambiguous,both,"ep=strictly_after,co=strictly_before",strictly_after,strictly_before,    flow_id_str = str(flow_id)
entry-00324,1,5,src/backend/base/langflow/api/v1/files.py,157,157,157,no,none,ambiguous,both,"ep=strictly_after,co=strictly_before",strictly_after,strictly_before,"    if not content_type.startswith(""image""):"
entry-00324,1,6,src/backend/base/langflow/api/v1/files.py,161,161,161,no,none,ambiguous,both,"ep=strictly_after,co=overlapping",strictly_after,overlapping,"        file_content = await storage_service.get_file(flow_id=flow_id_str, file_name=file_name)"
entry-00324,1,7,src/backend/base/langflow/api/v1/files.py,162,162,162,no,after_critical,clear,both,strictly_after,strictly_after,strictly_after,"        return StreamingResponse(BytesIO(file_content), media_type=content_type)"
entry-00325,1,0,src/backend/base/langflow/api/v1/files.py,168,168,168,no,none,ambiguous,both,"ep=overlapping,co=strictly_before",overlapping,strictly_before,"@router.get(""/profile_pictures/{folder_name}/{file_name}"")"
entry-00325,1,1,src/backend/base/langflow/api/v1/files.py,182,182,182,no,none,ambiguous,both,"ep=strictly_after,co=strictly_before",strictly_after,strictly_before,"        if "".."" in folder_name or "".."" in file_name:"
entry-00325,1,2,src/backend/base/langflow/api/v1/files.py,193,193,193,no,none,ambiguous,both,"ep=strictly_after,co=strictly_before",strictly_after,strictly_before,"        if ""/"" in file_name or ""\\"" in file_name:"
entry-00325,1,3,src/backend/base/langflow/api/v1/files.py,201,201,201,no,none,ambiguous,both,"ep=strictly_after,co=strictly_before",strictly_after,strictly_before,"        file_path = (config_path / ""profile_pictures"" / folder_name / file_name).resolve()"
entry-00325,1,4,src/backend/base/langflow/api/v1/files.py,206,206,206,no,none,ambiguous,both,"ep=strictly_after,co=strictly_before",strictly_after,strictly_before,        if not str(file_path).startswith(str(allowed_base)):
entry-00325,1,5,src/backend/base/langflow/api/v1/files.py,230,230,230,no,none,ambiguous,both,"ep=strictly_after,co=overlapping",strictly_after,overlapping,        file_content = await anyio.Path(file_path).read_bytes()
entry-00326,1,0,src/backend/base/langflow/api/v1/files.py,169,169,169,no,none,ambiguous,both,"ep=overlapping,co=strictly_before",overlapping,strictly_before,async def download_profile_picture(
entry-00326,1,1,src/backend/base/langflow/api/v1/files.py,197,197,197,no,none,ambiguous,both,"ep=strictly_after,co=strictly_before",strictly_after,strictly_before,        config_dir = settings_service.settings.config_dir
entry-00326,1,2,src/backend/base/langflow/api/v1/files.py,205,205,205,no,none,ambiguous,both,"ep=strictly_after,co=strictly_before",strictly_after,strictly_before,"        allowed_base = (config_path / ""profile_pictures"").resolve()"
entry-00326,1,3,src/backend/base/langflow/api/v1/files.py,211,211,211,no,none,ambiguous,both,"ep=strictly_after,co=strictly_before",strictly_after,strictly_before,        if not file_path.exists():
entry-00326,1,4,src/backend/base/langflow/api/v1/files.py,215,215,215,no,none,ambiguous,both,"ep=strictly_after,co=strictly_before",strictly_after,strictly_before,            package_path = (package_base / folder_name / file_name).resolve()
entry-00326,1,5,src/backend/base/langflow/api/v1/files.py,219,219,219,no,none,ambiguous,both,"ep=strictly_after,co=strictly_before",strictly_after,strictly_before,            if not str(package_path).startswith(str(allowed_package_base)):
entry-00326,1,6,src/backend/base/langflow/api/v1/files.py,231,231,231,no,none,ambiguous,both,"ep=strictly_after,co=overlapping",strictly_after,overlapping,"        return StreamingResponse(BytesIO(file_content), media_type=content_type)"
entry-00327,1,0,src/agents/tools/sessions-spawn-tool.ts,46,46,46,no,before_entry,ambiguous,entry_file,overlapping,overlapping,n/a,"    execute: async (_toolCallId, args) => {"
entry-00327,1,1,src/agents/tools/sessions-spawn-tool.ts,90,90,90,no,none,n/a,entry_file,strictly_after,strictly_after,n/a,          : await spawnSubagentDirect(
entry-00327,1,2,src/agents/subagent-spawn.ts,218,218,218,no,none,n/a,critical_file,strictly_before,n/a,strictly_before,  const requesterInternalKey = requesterSessionKey
entry-00327,1,3,src/agents/subagent-spawn.ts,234,234,234,no,none,n/a,critical_file,strictly_before,n/a,strictly_before,  if (callerDepth >= maxSpawnDepth) {
entry-00327,1,4,src/agents/subagent-spawn.ts,243,243,243,no,none,n/a,critical_file,strictly_before,n/a,strictly_before,  if (activeChildren >= maxChildren) {
entry-00327,1,5,src/agents/subagent-spawn.ts,263,263,263,no,none,n/a,critical_file,strictly_before,n/a,strictly_before,    if (!allowAny && !allowSet.has(normalizedTargetId)) {
entry-00327,1,6,src/agents/subagent-spawn.ts,271,271,271,no,after_critical,ambiguous,critical_file,overlapping,n/a,overlapping,  const childSessionKey = `agent:${targetAgentId}:subagent:${crypto.randomUUID()}`;
entry-00328,1,0,src/gateway/tools-invoke-http.ts,127,127,127,no,before_entry,ambiguous,entry_file,overlapping,overlapping,n/a,export async function handleToolsInvokeHttpRequest(
entry-00328,1,1,src/gateway/auth.ts,261,261,261,no,none,n/a,critical_file,strictly_before,n/a,strictly_before,  }
entry-00328,1,2,src/gateway/auth.ts,271,271,271,no,none,n/a,critical_file,strictly_before,n/a,strictly_before,"    if (!auth.trustedProxy.userHeader || auth.trustedProxy.userHeader.trim() === """") {"
entry-00328,1,3,src/gateway/auth.ts,380,380,380,no,after_critical,ambiguous,critical_file,overlapping,n/a,overlapping,    const tailscaleCheck = await resolveVerifiedTailscaleUser({
entry-00329,1,0,src/gateway/server-http.ts,528,528,528,no,before_entry,ambiguous,entry_file,overlapping,overlapping,n/a,"        if (requestPath.startsWith(""/api/channels/"")) {"
entry-00329,1,1,src/gateway/server-http.ts,530,530,530,no,none,n/a,entry_file,strictly_after,strictly_after,n/a,          const authResult = await authorizeGatewayConnect({
entry-00329,1,2,src/gateway/auth.ts,379,379,379,no,after_critical,ambiguous,critical_file,overlapping,n/a,overlapping,  if (auth.allowTailscale && !localDirect) {
entry-00330,1,0,src/gateway/http-auth-helpers.ts,7,7,7,no,before_entry,ambiguous,entry_file,overlapping,overlapping,n/a,export async function authorizeGatewayBearerRequestOrReply(params: {
entry-00330,1,1,src/gateway/http-auth-helpers.ts,14,14,14,no,none,n/a,entry_file,strictly_after,strictly_after,n/a,  const token = getBearerToken(params.req);
entry-00330,1,2,src/gateway/auth.ts,380,380,380,no,after_critical,ambiguous,critical_file,overlapping,n/a,overlapping,    const tailscaleCheck = await resolveVerifiedTailscaleUser({
entry-00331,1,0,src/gateway/server/ws-connection/message-handler.ts,349,349,349,no,before_entry,ambiguous,entry_file,overlapping,overlapping,n/a,let authResult: GatewayAuthResult = await authorizeGatewayConnect({
entry-00331,1,1,src/gateway/auth.ts,380,380,380,no,after_critical,ambiguous,critical_file,overlapping,n/a,overlapping,const tailscaleCheck = await resolveVerifiedTailscaleUser({
entry-00332,1,0,.github/workflows/reusable-release.yaml,81,81,81,no,none,ambiguous,both,"ep=overlapping,co=strictly_before",overlapping,strictly_before,        uses: actions/checkout@70379aad1a8b40919ce8b382d3cd7d0315cde1d0 # v6.0.2
entry-00332,1,1,.github/workflows/reusable-release.yaml,83,83,83,no,none,ambiguous,both,"ep=strictly_after,co=strictly_before",strictly_after,strictly_before,          fetch-depth: 0
entry-00332,1,2,.github/workflows/reusable-release.yaml,111,111,111,no,none,ambiguous,both,"ep=strictly_after,co=overlapping",strictly_after,overlapping,          args: release --skip=validate -f=${{ inputs.goreleaser_config}} ${{ inputs.goreleaser_opti
entry-00333,1,0,.github/workflows/canary.yaml,16,16,16,no,before_entry,ambiguous,entry_file,overlapping,overlapping,n/a,    uses: ./.github/workflows/reusable-release.yaml
entry-00333,1,1,.github/workflows/canary.yaml,18,18,18,no,none,n/a,entry_file,strictly_after,strictly_after,n/a,      goreleaser_config: goreleaser-canary.yml
entry-00333,1,2,.github/workflows/reusable-release.yaml,108,108,108,no,none,n/a,critical_file,strictly_before,n/a,strictly_before,        uses: goreleaser/goreleaser-action@ec59f474b9834571250b370d4735c50f8e2d1e29 # v7.0.0
entry-00333,1,3,.github/workflows/reusable-release.yaml,127,127,127,no,after_critical,ambiguous,critical_file,overlapping,n/a,overlapping,        uses: docker/build-push-action@10e90e3645eae34f1e60eeb005ba3a3d33f178e8 # v6.19.2
entry-00334,1,0,goreleaser.yml,6,6,6,no,before_entry,ambiguous,entry_file,overlapping,overlapping,n/a,    main: ./cmd/trivy/
entry-00334,1,1,.github/workflows/release.yaml,12,12,12,no,none,n/a,critical_file,strictly_before,n/a,strictly_before,      goreleaser_config: goreleaser.yml
entry-00334,1,2,.github/workflows/release.yaml,149,149,149,no,none,n/a,critical_file,strictly_before,n/a,strictly_before,"          VERSION=""${GITHUB_REF_NAME#v}"""
entry-00334,1,3,.github/workflows/release.yaml,150-153,150,153,no,after_critical,ambiguous,critical_file,overlapping,n/a,overlapping,"          gh workflow run bump-trivy.yaml \
            --repo ""$GITHUB_REPOSITORY_OWNER/trivy-actio"
entry-00335,1,0,nemo/lightning/io/hf.py,226,226,226,no,none,ambiguous,both,"ep=overlapping,co=strictly_before",overlapping,strictly_before,    def load_checkpoint(
entry-00335,1,1,nemo/lightning/io/hf.py,247,247,247,no,none,ambiguous,both,"ep=strictly_after,co=strictly_before",strictly_after,strictly_before,        path = Path(path)
entry-00335,1,2,nemo/lightning/io/hf.py,251,251,251,no,none,ambiguous,both,"ep=strictly_after,co=strictly_before",strictly_after,strictly_before,        if not (path / 'trainer.pt').exists():
entry-00335,1,3,nemo/lightning/io/hf.py,254,254,254,no,none,ambiguous,both,"ep=strictly_after,co=overlapping",strictly_after,overlapping,            trainer_state = torch.load(
entry-00336,1,0,nemo/collections/common/callbacks/ema.py,119,119,119,no,none,ambiguous,both,"ep=overlapping,co=strictly_before",overlapping,strictly_before,    def on_load_checkpoint(
entry-00336,1,1,nemo/collections/common/callbacks/ema.py,125,125,125,no,none,ambiguous,both,"ep=strictly_after,co=strictly_before",strictly_after,strictly_before,        ckpt_path = trainer.ckpt_path
entry-00336,1,2,nemo/collections/common/callbacks/ema.py,136,136,136,no,none,ambiguous,both,"ep=strictly_after,co=strictly_before",strictly_after,strictly_before,"            ema_path = ckpt_path.replace(ext, f'-EMA{ext}')"
entry-00336,1,3,nemo/collections/common/callbacks/ema.py,137,137,137,no,none,ambiguous,both,"ep=strictly_after,co=strictly_before",strictly_after,strictly_before,            if os.path.exists(ema_path):
entry-00336,1,4,nemo/collections/common/callbacks/ema.py,138,138,138,no,none,ambiguous,both,"ep=strictly_after,co=overlapping",strictly_after,overlapping,"                ema_state_dict = torch.load(ema_path, map_location=torch.device('cpu'), weights_only"
entry-00337,1,0,nemo/utils/callbacks/nemo_model_checkpoint.py,212,212,212,no,none,ambiguous,both,"ep=overlapping,co=strictly_before",overlapping,strictly_before,"    def on_save_checkpoint(self, trainer, pl_module, checkpoint):"
entry-00337,1,1,nemo/utils/callbacks/nemo_model_checkpoint.py,226,226,226,no,none,ambiguous,both,"ep=strictly_after,co=strictly_before",strictly_after,strictly_before,            maybe_injected_best_model_path = inject_model_parallel_rank(self.best_model_path)
entry-00337,1,2,nemo/utils/callbacks/nemo_model_checkpoint.py,230,230,230,no,none,ambiguous,both,"ep=strictly_after,co=strictly_before",strictly_after,strictly_before,        if self.save_best_model:
entry-00337,1,3,nemo/utils/callbacks/nemo_model_checkpoint.py,231,231,231,no,none,ambiguous,both,"ep=strictly_after,co=strictly_before",strictly_after,strictly_before,            if not os.path.exists(maybe_injected_best_model_path):
entry-00337,1,4,nemo/utils/callbacks/nemo_model_checkpoint.py,240,240,240,no,none,ambiguous,both,"ep=strictly_after,co=overlapping",strictly_after,overlapping,"            checkpoint = torch.load(maybe_injected_best_model_path, map_location='cpu', weights_only"
entry-00338,1,0,examples/tts/magpietts_inference.py,367,367,367,no,before_entry,ambiguous,entry_file,overlapping,overlapping,n/a,"'--checkpoint_files',"
entry-00338,1,1,examples/tts/magpietts_inference.py,582,582,582,no,none,n/a,entry_file,strictly_after,strictly_after,n/a,"checkpoint_files = args.checkpoint_files.split("","")"
entry-00338,1,2,examples/tts/magpietts_inference.py,592,592,592,no,none,n/a,entry_file,strictly_after,strictly_after,n/a,"checkpoint_file=checkpoint_file,"
entry-00338,1,3,examples/tts/magpietts_inference.py,185,185,185,no,before_entry,clear,entry_file,strictly_before,strictly_before,n/a,"model, checkpoint_name = load_magpie_model(model_config)"
entry-00338,1,4,nemo/collections/tts/modules/magpietts_inference/utils.py,200,200,200,no,none,n/a,critical_file,strictly_before,n/a,strictly_before,if config.hparams_file is not None and config.checkpoint_file is not None:
entry-00338,1,5,nemo/collections/tts/modules/magpietts_inference/utils.py,223,223,223,no,after_critical,ambiguous,critical_file,overlapping,n/a,overlapping,"ckpt = torch.load(config.checkpoint_file, weights_only=False)"
entry-00339,1,0,nemo/collections/multimodal/speech_llm/models/modular_models.py,1088,1088,1088,no,none,ambiguous,both,"ep=overlapping,co=strictly_before",overlapping,strictly_before,        if cfg.model.peft.restore_from_path:
entry-00339,1,1,nemo/collections/multimodal/speech_llm/models/modular_models.py,1095,1095,1095,no,none,ambiguous,both,"ep=strictly_after,co=overlapping",strictly_after,overlapping,"                torch_state_dict = torch.load(cfg.model.peft.restore_from_path, weights_only=False)["
entry-00340,1,0,nemo/collections/multimodal/speech_llm/models/modular_models.py,1097,1097,1097,no,none,ambiguous,both,"ep=overlapping,co=strictly_before",overlapping,strictly_before,        elif cfg.model.peft.restore_from_ckpt.checkpoint_dir and cfg.model.peft.restore_from_ckpt.ch
entry-00340,1,1,nemo/collections/multimodal/speech_llm/models/modular_models.py,1098,1098,1098,no,none,ambiguous,both,"ep=strictly_after,co=strictly_before",strictly_after,strictly_before,            checkpoint_path = os.path.join(
entry-00340,1,2,nemo/collections/multimodal/speech_llm/models/modular_models.py,1114,1114,1114,no,none,ambiguous,both,"ep=strictly_after,co=overlapping",strictly_after,overlapping,"                    model.load_state_dict(torch.load(checkpoint_path, weights_only=False), strict=Fa"
entry-00341,1,0,nemo/collections/multimodal/speech_llm/parts/mixins/adapter_mixin.py,33-38,33,38,no,none,ambiguous,both,"ep=overlapping,co=strictly_before",overlapping,strictly_before,"    def load_adapters(
        self,
        filepath: str,
        peft_cfgs: Optional[Union[PEFTCo"
entry-00341,1,1,nemo/collections/multimodal/speech_llm/parts/mixins/adapter_mixin.py,64,64,64,no,none,ambiguous,both,"ep=strictly_after,co=strictly_before",strictly_after,strictly_before,        elif filepath.endswith('.ckpt'):
entry-00341,1,2,nemo/collections/multimodal/speech_llm/parts/mixins/adapter_mixin.py,65,65,65,no,none,ambiguous,both,"ep=strictly_after,co=overlapping",strictly_after,overlapping,"            state_dict = torch.load(filepath, map_location, weights_only=False)['state_dict']"
entry-00342,1,0,nemo/core/classes/mixins/adapter_mixins.py,933,933,933,no,none,ambiguous,both,"ep=overlapping,co=strictly_before",overlapping,strictly_before,"    def load_adapters(self, filepath: str, name: str = None, map_location: str = None, strict: bool "
entry-00342,1,1,nemo/core/classes/mixins/adapter_mixins.py,962,962,962,no,none,ambiguous,both,"ep=strictly_after,co=overlapping",strictly_after,overlapping,"        state_dict = torch.load(filepath, map_location=map_location, weights_only=False)"
entry-00343,1,0,nemo/collections/common/callbacks/ema.py,136,136,136,no,none,ambiguous,both,"ep=overlapping,co=strictly_before",overlapping,strictly_before,"            ema_path = ckpt_path.replace(ext, f'-EMA{ext}')"
entry-00343,1,1,nemo/collections/common/callbacks/ema.py,138,138,138,no,none,ambiguous,both,"ep=strictly_after,co=overlapping",strictly_after,overlapping,"                ema_state_dict = torch.load(ema_path, map_location=torch.device('cpu'), weights_only"
entry-00344,1,0,nemo/utils/callbacks/nemo_model_checkpoint.py,228,228,228,no,none,ambiguous,both,"ep=overlapping,co=strictly_before",overlapping,strictly_before,            maybe_injected_best_model_path = self.best_model_path
entry-00344,1,1,nemo/utils/callbacks/nemo_model_checkpoint.py,226,226,226,no,before_entry,clear,both,strictly_before,strictly_before,strictly_before,            maybe_injected_best_model_path = inject_model_parallel_rank(self.best_model_path)
entry-00344,1,2,nemo/utils/callbacks/nemo_model_checkpoint.py,240,240,240,no,none,ambiguous,both,"ep=strictly_after,co=overlapping",strictly_after,overlapping,"            checkpoint = torch.load(maybe_injected_best_model_path, map_location='cpu', weights_only"
entry-00345,1,0,nemo/collections/speechlm2/parts/pretrained.py,169,169,169,no,none,ambiguous,both,"ep=overlapping,co=strictly_before",overlapping,strictly_before,"    if "".safetensors"" in checkpoint_path:"
entry-00345,1,1,nemo/collections/speechlm2/parts/pretrained.py,172,172,172,no,none,ambiguous,both,"ep=strictly_after,co=overlapping",strictly_after,overlapping,"        checkpoint_state = torch.load(checkpoint_path, weights_only=False, map_location=""cpu"")[""stat"
entry-00346,1,0,nemo/collections/llm/gpt/model/hyena.py,812,812,812,no,none,ambiguous,both,"ep=overlapping,co=strictly_before",overlapping,strictly_before,        if os.path.exists(str(self)):
entry-00346,1,1,nemo/collections/llm/gpt/model/hyena.py,814,814,814,no,none,ambiguous,both,"ep=strictly_after,co=overlapping",strictly_after,overlapping,"            return torch.load(str(self), map_location='cpu', weights_only=False)"
entry-00347,1,0,nemo/collections/llm/gpt/model/hyena.py,827,827,827,no,none,ambiguous,both,"ep=overlapping,co=strictly_before",overlapping,strictly_before,                weights_path = hf_hub_download(
entry-00347,1,1,nemo/collections/llm/gpt/model/hyena.py,873,873,873,no,none,ambiguous,both,"ep=strictly_after,co=overlapping",strictly_after,overlapping,"        return torch.load(weights_path, map_location='cpu', weights_only=False)"
entry-00348,1,0,nemo/collections/tts/models/magpietts_preference_optimization.py,226,226,226,no,none,ambiguous,both,"ep=overlapping,co=strictly_before",overlapping,strictly_before,"    def __init__(self, cfg: DictConfig, trainer: 'Trainer' = None):"
entry-00348,1,1,nemo/collections/tts/models/magpietts_preference_optimization.py,228,228,228,no,none,ambiguous,both,"ep=strictly_after,co=strictly_before",strictly_after,strictly_before,        ref_model_cfg = copy.deepcopy(cfg)
entry-00348,1,2,nemo/collections/tts/models/magpietts_preference_optimization.py,234,234,234,no,none,ambiguous,both,"ep=strictly_after,co=strictly_before",strictly_after,strictly_before,        self._reference_model.load_state_dict(
entry-00348,1,3,nemo/collections/tts/models/magpietts_preference_optimization.py,235,235,235,no,none,ambiguous,both,"ep=strictly_after,co=overlapping",strictly_after,overlapping,"            torch.load(cfg.reference_model_ckpt_path, map_location=""cpu"", weights_only=False)['state"
entry-00349,1,0,packages/nodes-base/nodes/Merge/v3/actions/router.ts,7-16,7,16,no,none,n/a,cross_file,n/a (cross-file),n/a,n/a,"export async function router(this: IExecuteFunctions) {
	const inputsData = getNodeInputsData.call(t"
entry-00349,1,1,packages/nodes-base/nodes/Merge/v3/actions/mode/combineBySql.ts,146-153,146,153,no,before_entry,clear,both,strictly_before,strictly_before,strictly_before,"export async function execute(
	this: IExecuteFunctions,
	inputsData: INodeExecutionData[][],
): Pro"
entry-00349,1,2,packages/nodes-base/nodes/Merge/v3/actions/mode/combineBySql.ts,2,2,2,no,before_entry,clear,both,strictly_before,strictly_before,strictly_before,import alasql from 'alasql';
entry-00349,1,3,packages/nodes-base/nodes/Merge/v3/actions/mode/combineBySql.ts,185,185,185,no,none,ambiguous,both,"ep=strictly_after,co=strictly_before",strictly_after,strictly_before,	const db: typeof Database = new (alasql as any).Database(node.id);
entry-00349,1,4,packages/nodes-base/nodes/Merge/v3/actions/mode/combineBySql.ts,236,236,236,no,none,ambiguous,both,"ep=strictly_after,co=overlapping",strictly_after,overlapping,		const result: IDataObject[] = db.exec(query);
entry-00350,1,0,packages/nodes-base/nodes/Merge/v3/actions/mode/combineBySql.ts,155,155,155,no,after_critical,ambiguous,both,strictly_after,overlapping,strictly_after,"let query = this.getNodeParameter('query', 0) as string;"
entry-00350,1,1,packages/nodes-base/nodes/Merge/v3/actions/mode/combineBySql.ts,165-171,165,171,no,after_critical,clear,both,strictly_after,strictly_after,strictly_after,"	if (isSelectQuery) {
		try {
			return await executeSelectWithMappedPairedItems(
				node,
				inpu"
entry-00350,1,2,packages/nodes-base/nodes/Merge/v3/actions/mode/combineBySql.ts,103,103,103,no,before_entry,clear,both,strictly_before,strictly_before,strictly_before,	const db: typeof Database = new (alasql as any).Database(node.id);
entry-00350,1,3,packages/nodes-base/nodes/Merge/v3/actions/mode/combineBySql.ts,124,124,124,no,before_entry,ambiguous,both,strictly_before,strictly_before,overlapping,"		const result: IDataObject[] = db.exec(modifySelectQuery(query, inputsData.length));"
entry-00351,1,0,packages/nodes-base/nodes/Code/Code.node.ts,141-148,141,148,no,before_entry,ambiguous,entry_file,overlapping,overlapping,n/a,"		if (isJsLang && isJsRunner) {
			const code = this.getNodeParameter(codeParameterName, 0) as strin"
entry-00351,1,1,packages/nodes-base/nodes/Code/JsTaskRunnerSandbox.ts,33-42,33,42,no,none,n/a,cross_file,n/a (cross-file),n/a,n/a,"	async runCodeAllItems(): Promise<INodeExecutionData[]> {
		const itemIndex = 0;

		const executionR"
entry-00351,1,2,packages/@n8n/task-runner/src/js-task-runner/js-task-runner.ts,162-171,162,171,no,none,n/a,critical_file,strictly_before,n/a,strictly_before,"	async executeTask(
		taskParams: TaskParams<JSExecSettings>,
		abortSignal: AbortSignal,
	): Promis"
entry-00351,1,3,packages/@n8n/task-runner/src/js-task-runner/js-task-runner.ts,248-257,248,257,no,after_critical,clear,critical_file,strictly_after,n/a,strictly_after,"		const context = this.buildContext(taskId, workflow, data.node, dataProxy, {
			items: inputItems,
"
entry-00351,1,4,packages/@n8n/task-runner/src/js-task-runner/js-task-runner.ts,545-554,545,554,no,after_critical,clear,critical_file,strictly_after,n/a,strictly_after,"	buildContext(
		taskId: string,
		workflow: Workflow,
		node: INode,
		dataProxy?: IWorkflowDataPro"
entry-00351,1,5,packages/@n8n/task-runner/src/js-task-runner/js-task-runner.ts,213-222,213,222,no,after_critical,ambiguous,critical_file,overlapping,n/a,overlapping,"	private getNativeVariables() {
		return {
			// Exposed Node.js globals
			Buffer,
			setTimeout,
	"
entry-00352,1,0,packages/@n8n/task-runner/src/js-task-runner/js-task-runner.ts,193-196,193,196,no,none,ambiguous,both,"ep=overlapping,co=strictly_before",overlapping,strictly_before,"		const result =
			settings.nodeMode === 'runOnceForAllItems'
				? await this.runForAllItems(taskI"
entry-00352,1,1,packages/@n8n/task-runner/src/js-task-runner/js-task-runner.ts,238-244,238,244,no,none,ambiguous,both,"ep=strictly_after,co=strictly_before",strictly_after,strictly_before,"	private async runForAllItems(
		taskId: string,
		settings: JSExecSettings,
		data: JsTaskData,
		w"
entry-00352,1,2,packages/@n8n/task-runner/src/js-task-runner/js-task-runner.ts,555-563,555,563,no,after_critical,clear,both,strictly_after,strictly_after,strictly_after,"			module: {},
			console: this.buildCustomConsole(taskId),
			$getWorkflowStaticData: (type: 'globa"
entry-00352,1,3,packages/@n8n/task-runner/src/js-task-runner/js-task-runner.ts,263-266,263,266,no,none,ambiguous,both,"ep=strictly_after,co=overlapping",strictly_after,overlapping,"				if (this.mode === 'secure') {
					taskResult = runInContext(this.createVmExecutableCode(setting"
entry-00355,1,0,packages/cli/src/controllers/auth.controller.ts,72-80,72,80,no,before_entry,ambiguous,entry_file,overlapping,overlapping,n/a,"		} else if (isLdapCurrentAuthenticationMethod()) {
			const preliminaryUser = await handleEmailLogi"
entry-00355,1,1,packages/cli/src/ldap.ee/ldap.service.ee.ts,461-470,461,470,no,none,n/a,critical_file,strictly_before,n/a,strictly_before,"	async handleLdapLogin(loginId: string, password: string): Promise<User | undefined> {
		if (!isLdap"
entry-00355,1,2,packages/cli/src/ldap.ee/ldap.service.ee.ts,477-483,477,483,no,none,n/a,critical_file,strictly_before,n/a,strictly_before,"		const [ldapId, ldapAttributesValues] = mapLdapAttributesToUser(ldapUser, this.config);

		const { "
entry-00355,1,3,packages/cli/src/ldap.ee/ldap.service.ee.ts,484,484,484,no,after_critical,ambiguous,critical_file,overlapping,n/a,overlapping,		if (!ldapAuthIdentity) {
entry-00355,1,4,packages/cli/src/ldap.ee/helpers.ee.ts,111-115,111,115,no,none,n/a,cross_file,n/a (cross-file),n/a,n/a,"export const getUserByEmail = async (email: string): Promise<User | null> => {
	return await Contain"
entry-00355,1,5,packages/cli/src/ldap.ee/helpers.ee.ts,281-285,281,285,no,none,n/a,cross_file,n/a (cross-file),n/a,n/a,"export const createLdapAuthIdentity = async (user: User, ldapId: string) => {
	return await Containe"
entry-00355,1,6,packages/cli/src/ldap.ee/ldap.service.ee.ts,490,490,490,no,after_critical,ambiguous,critical_file,overlapping,n/a,overlapping,"				await updateLdapUserOnLocalDb(identity, ldapAttributesValues);"
entry-00356,1,0,packages/cli/src/credentials/credentials.controller.ts,175,175,175,no,before_entry,ambiguous,entry_file,overlapping,overlapping,n/a,	async createCredentials(
entry-00356,1,1,packages/cli/src/credentials/credentials.controller.ts,180,180,180,no,none,n/a,entry_file,strictly_after,strictly_after,n/a,		const newCredential = await this.credentialsService.createUnmanagedCredential(
entry-00356,1,2,packages/cli/src/credentials/credentials.service.ts,876,876,876,no,none,n/a,critical_file,strictly_before,n/a,strictly_before,"	async createUnmanagedCredential(dto: CreateCredentialDto, user: User) {"
entry-00356,1,3,packages/cli/src/credentials/credentials.service.ts,936,936,936,no,after_critical,clear,critical_file,strictly_after,n/a,strictly_after,"	private async createCredential(opts: CreateCredentialOptions, user: User) {"
entry-00356,1,4,packages/cli/src/credentials/credentials.service.ts,937,937,937,no,after_critical,clear,critical_file,strictly_after,n/a,strictly_after,"		this.checkCredentialData(opts.type, opts.data as ICredentialDataDecryptedObject);"
entry-00356,1,5,packages/cli/src/credentials/credentials.service.ts,880,880,880,no,after_critical,ambiguous,critical_file,overlapping,n/a,overlapping,"	private checkCredentialData(type: string, data: ICredentialDataDecryptedObject) {"
entry-00357,1,0,packages/cli/src/public-api/v1/handlers/credentials/credentials.handler.ts,71,71,71,no,before_entry,ambiguous,entry_file,overlapping,overlapping,n/a,	createCredential: [
entry-00357,1,1,packages/cli/src/public-api/v1/handlers/credentials/credentials.handler.ts,86,86,86,no,none,n/a,entry_file,strictly_after,strictly_after,n/a,"				const savedCredential = await saveCredential(newCredential, req.user, encryptedData);"
entry-00357,1,2,packages/cli/src/public-api/v1/handlers/credentials/credentials.service.ts,56,56,56,no,after_critical,ambiguous,critical_file,overlapping,n/a,overlapping,export async function saveCredential(
entry-00358,1,0,packages/nodes-base/nodes/DataTable/actions/row/get.operation.ts,114,114,114,no,before_entry,ambiguous,entry_file,overlapping,overlapping,n/a,"		const column = this.getNodeParameter('orderByColumn', index, '') as string;"
entry-00358,1,1,packages/nodes-base/nodes/DataTable/actions/row/get.operation.ts,117,117,117,no,none,n/a,entry_file,strictly_after,strictly_after,n/a,"			sortBy = [column, direction];"
entry-00358,1,2,packages/nodes-base/nodes/DataTable/actions/row/get.operation.ts,121,121,121,no,none,n/a,entry_file,strictly_after,strictly_after,n/a,"	return await executeSelectMany(this, index, dataTableProxy, false, undefined, sortBy);"
entry-00358,1,3,packages/nodes-base/nodes/DataTable/common/selectMany.ts,205-210,205,210,no,none,n/a,cross_file,n/a (cross-file),n/a,n/a,"		const { data, count } = await dataTableProxy.getManyRowsAndCount({
			skip,
			take: limit ? Math."
entry-00358,1,4,packages/cli/src/modules/data-table/data-table-proxy.service.ts,146,146,146,no,none,n/a,cross_file,n/a (cross-file),n/a,n/a,"				return await dataTableService.getManyRowsAndCount(dataTableId, projectId, options);"
entry-00358,1,5,packages/cli/src/modules/data-table/data-table.service.ts,236-240,236,240,no,none,n/a,cross_file,n/a (cross-file),n/a,n/a,"			const result = await this.dataTableRowsRepository.getManyAndCount(
				dataTableId,
				transform"
entry-00358,1,6,packages/cli/src/modules/data-table/data-table-rows.repository.ts,686-687,686,687,no,none,n/a,critical_file,strictly_before,n/a,strictly_before,"		const [field, order] = dto.sortBy;
		this.applySortingByField(query, field, order);"
entry-00358,1,7,packages/cli/src/modules/data-table/data-table-rows.repository.ts,690-693,690,693,no,after_critical,ambiguous,critical_file,overlapping,n/a,overlapping,"	private applySortingByField(query: QueryBuilder, field: string, direction: 'DESC' | 'ASC'): void {
"
entry-00359,1,0,packages/nodes-base/nodes/Google/GSuiteAdmin/GSuiteAdmin.node.ts,503,503,503,no,none,ambiguous,both,"ep=overlapping,co=strictly_before",overlapping,strictly_before,						if (additionalFields.customFields) {
entry-00359,1,1,packages/nodes-base/nodes/Google/GSuiteAdmin/GSuiteAdmin.node.ts,521,521,521,no,none,ambiguous,both,"ep=strictly_after,co=overlapping",strictly_after,overlapping,								customSchemas[schemaName] ??= {};
entry-00360,1,0,packages/nodes-base/nodes/Google/GSuiteAdmin/GSuiteAdmin.node.ts,787,787,787,no,none,ambiguous,both,"ep=overlapping,co=strictly_before",overlapping,strictly_before,								.fieldValues as IDataObject[];
entry-00360,1,1,packages/nodes-base/nodes/Google/GSuiteAdmin/GSuiteAdmin.node.ts,803,803,803,no,none,ambiguous,both,"ep=strictly_after,co=overlapping",strictly_after,overlapping,								customSchemas[schemaName] ??= {};
entry-00361,1,0,packages/nodes-base/nodes/Xml/Xml.node.ts,236,236,236,no,none,ambiguous,both,"ep=overlapping,co=strictly_before",overlapping,strictly_before,"const dataPropertyName = this.getNodeParameter('dataPropertyName', 0);"
entry-00361,1,1,packages/nodes-base/nodes/Xml/Xml.node.ts,250,250,250,no,none,ambiguous,both,"ep=strictly_after,co=strictly_before",strictly_after,strictly_before,);
entry-00361,1,2,packages/nodes-base/nodes/Xml/Xml.node.ts,253,253,253,no,none,ambiguous,both,"ep=strictly_after,co=overlapping",strictly_after,overlapping,let item: INodeExecutionData;
entry-00362,1,0,src/gateway/server-methods/agent.ts,241,241,241,no,none,ambiguous,both,"ep=strictly_after,co=strictly_before",strictly_after,strictly_before,    const senderIsOwner = resolveSenderIsOwnerFromClient(client);
entry-00362,1,1,src/gateway/server-methods/agent.ts,242,242,242,no,none,ambiguous,both,"ep=strictly_after,co=strictly_before",strictly_after,strictly_before,    const allowModelOverride = resolveAllowModelOverrideFromClient(client);
entry-00362,1,2,src/gateway/server-methods/agent.ts,280,280,280,no,none,ambiguous,both,"ep=strictly_after,co=strictly_before",strictly_after,strictly_before,"    let message = (request.message ?? """").trim();"
entry-00362,1,3,src/gateway/server-methods/agent.ts,379,379,379,no,none,ambiguous,both,"ep=strictly_after,co=strictly_before",strictly_after,strictly_before,    const resetCommandMatch = message.match(RESET_COMMAND_RE);
entry-00362,1,4,src/gateway/server-methods/agent.ts,380,380,380,no,none,ambiguous,both,"ep=strictly_after,co=overlapping",strictly_after,overlapping,    if (resetCommandMatch && requestedSessionKey) {
entry-00362,1,5,src/gateway/server-methods/agent.ts,382,382,382,no,after_critical,clear,both,strictly_after,strictly_after,strictly_after,      const resetResult = await runSessionResetFromAgent({
entry-00362,1,6,src/gateway/server-methods/agent.ts,89,89,89,no,before_entry,clear,both,strictly_before,strictly_before,strictly_before,  const result = await performGatewaySessionReset({
entry-00363,1,0,src/gateway/server-methods/agent.ts,241,241,241,no,none,ambiguous,both,"ep=strictly_after,co=strictly_before",strictly_after,strictly_before,    const senderIsOwner = resolveSenderIsOwnerFromClient(client);
entry-00363,1,1,src/gateway/server-methods/agent.ts,242,242,242,no,none,ambiguous,both,"ep=strictly_after,co=strictly_before",strictly_after,strictly_before,    const allowModelOverride = resolveAllowModelOverrideFromClient(client);
entry-00363,1,2,src/gateway/server-methods/agent.ts,280,280,280,no,none,ambiguous,both,"ep=strictly_after,co=strictly_before",strictly_after,strictly_before,"    let message = (request.message ?? """").trim();"
entry-00363,1,3,src/gateway/server-methods/agent.ts,379,379,379,no,none,ambiguous,both,"ep=strictly_after,co=strictly_before",strictly_after,strictly_before,    const resetCommandMatch = message.match(RESET_COMMAND_RE);
entry-00363,1,4,src/gateway/server-methods/agent.ts,380,380,380,no,none,ambiguous,both,"ep=strictly_after,co=overlapping",strictly_after,overlapping,    if (resetCommandMatch && requestedSessionKey) {
entry-00363,1,5,src/gateway/server-methods/agent.ts,382,382,382,no,after_critical,clear,both,strictly_after,strictly_after,strictly_after,      const resetResult = await runSessionResetFromAgent({
entry-00363,1,6,src/gateway/server-methods/agent.ts,89,89,89,no,before_entry,clear,both,strictly_before,strictly_before,strictly_before,  const result = await performGatewaySessionReset({
entry-00364,1,0,extensions/nostr/src/nostr-bus.ts,494,494,494,no,after_critical,ambiguous,both,strictly_after,overlapping,strictly_after,"      onevent: handleEvent,"
entry-00364,1,1,extensions/nostr/src/nostr-bus.ts,401,401,401,no,before_entry,clear,both,strictly_before,strictly_before,strictly_before,  async function handleEvent(event: Event): Promise<void> {
entry-00364,1,2,extensions/nostr/src/nostr-bus.ts,406,406,406,no,before_entry,clear,both,strictly_before,strictly_before,strictly_before,      if (seen.peek(event.id) || inflight.has(event.id)) {
entry-00364,1,3,extensions/nostr/src/nostr-bus.ts,413,413,413,no,before_entry,clear,both,strictly_before,strictly_before,strictly_before,      if (event.pubkey === pk) {
entry-00364,1,4,extensions/nostr/src/nostr-bus.ts,419,419,419,no,before_entry,clear,both,strictly_before,strictly_before,strictly_before,      if (event.created_at < since) {
entry-00364,1,5,extensions/nostr/src/nostr-bus.ts,425,425,425,no,before_entry,clear,both,strictly_before,strictly_before,strictly_before,      let targetsUs = false;
entry-00364,1,6,extensions/nostr/src/nostr-bus.ts,446,446,446,no,before_entry,clear,both,strictly_before,strictly_before,strictly_before,"      metrics.emit(""memory.seen_tracker_size"", seen.size());"
entry-00364,1,7,extensions/nostr/src/nostr-bus.ts,452,452,452,no,before_entry,ambiguous,both,strictly_before,strictly_before,strictly_after,"        metrics.emit(""decrypt.success"");"
entry-00364,1,8,extensions/nostr/src/nostr-bus.ts,476,476,476,no,before_entry,ambiguous,both,strictly_before,strictly_before,strictly_after,"      await onMessage(event.pubkey, plaintext, replyTo);"
entry-00364,1,9,extensions/nostr/src/channel.ts,233,233,233,no,none,n/a,cross_file,n/a (cross-file),n/a,n/a,"        onMessage: async (senderPubkey, text, reply) => {"
entry-00364,1,10,extensions/nostr/src/nostr-bus.ts,449,449,449,no,before_entry,ambiguous,both,strictly_before,strictly_before,overlapping,      let plaintext: string;
entry-00365,1,0,extensions/nostr/src/nostr-bus.ts,490,490,490,no,after_critical,ambiguous,both,strictly_after,overlapping,strictly_after,  const sub = pool.subscribeMany(
entry-00365,1,1,extensions/nostr/src/nostr-bus.ts,438,438,438,no,before_entry,clear,both,strictly_before,strictly_before,strictly_before,      if (!verifyEvent(event)) {
entry-00365,1,2,extensions/nostr/src/nostr-bus.ts,445,445,445,no,before_entry,clear,both,strictly_before,strictly_before,strictly_before,      seen.add(event.id);
entry-00365,1,3,extensions/nostr/src/nostr-bus.ts,451,451,451,no,before_entry,ambiguous,both,strictly_before,strictly_before,overlapping,"        plaintext = decrypt(sk, event.pubkey, event.content);"
entry-00368,1,0,src/auto-reply/reply/commands-acp.ts,69,69,69,no,none,ambiguous,both,"ep=strictly_after,co=strictly_before",strictly_after,strictly_before,if (!params.command.isAuthorizedSender) {
entry-00368,1,1,src/auto-reply/reply/commands-acp.ts,74,74,74,no,none,ambiguous,both,"ep=strictly_after,co=strictly_before",strictly_after,strictly_before,  const rest = normalized.slice(COMMAND.length).trim();
entry-00368,1,2,src/auto-reply/reply/commands-acp.ts,77,77,77,no,none,ambiguous,both,"ep=strictly_after,co=strictly_before",strictly_after,strictly_before,"  if (action === ""help"") {"
entry-00368,1,3,src/auto-reply/reply/commands-acp.ts,81,81,81,no,none,ambiguous,both,"ep=strictly_after,co=overlapping",strictly_after,overlapping,const handler = ACP_ACTION_HANDLERS[action];
entry-00369,1,0,src/auto-reply/reply/commands-acp.ts,41,41,41,no,before_entry,clear,entry_file,strictly_before,strictly_before,n/a,"const ACP_ACTION_HANDLERS: Record<Exclude<AcpAction, ""help"">, AcpActionHandler> = {"
entry-00369,1,1,src/auto-reply/reply/commands-acp.ts,81,81,81,no,none,n/a,entry_file,strictly_after,strictly_after,n/a,  const handler = ACP_ACTION_HANDLERS[action];
entry-00369,1,2,src/auto-reply/reply/commands-acp/lifecycle.ts,456,456,456,no,after_critical,clear,critical_file,strictly_after,n/a,strictly_after,export async function handleAcpCancelAction(
entry-00370,1,0,src/auto-reply/reply/commands-acp.ts,46,46,46,no,before_entry,clear,entry_file,strictly_before,strictly_before,n/a,"  status: handleAcpStatusAction,"
entry-00370,1,1,src/auto-reply/reply/commands-acp.ts,81,81,81,no,none,n/a,entry_file,strictly_after,strictly_after,n/a,  const handler = ACP_ACTION_HANDLERS[action];
entry-00370,1,2,src/auto-reply/reply/commands-acp/runtime-options.ts,152,152,152,no,after_critical,ambiguous,critical_file,overlapping,n/a,overlapping,export async function handleAcpSetModeAction(
entry-00371,1,0,src/gateway/server-methods/devices.ts,111,111,111,no,none,n/a,entry_file,strictly_after,strictly_after,n/a,const { requestId } = params as { requestId: string };
entry-00371,1,1,src/gateway/server-methods/devices.ts,112,112,112,no,none,n/a,entry_file,strictly_after,strictly_after,n/a,const approved = await approveDevicePairing(requestId);
entry-00371,1,2,src/infra/device-pairing.ts,320,320,320,no,none,n/a,critical_file,strictly_before,n/a,strictly_before,const pending = state.pendingById[requestId];
entry-00371,1,3,src/infra/device-pairing.ts,335,335,335,no,none,n/a,critical_file,strictly_before,n/a,strictly_before,const requestedScopes = normalizeDeviceAuthScopes(pending.scopes);
entry-00371,1,4,src/infra/device-pairing.ts,336,336,336,no,none,n/a,critical_file,strictly_before,n/a,strictly_before,"const nextScopes =
        requestedScopes.length > 0
          ? requestedScopes
          : normal"
entry-00371,1,5,src/infra/device-pairing.ts,346,346,346,no,after_critical,ambiguous,critical_file,overlapping,n/a,overlapping,"tokens[roleForToken] = {
        token: newToken(),
        role: roleForToken,
        scopes: next"
entry-00372,1,0,src/backend/base/langflow/api/v1/flows.py,287,287,287,no,after_critical,ambiguous,both,strictly_after,overlapping,strictly_after,"@router.get(""/{flow_id}"", response_model=FlowRead, status_code=200)"
entry-00372,1,1,src/backend/base/langflow/api/v1/flows.py,291,291,291,no,after_critical,clear,both,strictly_after,strictly_after,strictly_after,"    flow_id: UUID,"
entry-00372,1,2,src/backend/base/langflow/api/v1/flows.py,295,295,295,no,after_critical,clear,both,strictly_after,strictly_after,strictly_after,"    if user_flow := await _read_flow(session, flow_id, current_user.id, get_settings_service()):"
entry-00372,1,3,src/backend/base/langflow/api/v1/flows.py,276,276,276,no,before_entry,clear,both,strictly_before,strictly_before,strictly_before,    auth_settings = settings_service.auth_settings
entry-00373,1,0,src/backend/base/langflow/api/v1/flows.py,315,315,315,no,after_critical,ambiguous,both,strictly_after,overlapping,strictly_after,"@router.patch(""/{flow_id}"", response_model=FlowRead, status_code=200)"
entry-00373,1,1,src/backend/base/langflow/api/v1/flows.py,319,319,319,no,after_critical,clear,both,strictly_after,strictly_after,strictly_after,"    flow_id: UUID,"
entry-00373,1,2,src/backend/base/langflow/api/v1/flows.py,326,326,326,no,after_critical,clear,both,strictly_after,strictly_after,strictly_after,        db_flow = await _read_flow(
entry-00374,1,0,src/backend/base/langflow/api/v1/flows.py,384,384,384,no,none,ambiguous,both,"ep=overlapping,co=strictly_before",overlapping,strictly_before,"@router.delete(""/{flow_id}"", status_code=200)"
entry-00374,1,1,src/backend/base/langflow/api/v1/flows.py,388,388,388,no,none,ambiguous,both,"ep=strictly_after,co=strictly_before",strictly_after,strictly_before,"    flow_id: UUID,"
entry-00374,1,2,src/backend/base/langflow/api/v1/flows.py,392,392,392,no,none,ambiguous,both,"ep=strictly_after,co=strictly_before",strictly_after,strictly_before,    flow = await _read_flow(
entry-00374,1,3,src/backend/base/langflow/api/v1/flows.py,400,400,400,no,none,ambiguous,both,"ep=strictly_after,co=overlapping",strictly_after,overlapping,"    await cascade_delete_flow(session, flow.id)"
entry-00375,1,0,src/gateway/session-kill-http.ts,68,68,68,no,none,n/a,critical_file,strictly_before,n/a,strictly_before,  const token = getBearerToken(req);
entry-00375,1,1,src/gateway/session-kill-http.ts,69,69,69,no,none,n/a,critical_file,strictly_before,n/a,strictly_before,  const ok = await authorizeGatewayBearerRequestOrReply({
entry-00375,1,2,src/gateway/session-kill-http.ts,97,97,97,no,none,n/a,critical_file,strictly_before,n/a,strictly_before,"  const allowBearerOperatorKill = canBearerTokenKillSessions(token, true);"
entry-00375,1,3,src/gateway/session-kill-http.ts,19,19,19,no,none,n/a,critical_file,strictly_before,n/a,strictly_before,"function canBearerTokenKillSessions(token: string | undefined, authOk: boolean): boolean {"
entry-00375,1,4,src/gateway/method-scopes.ts,206,206,206,no,none,n/a,cross_file,n/a (cross-file),n/a,n/a,  if (scopes.includes(ADMIN_SCOPE)) {
entry-00375,1,5,src/gateway/session-kill-http.ts,99,99,99,no,none,n/a,critical_file,strictly_before,n/a,strictly_before,  if (!requesterSessionKey && !allowLocalAdminKill && !allowBearerOperatorKill) {
entry-00375,1,6,src/gateway/session-kill-http.ts,111,111,111,no,none,n/a,critical_file,strictly_before,n/a,strictly_before,  const allowAdminKill = allowLocalAdminKill || allowBearerOperatorKill;
entry-00375,1,7,src/gateway/session-kill-http.ts,114,114,114,no,none,n/a,critical_file,strictly_before,n/a,strictly_before,  if (!allowAdminKill && requesterSessionKey) {
entry-00375,1,8,src/gateway/session-kill-http.ts,134,134,134,no,none,n/a,critical_file,strictly_before,n/a,strictly_before,  } else {
entry-00376,1,0,backend/open_webui/routers/knowledge.py,589,589,589,no,before_entry,ambiguous,entry_file,overlapping,overlapping,n/a,"@router.get(""/{id}/files"", response_model=KnowledgeFileListResponse)"
entry-00376,1,1,backend/open_webui/routers/knowledge.py,590-599,590,599,no,none,n/a,entry_file,strictly_after,strictly_after,n/a,"async def get_knowledge_files_by_id(
    id: str,
    query: Optional[str] = None,
    view_option: "
entry-00376,1,2,backend/open_webui/routers/knowledge.py,639-641,639,641,no,none,n/a,entry_file,strictly_after,strictly_after,n/a,"    return Knowledges.search_files_by_id(
        id, user.id, filter=filter, skip=skip, limit=limit"
entry-00376,1,3,backend/open_webui/routers/retrieval.py,2733,2733,2733,no,none,n/a,critical_file,strictly_before,n/a,strictly_before,"@router.post(""/process/files/batch"")"
entry-00376,1,4,backend/open_webui/routers/retrieval.py,2734-2738,2734,2738,no,none,n/a,critical_file,strictly_before,n/a,strictly_before,"async def process_files_batch(
    request: Request,
    form_data: BatchProcessFilesForm,
    user="
entry-00376,1,5,backend/open_webui/routers/retrieval.py,2757,2757,2757,no,none,n/a,critical_file,strictly_before,n/a,strictly_before,    for file in form_data.files:
entry-00376,1,6,backend/open_webui/routers/retrieval.py,2759,2759,2759,no,none,n/a,critical_file,strictly_before,n/a,strictly_before,"            text_content = file.data.get(""content"", """")"
entry-00376,1,7,backend/open_webui/routers/retrieval.py,2805,2805,2805,no,after_critical,ambiguous,critical_file,overlapping,n/a,overlapping,"                Files.update_file_by_id(id=file_result.file_id, form_data=file_update)"
entry-00377,1,0,src/gateway/server/ws-connection/message-handler.ts,345,345,345,no,none,ambiguous,both,"ep=overlapping,co=strictly_before",overlapping,strictly_before,        const connectParams = frame.params as ConnectParams;
entry-00377,1,1,src/gateway/server/ws-connection/handshake-auth-helpers.ts,63-72,63,72,no,none,n/a,cross_file,n/a (cross-file),n/a,n/a,"export function shouldSkipBackendSelfPairing(params: {
  connectParams: ConnectParams;
  isLocalClie"
entry-00377,1,2,src/gateway/server/ws-connection/message-handler.ts,689-698,689,698,no,none,ambiguous,both,"ep=strictly_after,co=strictly_before",strictly_after,strictly_before,"        const skipPairing =
          shouldSkipBackendSelfPairing({
            connectParams,
    "
entry-00377,1,3,src/gateway/server/ws-connection/message-handler.ts,703,703,703,no,none,ambiguous,both,"ep=strictly_after,co=overlapping",strictly_after,overlapping,        if (device && devicePublicKey && !skipPairing) {
entry-00378,1,0,src/gateway/server-http.ts,357,357,357,no,none,n/a,entry_file,strictly_after,strictly_after,n/a,        const pluginAuthOk = await enforcePluginRouteGatewayAuth({
entry-00378,1,1,src/gateway/server-http.ts,368,368,368,no,none,n/a,entry_file,strictly_after,strictly_after,n/a,        pluginGatewayAuthSatisfied = true;
entry-00378,1,2,src/gateway/server-http.ts,378,378,378,no,none,n/a,entry_file,strictly_after,strictly_after,n/a,"          params.handlePluginRequest?.(params.req, params.res, pathContext, {"
entry-00378,1,3,src/gateway/server/plugins-http.ts,85,85,85,no,after_critical,clear,critical_file,strictly_after,n/a,strictly_after,    const requiresGatewayAuth = matchedPluginRoutesRequireGatewayAuth(matchedRoutes);
entry-00378,1,4,src/gateway/server/plugins-http.ts,90,90,90,no,after_critical,clear,critical_file,strictly_after,n/a,strictly_after,    const runtimeClient = createPluginRouteRuntimeClient({
entry-00378,1,5,src/gateway/server/plugins-http.ts,36,36,36,no,after_critical,ambiguous,critical_file,overlapping,n/a,overlapping,  const scopes =
entry-00378,1,6,src/gateway/server/plugins-http.ts,95,95,95,no,after_critical,clear,critical_file,strictly_after,n/a,strictly_after,    return await withPluginRuntimeGatewayRequestScope(
entry-00378,1,7,src/gateway/method-scopes.ts,206,206,206,no,none,n/a,cross_file,n/a (cross-file),n/a,n/a,  if (scopes.includes(ADMIN_SCOPE)) {
entry-00379,1,0,src/gateway/server/ws-connection/message-handler.ts,132,132,132,no,none,ambiguous,both,"ep=overlapping,co=strictly_before",overlapping,strictly_before,export function attachGatewayWsMessageHandler(params: {
entry-00379,1,1,src/gateway/server/ws-connection/message-handler.ts,344,344,344,no,none,ambiguous,both,"ep=strictly_after,co=strictly_before",strictly_after,strictly_before,const connectParams = frame.params as ConnectParams;
entry-00379,1,2,src/gateway/server/ws-connection/message-handler.ts,702,702,702,no,none,ambiguous,both,"ep=strictly_after,co=strictly_before",strictly_after,strictly_before,if (device && devicePublicKey && !skipPairing) {
entry-00379,1,3,src/gateway/server/ws-connection/message-handler.ts,868,868,868,no,none,ambiguous,both,"ep=strictly_after,co=strictly_before",strictly_after,strictly_before,if (scopes.length > 0) {
entry-00379,1,4,src/gateway/server/ws-connection/message-handler.ts,883,883,883,no,none,ambiguous,both,"ep=strictly_after,co=strictly_before",strictly_after,strictly_before,"const ok = await requirePairing(""scope-upgrade"");"
entry-00379,1,5,src/gateway/server/ws-connection/handshake-auth-helpers.ts,49,49,49,no,none,n/a,cross_file,n/a (cross-file),n/a,n/a,export function shouldAllowSilentLocalPairing(params: {
entry-00379,1,6,src/gateway/server/ws-connection/message-handler.ts,760,760,760,no,none,ambiguous,both,"ep=strictly_after,co=strictly_before",strictly_after,strictly_before,"silent: allowSilentLocalPairing,"
entry-00379,1,7,src/gateway/server/ws-connection/message-handler.ts,898,898,898,no,none,ambiguous,both,"ep=strictly_after,co=overlapping",strictly_after,overlapping,"? await ensureDeviceToken({ deviceId: device.id, role, scopes })"
entry-00380,1,0,src/gateway/server/ws-connection/message-handler.ts,220,220,220,no,none,ambiguous,both,"ep=overlapping,co=strictly_before",overlapping,strictly_before,"  const isLocalClient = isLocalDirectRequest(upgradeReq, trustedProxies, allowRealIpFallback);"
entry-00380,1,1,src/gateway/server/ws-connection/message-handler.ts,876,876,876,no,none,ambiguous,both,"ep=strictly_after,co=strictly_before",strictly_after,strictly_before,                const scopesAllowed = roleScopesAllow({
entry-00380,1,2,src/gateway/server/ws-connection/message-handler.ts,883,883,883,no,none,ambiguous,both,"ep=strictly_after,co=strictly_before",strictly_after,strictly_before,"                  const ok = await requirePairing(""scope-upgrade"");"
entry-00380,1,3,src/gateway/server/ws-connection/handshake-auth-helpers.ts,49,49,49,no,none,n/a,cross_file,n/a (cross-file),n/a,n/a,export function shouldAllowSilentLocalPairing(params: {
entry-00380,1,4,src/gateway/server/ws-connection/message-handler.ts,760,760,760,no,none,ambiguous,both,"ep=strictly_after,co=strictly_before",strictly_after,strictly_before,"              silent: allowSilentLocalPairing,"
entry-00380,1,5,src/gateway/server/ws-connection/message-handler.ts,898,898,898,no,none,ambiguous,both,"ep=strictly_after,co=overlapping",strictly_after,overlapping,"          ? await ensureDeviceToken({ deviceId: device.id, role, scopes })"
entry-00381,1,0,src/cli/plugins-install-command.ts,349,349,349,no,before_entry,ambiguous,entry_file,overlapping,overlapping,n/a,    const result = await installPluginFromPath({
entry-00381,1,1,src/plugins/install.ts,761,761,761,no,none,n/a,cross_file,n/a (cross-file),n/a,n/a,export async function installPluginFromPath(
entry-00381,1,2,src/plugins/install.ts,775,775,775,no,none,n/a,cross_file,n/a (cross-file),n/a,n/a,    return await installPluginFromDir({
entry-00381,1,3,src/plugins/install.ts,407,407,407,no,none,n/a,cross_file,n/a (cross-file),n/a,n/a,async function installPluginFromSourceDir(
entry-00381,1,4,src/plugins/install.ts,560,560,560,no,none,n/a,cross_file,n/a (cross-file),n/a,n/a,  const deps = manifest.dependencies ?? {};
entry-00381,1,5,src/plugins/install.ts,297,297,297,no,none,n/a,cross_file,n/a (cross-file),n/a,n/a,  const installRes = await runtime.installPackageDir({
entry-00381,1,6,src/infra/install-package-dir.ts,177,177,177,no,none,n/a,critical_file,strictly_before,n/a,strictly_before,"    await fs.cp(params.sourceDir, stageDir, { recursive: true });"
entry-00381,1,7,src/infra/install-package-dir.ts,188,188,188,no,none,n/a,critical_file,strictly_before,n/a,strictly_before,  if (params.hasDeps) {
entry-00381,1,8,src/infra/install-package-dir.ts,189,189,189,no,after_critical,ambiguous,critical_file,overlapping,n/a,overlapping,    await sanitizeManifestForNpmInstall(stageDir);
entry-00382,1,0,src/cli/plugins-install-command.ts,122,122,122,no,before_entry,ambiguous,entry_file,overlapping,overlapping,n/a,  const result = await installHooksFromPath({
entry-00382,1,1,src/hooks/install.ts,445,445,445,no,none,n/a,cross_file,n/a (cross-file),n/a,n/a,export async function installHooksFromPath(
entry-00382,1,2,src/hooks/install.ts,151,151,151,no,none,n/a,cross_file,n/a (cross-file),n/a,n/a,async function installFromResolvedHookDir(
entry-00382,1,3,src/hooks/install.ts,206,206,206,no,none,n/a,cross_file,n/a (cross-file),n/a,n/a,async function installHookPackageFromDir(
entry-00382,1,4,src/hooks/install.ts,292,292,292,no,none,n/a,cross_file,n/a (cross-file),n/a,n/a,  const installRes = await runtime.installPackageDirWithManifestDeps({
entry-00382,1,5,src/infra/install-package-dir.ts,177,177,177,no,none,n/a,critical_file,strictly_before,n/a,strictly_before,"    await fs.cp(params.sourceDir, stageDir, { recursive: true });"
entry-00382,1,6,src/infra/install-package-dir.ts,194,194,194,no,after_critical,ambiguous,critical_file,overlapping,n/a,overlapping,"      [""npm"", ""install"", ""--omit=dev"", ""--silent"", ""--ignore-scripts""],"
entry-00383,1,0,src/gateway/server-methods/browser.ts,128,128,128,no,none,n/a,cross_file,n/a (cross-file),n/a,n/a,"  ""browser.request"": async ({ params, respond, context }) => {"
entry-00383,1,1,src/gateway/server-methods/browser.ts,130,130,130,no,none,n/a,cross_file,n/a (cross-file),n/a,n/a,"    const methodRaw = typeof typed.method === ""string"" ? typed.method.trim().toUpperCase() : """";"
entry-00383,1,2,src/gateway/server-methods/browser.ts,131,131,131,no,none,n/a,cross_file,n/a (cross-file),n/a,n/a,"    const path = typeof typed.path === ""string"" ? typed.path.trim() : """";"
entry-00383,1,3,src/gateway/server-methods/browser.ts,155,155,155,no,none,n/a,cross_file,n/a (cross-file),n/a,n/a,"    if (isPersistentBrowserProfileMutation(methodRaw, path)) {"
entry-00383,1,4,src/browser/request-policy.ts,19,19,19,no,after_critical,ambiguous,critical_file,overlapping,n/a,overlapping,"export function isPersistentBrowserProfileMutation(method: string, path: string): boolean {"
entry-00383,1,5,src/browser/request-policy.ts,21,21,21,no,after_critical,clear,critical_file,strictly_after,n/a,strictly_after,"  if (method === ""POST"" && normalizedPath === ""/profiles/create"") {"
entry-00383,1,6,src/browser/request-policy.ts,24,24,24,no,after_critical,clear,critical_file,strictly_after,n/a,strictly_after,"  return method === ""DELETE"" && /^\/profiles\/[^/]+$/.test(normalizedPath);"
entry-00383,1,7,src/gateway/server-methods/browser.ts,243,243,243,no,none,n/a,cross_file,n/a (cross-file),n/a,n/a,    const result = await dispatcher.dispatch({
entry-00383,1,8,src/browser/routes/basic.ts,162,162,162,no,none,n/a,cross_file,n/a (cross-file),n/a,n/a,"  app.post(""/reset-profile"", async (req, res) => {"
entry-00383,1,9,src/browser/routes/basic.ts,168,168,168,no,none,n/a,cross_file,n/a (cross-file),n/a,n/a,        const result = await profileCtx.resetProfile();
entry-00383,1,10,src/browser/server-context.reset.ts,52,52,52,no,none,n/a,cross_file,n/a (cross-file),n/a,n/a,    if (profileState.running) {
entry-00383,1,11,src/browser/server-context.reset.ts,56,56,56,no,none,n/a,cross_file,n/a (cross-file),n/a,n/a,    await closePlaywrightBrowserConnectionForProfile(profile.cdpUrl);
entry-00383,1,12,src/browser/server-context.reset.ts,62,62,62,no,none,n/a,cross_file,n/a (cross-file),n/a,n/a,    const moved = await movePathToTrash(userDataDir);
entry-00384,1,0,src/node-host/invoke-browser.ts,215,215,215,no,none,n/a,critical_file,strictly_before,n/a,strictly_before,export async function runBrowserProxyCommand(paramsJSON?: string | null): Promise<string> {
entry-00384,1,1,src/node-host/invoke-browser.ts,229,229,229,no,none,n/a,critical_file,strictly_before,n/a,strictly_before,"  const method = typeof params.method === ""string"" ? params.method.toUpperCase() : ""GET"";"
entry-00384,1,2,src/node-host/invoke-browser.ts,230,230,230,no,none,n/a,critical_file,strictly_before,n/a,strictly_before,  const path = normalizeBrowserRequestPath(pathValue);
entry-00384,1,3,src/node-host/invoke-browser.ts,239,239,239,no,none,n/a,critical_file,strictly_before,n/a,strictly_before,  if (allowedProfiles.length > 0) {
entry-00384,1,4,src/node-host/invoke-browser.ts,240,240,240,no,after_critical,ambiguous,critical_file,overlapping,n/a,overlapping,"    if (isPersistentBrowserProfileMutation(method, path)) {"
entry-00384,1,5,src/node-host/invoke-browser.ts,273,273,273,no,after_critical,clear,critical_file,strictly_after,n/a,strictly_after,    response = await withTimeout(
entry-00385,1,0,extensions/device-pair/index.ts,576,576,576,no,none,n/a,entry_file,strictly_after,strictly_after,n/a,"        if (action === ""approve"") {"
entry-00385,1,1,extensions/device-pair/index.ts,614,614,614,no,none,n/a,entry_file,strictly_after,strictly_after,n/a,          const approved = await approveDevicePairing(pending.requestId);
entry-00385,1,2,src/infra/device-pairing.ts,459,459,459,no,none,n/a,critical_file,strictly_before,n/a,strictly_before,  const options =
entry-00385,1,3,src/infra/device-pairing.ts,475,475,475,no,after_critical,clear,critical_file,strictly_after,n/a,strictly_after,      const missingScope = resolveMissingRequestedScope({
entry-00386,1,0,extensions/device-pair/index.ts,577-581,577,581,no,before_entry,ambiguous,entry_file,overlapping,overlapping,n/a,"          if (
            gatewayClientScopes &&
            !gatewayClientScopes.includes(""operato"
entry-00386,1,1,src/infra/device-pairing.ts,460-462,460,462,no,none,n/a,critical_file,strictly_before,n/a,strictly_before,"    typeof optionsOrBaseDir === ""string"" || optionsOrBaseDir === undefined
      ? undefined
      :"
entry-00386,1,2,src/infra/device-pairing.ts,470,470,470,no,none,n/a,critical_file,strictly_before,n/a,strictly_before,    const approvalRole = resolvePendingApprovalRole(pending);
entry-00386,1,3,src/infra/device-pairing.ts,480-482,480,482,no,after_critical,ambiguous,critical_file,overlapping,n/a,overlapping,"      if (missingScope) {
        return { status: ""forbidden"", missingScope };
      }"
entry-00387,1,0,src/gateway/server-methods/chat.ts,1417,1417,1417,no,none,n/a,entry_file,strictly_after,strictly_after,n/a,"        Body: messageForAgent,"
entry-00387,1,1,src/gateway/server-methods/chat.ts,1432,1432,1432,no,none,n/a,entry_file,strictly_after,strictly_after,n/a,"        CommandAuthorized: true,"
entry-00387,1,2,src/gateway/server-methods/chat.ts,1437,1437,1437,no,none,n/a,entry_file,strictly_after,strictly_after,n/a,"        GatewayClientScopes: client?.connect?.scopes,"
entry-00387,1,3,src/auto-reply/command-auth.ts,574,574,574,no,none,n/a,cross_file,n/a (cross-file),n/a,n/a,  const senderIsOwnerByScope =
entry-00387,1,4,src/auto-reply/command-auth.ts,579,579,579,no,none,n/a,cross_file,n/a (cross-file),n/a,n/a,  const senderIsOwner = senderIsOwnerByIdentity || senderIsOwnerByScope || ownerAllowAll;
entry-00387,1,5,src/auto-reply/command-auth.ts,604,604,604,no,none,n/a,cross_file,n/a (cross-file),n/a,n/a,    isAuthorizedSender = commandAuthorized && isOwnerForCommands;
entry-00387,1,6,src/auto-reply/reply/command-gates.ts,20,20,20,no,none,n/a,cross_file,n/a (cross-file),n/a,n/a,  if (params.command.isAuthorizedSender) {
entry-00387,1,7,src/auto-reply/reply/commands-allowlist.ts,251,251,251,no,none,n/a,critical_file,strictly_before,n/a,strictly_before,"  const unauthorized = rejectUnauthorizedCommand(params, ""/allowlist"");"
entry-00387,1,8,src/auto-reply/reply/commands-allowlist.ts,386,386,386,no,none,n/a,critical_file,strictly_before,n/a,strictly_before,"  const disabled = requireCommandFlagEnabled(params.cfg, {"
entry-00387,1,9,src/auto-reply/reply/commands-allowlist.ts,422,422,422,no,none,n/a,critical_file,strictly_before,n/a,strictly_before,    const editResult = await plugin.allowlist.applyConfigEdit({
entry-00388,1,0,src/gateway/server-methods/chat.ts,1432,1432,1432,no,none,n/a,entry_file,strictly_after,strictly_after,n/a,"        CommandAuthorized: true,"
entry-00388,1,1,src/gateway/server-methods/chat.ts,1437,1437,1437,no,none,n/a,entry_file,strictly_after,strictly_after,n/a,"        GatewayClientScopes: client?.connect?.scopes,"
entry-00388,1,2,src/auto-reply/command-auth.ts,604,604,604,no,none,n/a,cross_file,n/a (cross-file),n/a,n/a,    isAuthorizedSender = commandAuthorized && isOwnerForCommands;
entry-00388,1,3,src/auto-reply/reply/commands-allowlist.ts,251,251,251,no,after_critical,clear,critical_file,strictly_after,n/a,strictly_after,"  const unauthorized = rejectUnauthorizedCommand(params, ""/allowlist"");"
entry-00388,1,4,src/auto-reply/reply/commands-allowlist.ts,395,395,395,no,after_critical,clear,critical_file,strictly_after,n/a,strictly_after,"  const shouldUpdateConfig = parsed.target !== ""store"";"
entry-00388,1,5,src/auto-reply/reply/commands-allowlist.ts,174,174,174,no,none,n/a,critical_file,strictly_before,n/a,strictly_before,async function updatePairingStoreAllowlist(params: {
entry-00388,1,6,src/auto-reply/reply/commands-allowlist.ts,186,186,186,no,after_critical,ambiguous,critical_file,overlapping,n/a,overlapping,    await addChannelAllowFromStoreEntry(storeEntry);
entry-00389,1,0,mlflow/pyfunc/backend.py,229-231,229,231,no,none,ambiguous,both,"ep=overlapping,co=strictly_before",overlapping,strictly_before,"    def serve(
        self,
        model_uri,"
entry-00389,1,1,mlflow/pyfunc/backend.py,244,244,244,no,none,ambiguous,both,"ep=strictly_after,co=strictly_before",strictly_after,strictly_before,        local_path = _download_artifact_from_uri(model_uri)
entry-00389,1,2,mlflow/pyfunc/mlserver.py,10-18,10,18,no,none,n/a,cross_file,n/a (cross-file),n/a,n/a,"def get_cmd(
    model_uri: str,
    port: int | None = None,
    host: str | None = None,
    timeo"
entry-00389,1,3,mlflow/pyfunc/backend.py,309,309,309,no,none,ambiguous,both,"ep=strictly_after,co=strictly_before",strictly_after,strictly_before,"                command = [""bash"", ""-c"", command]"
entry-00389,1,4,mlflow/pyfunc/backend.py,311-317,311,317,no,none,ambiguous,both,"ep=strictly_after,co=overlapping",strictly_after,overlapping,"            child_proc = subprocess.Popen(
                command,
                env=command_env,"
entry-00390,1,0,mlflow/models/cli.py,24-25,24,25,no,before_entry,ambiguous,entry_file,overlapping,overlapping,n/a,"@commands.command(""serve"")
@cli_args.MODEL_URI"
entry-00390,1,1,mlflow/models/cli.py,100,100,100,no,none,n/a,entry_file,strictly_after,strictly_after,n/a,    env_manager = _EnvManager.LOCAL if no_conda else env_manager
entry-00390,1,2,mlflow/pyfunc/mlserver.py,43-45,43,45,no,none,n/a,cross_file,n/a (cross-file),n/a,n/a,"    cmd_env[""MLSERVER_MODEL_URI""] = model_uri

    return cmd, cmd_env"
entry-00390,1,3,mlflow/pyfunc/backend.py,294,294,294,no,none,n/a,cross_file,n/a (cross-file),n/a,n/a,"            command = ""exec "" + command"
entry-00390,1,4,mlflow/pyfunc/backend.py,296-303,296,303,no,none,n/a,cross_file,n/a (cross-file),n/a,n/a,"        if self._env_manager != em.LOCAL:
            return self.prepare_env(local_path).execute(
 "
entry-00390,1,5,mlflow/utils/environment.py,1013-1014,1013,1014,no,after_critical,ambiguous,critical_file,overlapping,n/a,overlapping,"        command = separator.join(map(str, self._activate_cmd + command))
        command = [""bash"", "
entry-00391,0,0,src/fastmcp/utilities/openapi/director.py,23-28,23,28,no,none,ambiguous,both,"ep=overlapping,co=strictly_before",overlapping,strictly_before,"    def build(
        self,
        route: HTTPRoute,
        flat_args: dict[str, Any],
        ba"
entry-00391,0,1,src/fastmcp/utilities/openapi/director.py,40-44,40,44,no,none,ambiguous,both,"ep=strictly_after,co=strictly_before",strictly_after,strictly_before,"        logger.debug(
            f""Building request for {route.method} {route.path} with args: {fla"
entry-00391,0,2,src/fastmcp/utilities/openapi/director.py,114-115,114,115,no,none,ambiguous,both,"ep=strictly_after,co=strictly_before",strictly_after,strictly_before,"                if location == ""path"":
                    path_params[openapi_name] = value"
entry-00391,0,3,src/fastmcp/utilities/openapi/director.py,194-203,194,203,no,none,ambiguous,both,"ep=strictly_after,co=overlapping",strictly_after,overlapping,"    def _build_url(
        self, path_template: str, path_params: dict[str, Any], base_url: str
   "
entry-00392,1,0,src/fastmcp/server/providers/openapi/components.py,286,286,286,no,none,ambiguous,both,"ep=overlapping,co=strictly_before",overlapping,strictly_before,    async def read(self) -> ResourceResult:
entry-00392,1,1,src/fastmcp/server/providers/openapi/components.py,296-305,296,305,no,none,ambiguous,both,"ep=strictly_after,co=strictly_before",strictly_after,strictly_before,"                if len(parts) > 1:
                    path_params = {}
                    param_ma"
entry-00392,1,2,src/fastmcp/server/providers/openapi/components.py,307-308,307,308,no,none,ambiguous,both,"ep=strictly_after,co=overlapping",strictly_after,overlapping,"                    for param_name, param_value in path_params.items():
                        path"
entry-00393,1,0,src/commands/onboard-remote.ts,74,74,74,no,none,ambiguous,both,"ep=overlapping,co=strictly_before",overlapping,strictly_before,  if (wantsDiscover) {
entry-00393,1,1,src/commands/onboard-remote.ts,79,79,79,no,none,ambiguous,both,"ep=strictly_after,co=strictly_before",strictly_after,strictly_before,"    const beacons = await discoverGatewayBeacons({ timeoutMs: 2000, wideAreaDomain });"
entry-00393,1,2,src/commands/onboard-remote.ts,82,82,82,no,none,ambiguous,both,"ep=strictly_after,co=strictly_before",strictly_after,strictly_before,    if (beacons.length > 0) {
entry-00393,1,3,src/commands/onboard-remote.ts,93,93,93,no,none,ambiguous,both,"ep=strictly_after,co=strictly_before",strictly_after,strictly_before,"      if (selection !== ""manual"") {"
entry-00393,1,4,src/commands/onboard-remote.ts,100,100,100,no,none,ambiguous,both,"ep=strictly_after,co=strictly_before",strictly_after,strictly_before,  if (selectedBeacon) {
entry-00393,1,5,src/commands/onboard-remote.ts,114,114,114,no,none,ambiguous,both,"ep=strictly_after,co=strictly_before",strictly_after,strictly_before,"      if (mode === ""direct"") {"
entry-00393,1,6,src/commands/onboard-remote.ts,138,138,138,no,none,ambiguous,both,"ep=strictly_after,co=strictly_before",strictly_after,strictly_before,  const urlInput = await prompter.text({
entry-00393,1,7,src/commands/onboard-remote.ts,143,143,143,no,none,ambiguous,both,"ep=strictly_after,co=strictly_before",strictly_after,strictly_before,  const url = ensureWsUrl(String(urlInput));
entry-00393,1,8,src/commands/onboard-remote.ts,225,225,225,no,none,ambiguous,both,"ep=strictly_after,co=overlapping",strictly_after,overlapping,  return {
entry-00394,1,0,src/fastmcp/utilities/openapi/director.py,54,54,54,no,before_entry,ambiguous,entry_file,overlapping,overlapping,n/a,"        url = self._build_url(route.path, path_params, base_url)"
entry-00394,1,1,src/fastmcp/utilities/openapi/director.py,208-212,208,212,no,none,n/a,entry_file,strictly_after,strictly_after,n/a,"        # Substitute path parameters
        url_path = path_template
        for param_name, param_"
entry-00394,1,2,src/fastmcp/utilities/openapi/director.py,71-73,71,73,no,none,n/a,entry_file,strictly_after,strictly_after,n/a,"        return httpx.Request(
            method=method,
            url=url,"
entry-00394,1,3,src/fastmcp/server/providers/openapi/components.py,201-210,201,210,no,after_critical,ambiguous,critical_file,overlapping,n/a,overlapping,"            ) from e

        # Send the request and process the response.
        try:
            "
entry-00395,1,0,src/fastmcp/server/providers/openapi/components.py,402,402,402,no,after_critical,ambiguous,both,strictly_after,overlapping,strictly_after,    async def create_resource(
entry-00395,1,1,src/fastmcp/server/providers/openapi/components.py,411,411,411,no,after_critical,clear,both,strictly_after,strictly_after,strictly_after,        return OpenAPIResource(
entry-00395,1,2,src/fastmcp/server/providers/openapi/components.py,290,290,290,no,before_entry,clear,both,strictly_before,strictly_before,strictly_before,            resource_uri = str(self.uri)
entry-00395,1,3,src/fastmcp/server/providers/openapi/components.py,294,294,294,no,before_entry,ambiguous,both,strictly_before,strictly_before,overlapping,"                parts = resource_uri.split(""/"")"
entry-00396,1,0,src/auto-reply/reply/commands-approve.ts,110,110,110,no,none,ambiguous,both,"ep=overlapping,co=strictly_before",overlapping,strictly_before,  if (!allowTextCommands) {
entry-00396,1,1,src/auto-reply/reply/commands-approve.ts,131,131,131,no,none,ambiguous,both,"ep=strictly_after,co=strictly_before",strictly_after,strictly_before,    const telegramApproverContext = {
entry-00396,1,2,src/auto-reply/reply/commands-approve.ts,163,163,163,no,none,ambiguous,both,"ep=strictly_after,co=strictly_before",strictly_after,strictly_before,  }
entry-00396,1,3,extensions/discord/src/exec-approvals.ts,6,6,6,no,none,n/a,cross_file,n/a (cross-file),n/a,n/a,export function isDiscordExecApprovalClientEnabled(params: {
entry-00396,1,4,src/auto-reply/reply/commands-approve.ts,198,198,198,no,none,ambiguous,both,"ep=strictly_after,co=overlapping",strictly_after,overlapping,"      await callApprovalMethod(""exec.approval.resolve"");"
entry-00397,1,0,src/auto-reply/reply/commands-approve.ts,109,109,109,no,none,ambiguous,both,"ep=overlapping,co=strictly_before",overlapping,strictly_before,"export const handleApproveCommand: CommandHandler = async (params, allowTextCommands) => {"
entry-00397,1,1,src/auto-reply/reply/commands-approve.ts,118,118,118,no,none,ambiguous,both,"ep=strictly_after,co=strictly_before",strictly_after,strictly_before,  if (!params.command.isAuthorizedSender) {
entry-00397,1,2,src/auto-reply/reply/commands-approve.ts,128,128,128,no,none,ambiguous,both,"ep=strictly_after,co=strictly_before",strictly_after,strictly_before,"  const isPluginId = parsed.id.startsWith(""plugin:"");"
entry-00397,1,3,src/auto-reply/reply/commands-approve.ts,130,130,130,no,none,ambiguous,both,"ep=strictly_after,co=strictly_before",strictly_after,strictly_before,"  if (params.command.channel === ""telegram"") {"
entry-00397,1,4,src/auto-reply/reply/commands-approve.ts,157,157,157,no,none,ambiguous,both,"ep=strictly_after,co=strictly_before",strictly_after,strictly_before,    if (isPluginId && !isTelegramExecApprovalApprover(telegramApproverContext)) {
entry-00397,1,5,src/auto-reply/reply/commands-approve.ts,187,187,187,no,none,ambiguous,both,"ep=strictly_after,co=strictly_before",strictly_after,strictly_before,  if (isPluginId) {
entry-00397,1,6,src/auto-reply/reply/commands-approve.ts,189,189,189,no,none,ambiguous,both,"ep=strictly_after,co=overlapping",strictly_after,overlapping,"      await callApprovalMethod(""plugin.approval.resolve"");"
entry-00398,1,0,src/gateway/server-methods/chat.ts,2011-2020,2011,2020,no,before_entry,clear,entry_file,strictly_before,strictly_before,n/a,"GatewayClientScopes: client?.connect?.scopes ?? [],"
entry-00398,1,1,src/gateway/server-methods/chat.ts,2173,2173,2173,no,none,n/a,entry_file,strictly_after,strictly_after,n/a,"void dispatchInboundMessage({
  ctx,
  cfg,
  dispatcher,
  ...
});"
entry-00398,1,2,src/auto-reply/reply/directive-handling.impl.ts,98-101,98,101,no,none,n/a,critical_file,strictly_before,n/a,strictly_before,"const allowInternalExecPersistence = canPersistInternalExecDirective({
    surface: params.surface,
"
entry-00398,1,3,src/auto-reply/reply/directive-handling.impl.ts,319-328,319,328,no,after_critical,ambiguous,critical_file,overlapping,n/a,overlapping,"const shouldPersistSessionEntry =
    (directives.hasThinkDirective && Boolean(directives.thinkLevel"
entry-00398,1,4,src/auto-reply/reply/directive-handling.impl.ts,345-347,345,347,no,after_critical,clear,critical_file,strictly_after,n/a,strictly_after,"if (directives.hasVerboseDirective && directives.verboseLevel) {
      applyVerboseOverride(sessionE"
entry-00398,1,5,src/auto-reply/reply/directive-handling.impl.ts,413-421,413,421,no,after_critical,clear,critical_file,strictly_after,n/a,strictly_after,"sessionEntry.updatedAt = Date.now();
sessionStore[sessionKey] = sessionEntry;
if (storePath) {
  awa"
entry-00399,1,0,src/gateway/server-methods/chat.ts,2032,2032,2032,no,before_entry,ambiguous,entry_file,overlapping,overlapping,n/a,"GatewayClientScopes: client?.connect?.scopes ?? [],"
entry-00399,1,1,src/auto-reply/reply/directive-handling.persist.ts,64-67,64,67,no,none,n/a,critical_file,strictly_before,n/a,strictly_before,"  const allowInternalExecPersistence = canPersistInternalExecDirective({
    surface: params.surface"
entry-00399,1,2,src/auto-reply/reply/directive-handling.persist.ts,92-95,92,95,no,after_critical,ambiguous,critical_file,overlapping,n/a,overlapping,"if (directives.hasVerboseDirective && directives.verboseLevel) {
      applyVerboseOverride(sessionE"
entry-00399,1,3,src/auto-reply/reply/directive-handling.persist.ts,190-197,190,197,no,after_critical,clear,critical_file,strictly_after,n/a,strictly_after,"    if (updated) {
      sessionEntry.updatedAt = Date.now();
      sessionStore[sessionKey] = sessi"
entry-00400,1,0,src/gateway/server-methods/chat.ts,1452-1457,1452,1457,no,before_entry,ambiguous,entry_file,overlapping,overlapping,n/a,"CommandAuthorized: true,
        MessageSid: clientRunId,
        SenderId: clientInfo?.id,
        "
entry-00400,1,1,src/gateway/server-methods/chat.ts,1542,1542,1542,no,none,n/a,entry_file,strictly_after,strictly_after,n/a,void dispatchInboundMessage({
entry-00400,1,2,src/auto-reply/reply/get-reply.ts,210,210,210,no,none,n/a,cross_file,n/a (cross-file),n/a,n/a,const commandAuthorized = finalized.CommandAuthorized;
entry-00400,1,3,src/auto-reply/reply/get-reply.ts,216-220,216,220,no,none,n/a,cross_file,n/a (cross-file),n/a,n/a,"const sessionState = await initSessionState({
    ctx: finalized,
    cfg,
    commandAuthorized,
  "
entry-00400,1,4,src/auto-reply/reply/session.ts,254-258,254,258,no,after_critical,ambiguous,critical_file,overlapping,n/a,overlapping,"const resetAuthorized = resolveCommandAuthorization({
    ctx,
    cfg,
    commandAuthorized,
  })."
entry-00400,1,5,src/auto-reply/reply/session.ts,284-293,284,293,no,after_critical,clear,critical_file,strictly_after,n/a,strictly_after,"if (!resetAuthorized) {
      break;
    }
    const triggerLower = trigger.toLowerCase();
    if (t"
entry-00401,1,0,backend/open_webui/routers/tools.py,645-647,645,647,no,none,ambiguous,both,"ep=overlapping,co=strictly_before",overlapping,strictly_before,"@router.get(""/id/{id}/valves"", response_model=Optional[dict])
async def get_tools_valves_by_id(
    "
entry-00401,1,1,backend/open_webui/utils/auth.py,415-421,415,421,no,none,n/a,cross_file,n/a (cross-file),n/a,n/a,"def get_verified_user(user=Depends(get_current_user)):
    if user.role not in {""user"", ""admin""}:
  "
entry-00401,1,2,backend/open_webui/routers/tools.py,649-650,649,650,no,none,ambiguous,both,"ep=strictly_after,co=strictly_before",strictly_after,strictly_before,"    tools = Tools.get_tool_by_id(id, db=db)
    if tools:"
entry-00401,1,3,backend/open_webui/routers/tools.py,652-653,652,653,no,none,ambiguous,both,"ep=strictly_after,co=overlapping",strictly_after,overlapping,"            valves = Tools.get_tool_valves_by_id(id, db=db)
            return valves"
entry-00402,1,0,src/agents/bash-tools.exec-host-gateway.ts,256,256,256,no,none,n/a,entry_file,strictly_after,strictly_after,n/a,"} else if (decision === ""allow-always"") {
        approvedByAsk = true;
        if (hostSecurity ==="
entry-00402,1,1,src/agents/bash-tools.exec-host-gateway.ts,265,265,265,no,none,n/a,entry_file,strictly_after,strictly_after,n/a,"for (const pattern of patterns) {
            if (pattern) {
              addAllowlistEntry(approva"
entry-00402,1,2,src/infra/exec-approvals-allowlist.ts,567,567,567,no,after_critical,clear,critical_file,strictly_after,n/a,strictly_after,"export function resolveAllowAlwaysPatterns(params: {
  segments: ExecCommandSegment[];
  cwd?: strin"
entry-00402,1,3,src/infra/exec-approvals-allowlist.ts,516,516,516,no,after_critical,clear,critical_file,strictly_after,n/a,strictly_after,"if (!trustPlan.shellWrapperExecutable) {
    params.out.add(candidatePath);
    return;
  }
  const "
entry-00402,1,4,src/infra/exec-approvals-allowlist.ts,454,454,454,no,none,n/a,critical_file,strictly_before,n/a,strictly_before,"if (!isDirectShellPositionalCarrierInvocation(inlineMatch.command)) {
    return undefined;
  }

  c"
entry-00402,1,5,src/infra/exec-approvals.ts,525,525,525,no,none,n/a,cross_file,n/a (cross-file),n/a,n/a,"export function addAllowlistEntry(
  approvals: ExecApprovalsFile,
  agentId: string | undefined,
  "
entry-00403,1,0,src/node-host/invoke-system-run.ts,547,547,547,no,before_entry,clear,entry_file,strictly_before,strictly_before,n/a,"  if (
    phase.policy.approvalDecision === ""allow-always"" &&
    phase.security === ""allowlist"" &&"
entry-00403,1,1,src/node-host/invoke-system-run.ts,559,559,559,no,before_entry,clear,entry_file,strictly_before,strictly_before,n/a,"      for (const pattern of patterns) {
        if (pattern) {
          addAllowlistEntry(phase.app"
entry-00403,1,2,src/infra/exec-approvals-allowlist.ts,567,567,567,no,after_critical,clear,critical_file,strictly_after,n/a,strictly_after,"export function resolveAllowAlwaysPatterns(params: {
  segments: ExecCommandSegment[];
  cwd?: strin"
entry-00403,1,3,src/infra/exec-approvals-allowlist.ts,520,520,520,no,after_critical,clear,critical_file,strictly_after,n/a,strictly_after,"  const positionalArgvPath = resolveShellWrapperPositionalArgvCandidatePath({
    segment,
    cwd: "
entry-00403,1,4,src/infra/exec-approvals.ts,364,364,364,no,none,n/a,cross_file,n/a (cross-file),n/a,n/a,"export function saveExecApprovals(file: ExecApprovalsFile) {
  const filePath = resolveExecApprovals"
entry-00404,1,0,src/agents/bash-tools.exec-host-gateway.ts,256,256,256,no,none,n/a,entry_file,strictly_after,strictly_after,n/a,"      } else if (decision === ""allow-always"") {
        approvedByAsk = true;
        if (hostSecuri"
entry-00404,1,1,src/agents/bash-tools.exec-host-gateway.ts,265,265,265,no,none,n/a,entry_file,strictly_after,strictly_after,n/a,"          for (const pattern of patterns) {
            if (pattern) {
              addAllowlistEnt"
entry-00404,1,2,src/infra/exec-approvals-allowlist.ts,567,567,567,no,after_critical,clear,critical_file,strictly_after,n/a,strictly_after,"export function resolveAllowAlwaysPatterns(params: {
  segments: ExecCommandSegment[];
  cwd?: strin"
entry-00404,1,3,src/infra/exec-approvals-allowlist.ts,516,516,516,no,after_critical,clear,critical_file,strictly_after,n/a,strictly_after,"  if (!trustPlan.shellWrapperExecutable) {
    params.out.add(candidatePath);
    return;
  }
  cons"
entry-00404,1,4,src/infra/exec-approvals-allowlist.ts,454,454,454,no,none,n/a,critical_file,strictly_before,n/a,strictly_before,"  if (!isDirectShellPositionalCarrierInvocation(inlineMatch.command)) {
    return undefined;
  }

 "
entry-00404,1,5,src/infra/exec-approvals.ts,525,525,525,no,none,n/a,cross_file,n/a (cross-file),n/a,n/a,"export function addAllowlistEntry(
  approvals: ExecApprovalsFile,
  agentId: string | undefined,
  "
entry-00405,1,0,src/node-host/invoke-system-run.ts,547,547,547,no,before_entry,clear,entry_file,strictly_before,strictly_before,n/a,"await sendSystemRunCompleted(opts, phase.execution, result, JSON.stringify(result));
      return;
 "
entry-00405,1,1,src/node-host/invoke-system-run.ts,559,559,559,no,before_entry,clear,entry_file,strictly_before,strictly_before,n/a,"segments: phase.segments,
        cwd: phase.cwd,
        env: phase.env,
        platform: process."
entry-00405,1,2,src/infra/exec-approvals-allowlist.ts,567,567,567,no,after_critical,clear,critical_file,strictly_after,n/a,strictly_after,"/**
 * Derive persisted allowlist patterns for an ""allow always"" decision.
 * When a command is wrap"
entry-00405,1,3,src/infra/exec-approvals-allowlist.ts,520,520,520,no,after_critical,clear,critical_file,strictly_after,n/a,strictly_after,"}
  if (!trustPlan.shellWrapperExecutable) {
    params.out.add(candidatePath);
    return;
  }
  co"
entry-00405,1,4,src/infra/exec-approvals.ts,364,364,364,no,none,n/a,cross_file,n/a (cross-file),n/a,n/a,"} catch {
    return normalizeExecApprovals({ version: 1, agents: {} });
  }
}

export function save"
entry-00406,1,0,src/infra/heartbeat-runner.ts,514,514,514,no,before_entry,clear,entry_file,strictly_before,strictly_before,n/a,const hasExecCompletion = pendingEvents.some(isExecCompletionEvent);
entry-00406,1,1,src/infra/heartbeat-runner.ts,635,635,635,no,before_entry,clear,entry_file,strictly_before,strictly_before,n/a,"const { sender } = resolveHeartbeatSenderContext({ cfg, entry, delivery });"
entry-00406,1,2,src/infra/heartbeat-runner.ts,652,652,652,no,before_entry,ambiguous,entry_file,overlapping,overlapping,n/a,const ctx = {
entry-00406,1,3,src/infra/heartbeat-runner.ts,732,732,732,no,none,n/a,entry_file,strictly_after,strictly_after,n/a,"const replyResult = await getReplyFromConfig(ctx, replyOpts, cfg);"
entry-00406,1,4,src/auto-reply/reply/commands-context.ts,18,18,18,no,none,n/a,cross_file,n/a (cross-file),n/a,n/a,const auth = resolveCommandAuthorization({
entry-00406,1,5,src/auto-reply/command-auth.ts,575,575,575,no,none,n/a,critical_file,strictly_before,n/a,strictly_before,const senderIsOwnerByIdentity = Boolean(matchedSender);
entry-00406,1,6,src/auto-reply/reply/commands-context.ts,37,37,37,no,none,n/a,cross_file,n/a (cross-file),n/a,n/a,"senderIsOwner: auth.senderIsOwner,"
entry-00406,1,7,src/agents/tool-policy.ts,46,46,46,no,none,n/a,cross_file,n/a (cross-file),n/a,n/a,"export function applyOwnerOnlyToolPolicy(tools: AnyAgentTool[], senderIsOwner: boolean) {"
entry-00407,1,0,src/agents/tools/gateway-tool.ts,83,83,83,no,none,ambiguous,both,"ep=strictly_after,co=strictly_before",strictly_after,strictly_before,"      const action = readStringParam(params, ""action"", { required: true });"
entry-00407,1,1,src/agents/tools/gateway-tool.ts,154,154,154,no,none,ambiguous,both,"ep=strictly_after,co=strictly_before",strictly_after,strictly_before,      const resolveConfigWriteParams = async (): Promise<{
entry-00407,1,2,src/agents/tools/gateway-tool.ts,161,161,161,no,none,ambiguous,both,"ep=strictly_after,co=strictly_before",strictly_after,strictly_before,"        const raw = readStringParam(params, ""raw"", { required: true });"
entry-00407,1,3,src/agents/tools/gateway-tool.ts,200,200,200,no,none,ambiguous,both,"ep=strictly_after,co=overlapping",strictly_after,overlapping,"        const result = await callGatewayTool(""config.patch"", gatewayOpts, {"
entry-00408,1,0,src/agents/tools/gateway-tool.ts,81,81,81,no,none,ambiguous,both,"ep=overlapping,co=strictly_before",overlapping,strictly_before,"    execute: async (_toolCallId, args) => {"
entry-00408,1,1,src/agents/tools/gateway-tool.ts,185,185,185,no,none,ambiguous,both,"ep=strictly_after,co=strictly_before",strictly_after,strictly_before,"      if (action === ""config.apply"") {"
entry-00408,1,2,src/agents/tools/gateway-tool.ts,188,188,188,no,none,ambiguous,both,"ep=strictly_after,co=overlapping",strictly_after,overlapping,"        const result = await callGatewayTool(""config.apply"", gatewayOpts, {"
entry-00409,1,0,src/gateway/server/ws-connection/message-handler.ts,265,265,265,no,none,ambiguous,both,"ep=overlapping,co=strictly_before",overlapping,strictly_before,"  socket.on(""message"", async (data) => {"
entry-00409,1,1,src/gateway/server/ws-connection/message-handler.ts,964,964,964,no,none,ambiguous,both,"ep=strictly_after,co=strictly_before",strictly_after,strictly_before,"        if (role === ""node"") {"
entry-00409,1,2,src/gateway/server/ws-connection/message-handler.ts,966,966,966,no,none,ambiguous,both,"ep=strictly_after,co=strictly_before",strictly_after,strictly_before,          const nodeId = connectParams.device?.id ?? connectParams.client.id;
entry-00409,1,3,src/gateway/server/ws-connection/message-handler.ts,967,967,967,no,none,ambiguous,both,"ep=strictly_after,co=strictly_before",strictly_after,strictly_before,          const pairedNode = await getPairedNode(nodeId);
entry-00409,1,4,src/gateway/server/ws-connection/message-handler.ts,972,972,972,no,none,ambiguous,both,"ep=strictly_after,co=strictly_before",strictly_after,strictly_before,          const declared = Array.isArray(connectParams.commands) ? connectParams.commands : [];
entry-00409,1,5,src/gateway/server/ws-connection/message-handler.ts,973,973,973,no,none,ambiguous,both,"ep=strictly_after,co=overlapping",strictly_after,overlapping,          const pairedCommands = pairedNode ? new Set(pairedNode.commands ?? []) : null;
entry-00410,1,0,src/agents/pi-tools.ts,379-386,379,386,no,before_entry,ambiguous,entry_file,overlapping,overlapping,n/a,"    if (tool.name === readTool.name) {
      if (sandboxRoot) {
        const sandboxed = createSand"
entry-00410,1,1,src/agents/pi-tools.read.ts,670-671,670,671,no,none,n/a,cross_file,n/a (cross-file),n/a,n/a,"    readFile: (absolutePath: string) =>
      params.bridge.readFile({ filePath: absolutePath, cwd: "
entry-00410,1,2,src/agents/sandbox/remote-fs-bridge.ts,58-67,58,67,no,none,n/a,critical_file,strictly_before,n/a,strictly_before,"    filePath: string;
    cwd?: string;
    signal?: AbortSignal;
  }): Promise<Buffer> {
    const "
entry-00410,1,3,src/agents/sandbox/remote-fs-bridge.ts,391-400,391,400,no,after_critical,clear,critical_file,strictly_after,n/a,strictly_after,"      args: [params.containerPath, params.allowFinalSymlinkForUnlink ? ""1"" : ""0""],
      signal: par"
entry-00410,1,4,src/agents/sandbox/remote-fs-bridge.ts,68-72,68,72,no,none,n/a,critical_file,strictly_before,n/a,strictly_before,"    await this.assertNoHardlinkedFile({
      containerPath: canonical,
      action: ""read files"",
"
entry-00410,1,5,src/agents/sandbox/remote-fs-bridge.ts,73-77,73,77,no,after_critical,ambiguous,critical_file,overlapping,n/a,overlapping,"    const result = await this.runRemoteScript({
      script: 'set -eu\ncat -- ""$1""',
      args: [c"
entry-00411,1,0,src/gateway/server-methods/nodes.ts,1072-1076,1072,1076,no,none,n/a,entry_file,strictly_after,strictly_after,n/a,"      await handleNodeEvent(nodeContext, nodeId, {
        event: p.event,
        payloadJSON,
    "
entry-00411,1,1,src/gateway/server-node-events.ts,448-457,448,457,no,none,n/a,cross_file,n/a (cross-file),n/a,n/a,"          messageChannel: ""node"",
          senderIsOwner: false,
          allowModelOverride: fals"
entry-00411,1,2,src/agents/pi-embedded-runner/compact.ts,432,432,432,no,none,n/a,cross_file,n/a (cross-file),n/a,n/a,    const resolvedMessageProvider = params.messageChannel ?? params.messageProvider;
entry-00411,1,3,src/agents/pi-tools.ts,568-571,568,571,no,after_critical,clear,critical_file,strictly_after,n/a,strictly_after,"  const toolsForMessageProvider = applyMessageProviderToolPolicy(
    toolsForMemoryFlush,
    optio"
entry-00412,1,0,src/gateway/server-node-events.ts,478-487,478,487,no,none,n/a,entry_file,strictly_after,strictly_after,n/a,"      let summary = `Notification ${change} (node=${nodeId} key=${key}`;
      if (packageName) {
  "
entry-00412,1,1,src/infra/system-events.ts,107,107,107,no,none,n/a,cross_file,n/a (cross-file),n/a,n/a,"    ts: Date.now(),"
entry-00412,1,2,src/auto-reply/reply/session-system-events.ts,82-91,82,91,no,none,n/a,critical_file,strictly_before,n/a,strictly_before,"  const queued = drainSystemEventEntries(params.sessionKey);
  systemLines.push(
    ...queued
     "
entry-00413,1,0,mlflow/server/fastapi_app.py,89,89,89,no,none,n/a,cross_file,n/a (cross-file),n/a,n/a,    fastapi_app.include_router(job_api_router)
entry-00413,1,1,mlflow/server/auth/__init__.py,2950,2950,2950,no,none,n/a,critical_file,strictly_before,n/a,strictly_before,"    async def fastapi_permission_middleware(request, call_next):"
entry-00413,1,2,mlflow/server/auth/__init__.py,2959,2959,2959,no,after_critical,clear,critical_file,strictly_after,n/a,strictly_after,        if validator is None:
entry-00413,1,3,mlflow/server/job_api.py,69,69,69,no,none,n/a,entry_file,strictly_after,strictly_after,n/a,def submit_job(payload: SubmitJobPayload) -> Job:
entry-00413,1,4,mlflow/server/jobs/utils.py,553,553,553,no,none,n/a,cross_file,n/a (cross-file),n/a,n/a,"def _load_function(fullname: str) -> Callable[..., Any]:"
entry-00413,1,5,mlflow/server/jobs/__init__.py,221,221,221,no,none,n/a,cross_file,n/a (cross-file),n/a,n/a,    huey_instance.submit_task(
entry-00414,1,0,mlflow/server/job_api.py,48,48,48,no,before_entry,ambiguous,entry_file,overlapping,overlapping,n/a,"@job_api_router.get(""/{job_id}"", response_model=Job)"
entry-00414,1,1,mlflow/server/auth/__init__.py,2951,2951,2951,no,after_critical,clear,critical_file,strictly_after,n/a,strictly_after,        path = request.url.path
entry-00414,1,2,mlflow/server/auth/__init__.py,2924,2924,2924,no,after_critical,ambiguous,critical_file,overlapping,n/a,overlapping,"    if path.startswith(""/gateway/""):"
entry-00415,1,0,mlflow/server/auth/__init__.py,2925,2925,2925,no,after_critical,clear,critical_file,strictly_after,n/a,strictly_after,return _get_gateway_validator(path)
entry-00415,1,1,mlflow/server/job_api.py,87,87,87,no,none,n/a,entry_file,strictly_after,strictly_after,n/a,def cancel_job(job_id: str) -> Job:
entry-00415,1,2,mlflow/server/jobs/__init__.py,265,265,265,no,none,n/a,cross_file,n/a (cross-file),n/a,n/a,return job_store.cancel_job(job_id)
entry-00416,1,0,mlflow/server/auth/__init__.py,2927,2927,2927,no,none,n/a,critical_file,strictly_before,n/a,strictly_before,    return None
entry-00416,1,1,mlflow/server/job_api.py,115,115,115,no,none,n/a,entry_file,strictly_after,strictly_after,n/a,def search_jobs(payload: SearchJobPayload) -> SearchJobsResponse:
entry-00416,1,2,mlflow/server/job_api.py,122,122,122,no,none,n/a,entry_file,strictly_after,strictly_after,n/a,            for job in store.list_jobs(
entry-00417,1,0,src/node-host/invoke-browser.ts,210-211,210,211,no,none,ambiguous,both,"ep=overlapping,co=strictly_before",overlapping,strictly_before,"export async function runBrowserProxyCommand(paramsJSON?: string | null): Promise<string> {
  const "
entry-00417,1,1,src/node-host/invoke-browser.ts,224,224,224,no,none,ambiguous,both,"ep=strictly_after,co=strictly_before",strictly_after,strictly_before,"  const requestedProfile = typeof params.profile === ""string"" ? params.profile.trim() : """";"
entry-00417,1,2,src/node-host/invoke-browser.ts,226-235,226,235,no,none,ambiguous,both,"ep=strictly_after,co=strictly_before",strictly_after,strictly_before,"  if (allowedProfiles.length > 0) {
    if (pathValue !== ""/profiles"") {
      const profileToCheck "
entry-00417,1,3,src/node-host/invoke-browser.ts,247-253,247,253,no,none,ambiguous,both,"ep=strictly_after,co=overlapping",strictly_after,overlapping,"  const rawQuery = params.query ?? {};
  for (const [key, value] of Object.entries(rawQuery)) {
    "
entry-00418,1,0,src/node-host/invoke-browser.ts,212-215,212,215,no,none,ambiguous,both,"ep=overlapping,co=strictly_before",overlapping,strictly_before,"  const pathValue = typeof params.path === ""string"" ? params.path.trim() : """";
  if (!pathValue) {
 "
entry-00418,1,1,src/node-host/invoke-browser.ts,225,225,225,no,none,ambiguous,both,"ep=strictly_after,co=strictly_before",strictly_after,strictly_before,  const allowedProfiles = proxyConfig.allowProfiles;
entry-00418,1,2,src/node-host/invoke-browser.ts,239-240,239,240,no,none,ambiguous,both,"ep=strictly_after,co=strictly_before",strictly_after,strictly_before,"  const method = typeof params.method === ""string"" ? params.method.toUpperCase() : ""GET"";
  const pa"
entry-00418,1,3,src/node-host/invoke-browser.ts,255,255,255,no,none,ambiguous,both,"ep=strictly_after,co=overlapping",strictly_after,overlapping,  const dispatcher = createBrowserRouteDispatcher(createBrowserControlContext());
entry-00419,1,0,litellm/proxy/auth/user_api_key_auth.py,1236,1236,1236,no,none,n/a,entry_file,strictly_after,strictly_after,n/a,user_api_key_auth_obj = await _user_api_key_auth_builder(
entry-00419,1,1,litellm/proxy/auth/user_api_key_auth.py,500,500,500,no,before_entry,clear,entry_file,strictly_before,strictly_before,n/a,"if general_settings.get(""enable_jwt_auth"", False) is True:"
entry-00419,1,2,litellm/proxy/auth/handle_jwt.py,1146,1146,1146,no,after_critical,clear,critical_file,strictly_after,n/a,strictly_after,if jwt_handler.litellm_jwtauth.oidc_userinfo_enabled:
entry-00419,1,3,litellm/proxy/auth/handle_jwt.py,506,506,506,no,after_critical,ambiguous,critical_file,overlapping,n/a,overlapping,"cache_key = f""oidc_userinfo_{token[:20]}""  # Use first 20 chars of token as cache key"
entry-00424,1,0,src/gateway/server/ws-connection/message-handler.ts,384,384,384,no,before_entry,ambiguous,entry_file,overlapping,overlapping,n/a,        const connectParams = frame.params as ConnectParams;
entry-00424,1,1,src/gateway/server/ws-connection/message-handler.ts,1130,1130,1130,no,none,n/a,entry_file,strictly_after,strictly_after,n/a,"        if (role === ""node"") {"
entry-00424,1,2,src/gateway/server/ws-connection/message-handler.ts,1131,1131,1131,no,none,n/a,entry_file,strictly_after,strictly_after,n/a,          const reconciliation = await reconcileNodePairingOnConnect({
entry-00424,1,3,src/gateway/node-connect-reconcile.ts,56,56,56,no,none,n/a,critical_file,strictly_before,n/a,strictly_before,  const declared = normalizeDeclaredNodeCommands({
entry-00424,1,4,src/gateway/node-connect-reconcile.ts,63,63,63,no,none,n/a,critical_file,strictly_before,n/a,strictly_before,  if (!params.pairedNode) {
entry-00424,1,5,src/gateway/node-connect-reconcile.ts,79,79,79,no,after_critical,ambiguous,critical_file,overlapping,n/a,overlapping,  return {
entry-00424,1,6,src/gateway/server/ws-connection/message-handler.ts,1144,1144,1144,no,none,n/a,entry_file,strictly_after,strictly_after,n/a,          connectParams.commands = reconciliation.effectiveCommands;
entry-00424,1,7,src/gateway/node-registry.ts,49,49,49,no,none,n/a,cross_file,n/a (cross-file),n/a,n/a,    const commands = Array.isArray((connect as { commands?: string[] }).commands)
entry-00424,1,8,src/gateway/node-registry.ts,75,75,75,no,none,n/a,cross_file,n/a (cross-file),n/a,n/a,"      commands,"
entry-00424,1,9,src/gateway/server-methods/nodes.ts,936,936,936,no,none,n/a,cross_file,n/a (cross-file),n/a,n/a,      const allowed = isNodeCommandAllowed({
entry-00429,1,0,packages/server/src/utils/constants.ts,6-10,6,10,no,before_entry,ambiguous,entry_file,overlapping,overlapping,n/a,"export const WHITELIST_URLS = [
    '/api/v1/verify/apikey/',
    '/api/v1/chatflows/apikey/',
    '"
entry-00429,1,1,packages/server/src/index.ts,221-223,221,223,no,none,n/a,cross_file,n/a (cross-file),n/a,n/a,"                    const isWhitelisted = whitelistURLs.some((url) => req.path.startsWith(url))
    "
entry-00429,1,2,packages/server/src/routes/public-chatbots/index.ts,8,8,8,no,none,n/a,cross_file,n/a (cross-file),n/a,n/a,"router.get(['/', '/:id'], chatflowsController.getSinglePublicChatbotConfig)"
entry-00429,1,3,packages/server/src/controllers/chatflows/index.ts,246,246,246,no,none,n/a,cross_file,n/a (cross-file),n/a,n/a,        const apiResponse = await chatflowsService.getSinglePublicChatbotConfig(req.params.id)
entry-00429,1,4,packages/server/src/services/chatflows/index.ts,363-371,363,371,no,none,n/a,critical_file,strictly_before,n/a,strictly_before,"const getSinglePublicChatbotConfig = async (chatflowId: string): Promise<any> => {
    try {
       "
entry-00429,1,5,packages/server/src/services/chatflows/index.ts,382-391,382,391,no,after_critical,ambiguous,critical_file,overlapping,n/a,overlapping,"                if (ttsConfig) {
                    Object.keys(ttsConfig).forEach((provider) => {
"
entry-00430,1,0,src/google/adk/cli/adk_web_server.py,972-974,972,974,no,before_entry,ambiguous,entry_file,overlapping,overlapping,n/a,"      @app.get(""/dev/build_graph/{app_name}"")
      async def get_app_info(app_name: str) -> Any:
  "
entry-00430,1,1,src/google/adk/cli/adk_web_server.py,687,687,687,no,before_entry,clear,entry_file,strictly_before,strictly_before,n/a,    agent_or_app = self.agent_loader.load_agent(app_name)
entry-00430,1,2,src/google/adk/cli/utils/agent_loader.py,330,330,330,no,after_critical,clear,critical_file,strictly_after,n/a,strictly_after,    agent_or_app = self._perform_load(agent_name)
entry-00430,1,3,src/google/adk/cli/utils/agent_loader.py,190,190,190,no,after_critical,clear,critical_file,strictly_after,n/a,strictly_after,"  def _perform_load(self, agent_name: str) -> Union[BaseAgent, App]:"
entry-00430,1,4,src/google/adk/cli/utils/agent_loader.py,66-68,66,68,no,none,n/a,critical_file,strictly_before,n/a,strictly_before,"  def _load_from_module_or_package(
      self, agent_name: str
  ) -> Optional[Union[BaseAgent, App"
entry-00430,1,5,src/google/adk/cli/utils/agent_loader.py,74,74,74,no,after_critical,ambiguous,critical_file,overlapping,n/a,overlapping,      module_candidate = importlib.import_module(agent_name)
entry-00431,1,0,src/google/adk/cli/adk_web_server.py,1836,1836,1836,no,before_entry,ambiguous,entry_file,overlapping,overlapping,n/a,"    @app.post(""/run_sse"")"
entry-00431,1,1,src/google/adk/cli/adk_web_server.py,1839,1839,1839,no,none,n/a,entry_file,strictly_after,strictly_after,n/a,      runner = await self.get_runner_async(req.app_name)
entry-00431,1,2,src/google/adk/cli/utils/agent_loader.py,122,122,122,no,after_critical,ambiguous,critical_file,overlapping,n/a,overlapping,"      module_candidate = importlib.import_module(f""{agent_name}.agent"")"
entry-00432,1,0,src/google/adk/cli/adk_web_server.py,1959,1959,1959,no,before_entry,ambiguous,entry_file,overlapping,overlapping,n/a,"    @app.websocket(""/run_live"")"
entry-00432,1,1,src/google/adk/cli/adk_web_server.py,1994,1994,1994,no,none,n/a,entry_file,strictly_after,strictly_after,n/a,      async def forward_events():
entry-00432,1,2,src/google/adk/cli/utils/agent_loader.py,74,74,74,no,after_critical,ambiguous,critical_file,overlapping,n/a,overlapping,      module_candidate = importlib.import_module(agent_name)
entry-00433,1,0,src/google/adk/cli/adk_web_server.py,1816,1816,1816,no,before_entry,ambiguous,entry_file,overlapping,overlapping,n/a,"    @app.post(""/run"", response_model_exclude_none=True)"
entry-00433,1,1,src/google/adk/cli/adk_web_server.py,686,686,686,no,before_entry,clear,entry_file,strictly_before,strictly_before,n/a,"    envs.load_dotenv_for_agent(os.path.basename(app_name), self.agents_dir)"
entry-00433,1,2,src/google/adk/cli/utils/agent_loader.py,330,330,330,no,after_critical,ambiguous,critical_file,overlapping,n/a,overlapping,    agent_or_app = self._perform_load(agent_name)
entry-00434,1,0,src/google/adk/cli/fast_api.py,422,422,422,no,before_entry,ambiguous,entry_file,overlapping,overlapping,n/a,"    @app.post(""/builder/save"", response_model_exclude_none=True)"
entry-00434,1,1,src/google/adk/cli/utils/agent_loader.py,248,248,248,no,none,n/a,cross_file,n/a (cross-file),n/a,n/a,"    if root_agent := self._load_from_yaml_config(actual_agent_name, agents_dir):"
entry-00434,1,2,src/google/adk/agents/config_agent_utils.py,83,83,83,no,none,n/a,critical_file,strictly_before,n/a,strictly_before,def _load_config_from_path(config_path: str) -> AgentConfig:
entry-00434,1,3,src/google/adk/agents/config_agent_utils.py,175,175,175,no,none,n/a,critical_file,strictly_before,n/a,strictly_before,def resolve_code_reference(code_config: CodeConfig) -> Any:
entry-00434,1,4,src/google/adk/agents/config_agent_utils.py,191,191,191,no,none,n/a,critical_file,strictly_before,n/a,strictly_before,  module = importlib.import_module(module_path)
entry-00434,1,5,src/google/adk/agents/config_agent_utils.py,198,198,198,no,after_critical,ambiguous,critical_file,overlapping,n/a,overlapping,"    return obj(*positional_args, **kwargs)"
entry-00435,1,0,src/google/adk/cli/fast_api.py,497,497,497,no,none,ambiguous,both,"ep=overlapping,co=strictly_before",overlapping,strictly_before,    @app.get(
entry-00435,1,1,src/google/adk/cli/fast_api.py,317,317,317,no,before_entry,clear,both,strictly_before,strictly_before,strictly_before,    def _parse_file_path(file_path: str) -> str:
entry-00435,1,2,src/google/adk/cli/fast_api.py,329,329,329,no,before_entry,clear,both,strictly_before,strictly_before,strictly_before,      resolved_root_dir = root_dir.resolve()
entry-00435,1,3,src/google/adk/cli/fast_api.py,537,537,537,no,none,ambiguous,both,"ep=strictly_after,co=overlapping",strictly_after,overlapping,      return FileResponse(
entry-00436,1,0,packages/server/src/enterprise/routes/account.route.ts,29,29,29,no,before_entry,ambiguous,entry_file,overlapping,overlapping,n/a,"router.post('/reset-password', accountController.resetPassword)"
entry-00436,1,1,packages/server/src/enterprise/controllers/account.controller.ts,67-71,67,71,no,none,n/a,cross_file,n/a (cross-file),n/a,n/a,"    public async resetPassword(req: Request, res: Response, next: NextFunction) {
        try {
    "
entry-00436,1,2,packages/server/src/enterprise/services/account.service.ts,563-564,563,564,no,none,n/a,critical_file,strictly_before,n/a,strictly_before,"    public async resetPassword(data: AccountDTO) {
        data = this.initializeAccountDTO(data)"
entry-00436,1,3,packages/server/src/enterprise/services/account.service.ts,568-569,568,569,no,none,n/a,critical_file,strictly_before,n/a,strictly_before,"            const user = await this.userService.readUserByEmail(data.user.email, queryRunner)
      "
entry-00436,1,4,packages/server/src/enterprise/services/account.service.ts,570-571,570,571,no,after_critical,ambiguous,critical_file,overlapping,n/a,overlapping,"            if (user.tempToken !== data.user.tempToken)
                throw new InternalFlowiseErr"
entry-00437,1,0,server/src/routes/agents.ts,1870,1870,1870,no,before_entry,ambiguous,entry_file,overlapping,overlapping,n/a,"  router.patch(""/agents/:id"", validate(updateAgentSchema), async (req, res) => {"
entry-00437,1,1,server/src/routes/agents.ts,1877,1877,1877,no,none,n/a,entry_file,strictly_after,strictly_after,n/a,"    await assertCanUpdateAgent(req, existing);"
entry-00437,1,2,server/src/routes/agents.ts,1887,1887,1887,no,none,n/a,entry_file,strictly_after,strictly_after,n/a,"    if (hasOwn(patchData, ""adapterConfig"")) {"
entry-00437,1,3,server/src/routes/agents.ts,1967,1967,1967,no,none,n/a,entry_file,strictly_after,strictly_after,n/a,"    const agent = await svc.update(id, patchData, {"
entry-00437,1,4,server/src/services/workspace-runtime.ts,980,980,980,no,after_critical,clear,critical_file,strictly_after,n/a,strictly_after,export async function realizeExecutionWorkspace(input: {
entry-00437,1,5,server/src/services/workspace-runtime.ts,987,987,987,no,after_critical,clear,critical_file,strictly_after,n/a,strictly_after,  const rawStrategy = parseObject(input.config.workspaceStrategy);
entry-00437,1,6,server/src/services/workspace-runtime.ts,1044,1044,1044,no,after_critical,clear,critical_file,strictly_after,n/a,strictly_after,    await provisionExecutionWorktree({
entry-00437,1,7,server/src/services/workspace-runtime.ts,901,901,901,no,after_critical,clear,critical_file,strictly_after,n/a,strictly_after,"  const provisionCommand = asString(input.strategy.provisionCommand, """").trim();"
entry-00437,1,8,server/src/services/workspace-runtime.ts,905,905,905,no,after_critical,clear,critical_file,strictly_after,n/a,strictly_after,"  await recordWorkspaceCommandOperation(input.recorder, {"
entry-00437,1,9,server/src/services/workspace-runtime.ts,746,746,746,no,after_critical,ambiguous,critical_file,overlapping,n/a,overlapping,  const proc = await executeProcess({
entry-00438,1,0,server/src/routes/activity.ts,83-84,83,84,no,none,ambiguous,both,"ep=overlapping,co=strictly_before",overlapping,strictly_before,"  router.get(""/heartbeat-runs/:runId/issues"", async (req, res) => {
    const runId = req.params.run"
entry-00438,1,1,server/src/routes/activity.ts,85-89,85,89,no,none,ambiguous,both,"ep=strictly_after,co=overlapping",strictly_after,overlapping,"    const run = await heartbeat.getRun(runId);
    if (!run) {
      res.json([]);
      return;
   "
entry-00439,1,0,server/src/routes/access.ts,1638-1641,1638,1641,no,none,ambiguous,both,"ep=overlapping,co=strictly_before",overlapping,strictly_before,"  router.post(
    ""/cli-auth/challenges"",
    validate(createCliAuthChallengeSchema),
    async (re"
entry-00439,1,1,server/src/routes/access.ts,1642,1642,1642,no,none,ambiguous,both,"ep=strictly_after,co=strictly_before",strictly_after,strictly_before,      const created = await boardAuth.createCliAuthChallenge(req.body);
entry-00439,1,2,server/src/routes/access.ts,1648-1657,1648,1657,no,none,ambiguous,both,"ep=strictly_after,co=overlapping",strictly_after,overlapping,"      res.status(201).json({
        id: created.challenge.id,
        token: created.challengeSecre"
entry-00440,1,0,server/src/routes/access.ts,1909,1909,1909,no,none,ambiguous,both,"ep=overlapping,co=strictly_before",overlapping,strictly_before,"  router.get(""/skills/available"", (_req, res) => {"
entry-00440,1,1,server/src/middleware/auth.ts,74-75,74,75,no,none,n/a,cross_file,n/a (cross-file),n/a,n/a,"      if (runIdHeader) req.actor.runId = runIdHeader;
      next();"
entry-00440,1,2,server/src/routes/access.ts,1909-1911,1909,1911,no,none,ambiguous,both,"ep=overlapping,co=overlapping",overlapping,overlapping,"  router.get(""/skills/available"", (_req, res) => {
    res.json({ skills: listAvailableSkills() });
"
entry-00441,1,0,server/src/routes/access.ts,1913,1913,1913,no,none,ambiguous,both,"ep=overlapping,co=strictly_before",overlapping,strictly_before,"  router.get(""/skills/index"", (_req, res) => {"
entry-00441,1,1,server/src/routes/access.ts,1914,1914,1914,no,none,ambiguous,both,"ep=strictly_after,co=overlapping",strictly_after,overlapping,    res.json({
entry-00442,1,0,server/src/routes/access.ts,1929,1929,1929,no,none,ambiguous,both,"ep=overlapping,co=strictly_before",overlapping,strictly_before,"  router.get(""/skills/:skillName"", (req, res) => {"
entry-00442,1,1,server/src/routes/access.ts,1933,1933,1933,no,none,ambiguous,both,"ep=strictly_after,co=overlapping",strictly_after,overlapping,"    res.type(""text/markdown"").send(markdown);"
entry-00443,1,0,server/src/routes/health.ts,26,26,26,no,none,ambiguous,both,"ep=overlapping,co=strictly_before",overlapping,strictly_before,"  router.get(""/"", async (_req, res) => {"
entry-00443,1,1,server/src/routes/health.ts,32-41,32,41,no,none,ambiguous,both,"ep=strictly_after,co=strictly_before",strictly_after,strictly_before,"    try {
      await db.execute(sql`SELECT 1`);
    } catch {
      res.status(503).json({
        "
entry-00443,1,2,server/src/routes/health.ts,88-97,88,97,no,none,ambiguous,both,"ep=strictly_after,co=overlapping",strictly_after,overlapping,"    res.json({
      status: ""ok"",
      version: serverVersion,
      deploymentMode: opts.deployme"
entry-00446,1,0,server/src/routes/execution-workspaces.ts,423,423,423,no,before_entry,ambiguous,entry_file,overlapping,overlapping,n/a,"  router.patch(""/execution-workspaces/:id"", validate(updateExecutionWorkspaceSchema), async (req, re"
entry-00446,1,1,server/src/routes/execution-workspaces.ts,448,448,448,no,none,n/a,entry_file,strictly_after,strictly_after,n/a,      patch.metadata = req.body.config === undefined
entry-00446,1,2,server/src/routes/execution-workspaces.ts,454,454,454,no,none,n/a,entry_file,strictly_after,strictly_after,n/a,    const configForCleanup = readExecutionWorkspaceConfig(
entry-00446,1,3,server/src/routes/execution-workspaces.ts,535,535,535,no,none,n/a,entry_file,strictly_after,strictly_after,n/a,"          cleanupCommand: configForCleanup?.cleanupCommand ?? null,"
entry-00446,1,4,server/src/services/workspace-runtime.ts,1339,1339,1339,no,after_critical,clear,critical_file,strictly_after,n/a,strictly_after,  const cleanupCommands = [
entry-00446,1,5,server/src/services/workspace-runtime.ts,1352,1352,1352,no,after_critical,clear,critical_file,strictly_after,n/a,strictly_after,"      await recordWorkspaceCommandOperation(input.recorder, {"
entry-00446,1,6,server/src/services/workspace-runtime.ts,851,851,851,no,after_critical,clear,critical_file,strictly_after,n/a,strictly_after,      const shell = resolveShell();
entry-00446,1,7,server/src/services/workspace-runtime.ts,479,479,479,no,after_critical,ambiguous,critical_file,overlapping,n/a,overlapping,"    const child = spawn(input.command, input.args, {"
entry-00447,1,0,server/src/routes/agents.ts,2218-2219,2218,2219,no,none,ambiguous,both,"ep=overlapping,co=strictly_before",overlapping,strictly_before,"  router.post(""/agents/:id/keys"", validate(createAgentKeySchema), async (req, res) => {
    assertBo"
entry-00447,1,1,server/src/routes/authz.ts,10-14,10,14,no,none,n/a,cross_file,n/a (cross-file),n/a,n/a,"export function assertBoard(req: Request) {
  if (req.actor.type !== ""board"") {
    throw forbidden("
entry-00447,1,2,server/src/routes/agents.ts,2220,2220,2220,no,none,ambiguous,both,"ep=strictly_after,co=strictly_before",strictly_after,strictly_before,    const id = req.params.id as string;
entry-00447,1,3,server/src/routes/agents.ts,2225,2225,2225,no,none,ambiguous,both,"ep=strictly_after,co=overlapping",strictly_after,overlapping,"    const key = await svc.createApiKey(id, req.body.name);"
entry-00448,1,0,server/src/routes/agents.ts,2207-2208,2207,2208,no,none,ambiguous,both,"ep=overlapping,co=strictly_before",overlapping,strictly_before,"  router.get(""/agents/:id/keys"", async (req, res) => {
    assertBoard(req);"
entry-00448,1,1,server/src/routes/agents.ts,50,50,50,no,before_entry,clear,both,strictly_before,strictly_before,strictly_before,"import { assertBoard, assertCompanyAccess, assertInstanceAdmin, getActorInfo } from ""./authz.js"";"
entry-00448,1,2,server/src/routes/agents.ts,2209,2209,2209,no,none,ambiguous,both,"ep=strictly_after,co=strictly_before",strictly_after,strictly_before,    const id = req.params.id as string;
entry-00448,1,3,server/src/routes/agents.ts,2214-2215,2214,2215,no,none,ambiguous,both,"ep=strictly_after,co=overlapping",strictly_after,overlapping,"    const keys = await svc.listKeys(id);
    res.json(keys);"
entry-00449,1,0,server/src/routes/agents.ts,2240-2241,2240,2241,no,none,ambiguous,both,"ep=overlapping,co=strictly_before",overlapping,strictly_before,"  router.delete(""/agents/:id/keys/:keyId"", async (req, res) => {
    assertBoard(req);"
entry-00449,1,1,server/src/routes/agents.ts,2243,2243,2243,no,none,ambiguous,both,"ep=strictly_after,co=strictly_before",strictly_after,strictly_before,    const keyId = req.params.keyId as string;
entry-00449,1,2,server/src/routes/agents.ts,2255-2259,2255,2259,no,none,ambiguous,both,"ep=strictly_after,co=overlapping",strictly_after,overlapping,"    const revoked = await svc.revokeKey(agent.id, keyId);
    if (!revoked) {
      res.status(404)."
entry-00450,1,0,src/gateway/server/ws-connection/message-handler.ts,344-351,344,351,no,before_entry,ambiguous,entry_file,overlapping,overlapping,n/a,"        const connectParams = frame.params as ConnectParams;
        const clientLabel = connectPara"
entry-00450,1,1,src/gateway/server/ws-connection/message-handler.ts,1051-1060,1051,1060,no,none,n/a,entry_file,strictly_after,strictly_after,n/a,"          connect: connectParams,
          connId,
          presenceKey,
          clientIp: repor"
entry-00450,1,2,src/gateway/server/ws-connection/message-handler.ts,1188-1195,1188,1195,no,none,n/a,entry_file,strictly_after,strictly_after,n/a,"        await handleGatewayRequest({
          req,
          respond,
          client,
          i"
entry-00450,1,3,src/gateway/server-methods/chat.ts,292-299,292,299,no,none,n/a,critical_file,strictly_before,n/a,strictly_before,"function isAcpBridgeClient(client: GatewayRequestHandlerOptions[""client""]): boolean {
  const info ="
entry-00450,1,4,src/gateway/server-methods/chat.ts,1268-1277,1268,1277,no,after_critical,ambiguous,critical_file,overlapping,n/a,overlapping,"    if ((p.systemInputProvenance || p.systemProvenanceReceipt) && !isAcpBridgeClient(client)) {
    "
entry-00450,1,5,src/gateway/server-methods/chat.ts,1294-1295,1294,1295,no,after_critical,clear,critical_file,strictly_after,n/a,strictly_after,"    const systemInputProvenance = normalizeInputProvenance(p.systemInputProvenance);
    const syste"
entry-00451,1,0,src/gateway/server/ws-connection/message-handler.ts,344-351,344,351,no,before_entry,ambiguous,entry_file,overlapping,overlapping,n/a,"        const connectParams = frame.params as ConnectParams;
        const clientLabel = connectPara"
entry-00451,1,1,src/gateway/server/ws-connection/message-handler.ts,1049-1058,1049,1058,no,none,n/a,entry_file,strictly_after,strictly_after,n/a,"        const nextClient: GatewayWsClient = {
          socket,
          connect: connectParams,
  "
entry-00451,1,2,src/gateway/server/ws-connection/message-handler.ts,1188-1195,1188,1195,no,none,n/a,entry_file,strictly_after,strictly_after,n/a,"        await handleGatewayRequest({
          req,
          respond,
          client,
          i"
entry-00451,1,3,src/gateway/server-methods/chat.ts,292-299,292,299,no,none,n/a,critical_file,strictly_before,n/a,strictly_before,"function isAcpBridgeClient(client: GatewayRequestHandlerOptions[""client""]): boolean {
  const info ="
entry-00451,1,4,src/gateway/server-methods/chat.ts,1268-1277,1268,1277,no,after_critical,ambiguous,critical_file,overlapping,n/a,overlapping,"    if ((p.systemInputProvenance || p.systemProvenanceReceipt) && !isAcpBridgeClient(client)) {
    "
entry-00451,1,5,src/gateway/server-methods/chat.ts,1294-1295,1294,1295,no,after_critical,clear,critical_file,strictly_after,n/a,strictly_after,"    const systemInputProvenance = normalizeInputProvenance(p.systemInputProvenance);
    const syste"
entry-00458,1,0,src/gateway/server/ws-connection/message-handler.ts,393,393,393,no,none,ambiguous,both,"ep=strictly_after,co=strictly_before",strictly_after,strictly_before,"        const roleRaw = connectParams.role ?? ""operator"";
        const role = parseGatewayRole(role"
entry-00458,1,1,src/gateway/server/ws-connection/message-handler.ts,466,466,466,no,none,ambiguous,both,"ep=strictly_after,co=strictly_before",strictly_after,strictly_before,"        let {
          authResult,
          authOk,
          authMethod,
          sharedAuthOk,
"
entry-00458,1,2,src/gateway/server/ws-connection/auth-context.ts,151,151,151,no,none,n/a,cross_file,n/a (cross-file),n/a,n/a,"  const sharedAuthOk =
    (sharedAuthResult?.ok === true &&
      (sharedAuthResult.method === ""tok"
entry-00458,1,3,src/gateway/server/ws-connection/message-handler.ts,522,522,522,no,none,ambiguous,both,"ep=strictly_after,co=strictly_before",strictly_after,strictly_before,"        const handleMissingDeviceIdentity = (): boolean => {
          const trustedProxyAuthOk = is"
entry-00458,1,4,src/gateway/server/ws-connection/connect-policy.ts,62,62,62,no,none,n/a,cross_file,n/a (cross-file),n/a,n/a,"export function isTrustedProxyControlUiOperatorAuth(params: {
  isControlUi: boolean;
  role: Gatewa"
entry-00458,1,5,src/gateway/server/ws-connection/message-handler.ts,535,535,535,no,none,ambiguous,both,"ep=strictly_after,co=strictly_before",strictly_after,strictly_before,"          const decision = evaluateMissingDeviceIdentity({
            hasDeviceIdentity: Boolean(de"
entry-00458,1,6,src/gateway/server/ws-connection/connect-policy.ts,119,119,119,no,none,n/a,cross_file,n/a (cross-file),n/a,n/a,"  if (roleCanSkipDeviceIdentity(params.role, params.sharedAuthOk)) {
    return { kind: ""allow"" };
 "
entry-00458,1,7,src/gateway/role-policy.ts,14,14,14,no,none,n/a,cross_file,n/a (cross-file),n/a,n/a,"export function roleCanSkipDeviceIdentity(role: GatewayRole, sharedAuthOk: boolean): boolean {
  ret"
entry-00458,1,8,src/gateway/server/ws-connection/message-handler.ts,549,549,549,no,none,ambiguous,both,"ep=strictly_after,co=overlapping",strictly_after,overlapping,"          if (
            !device &&
            (decision.kind !== ""allow"" ||
              (!cont"
entry-00459,1,0,extensions/device-pair/index.ts,518,518,518,no,before_entry,ambiguous,entry_file,overlapping,overlapping,n/a,const issuedBootstrap = await issueDeviceBootstrapToken();
entry-00459,1,1,src/infra/device-bootstrap.ts,63,63,63,no,none,n/a,critical_file,strictly_before,n/a,strictly_before,export async function issueDeviceBootstrapToken(
entry-00459,1,2,src/infra/device-bootstrap.ts,72,72,72,no,none,n/a,critical_file,strictly_before,n/a,strictly_before,state[token] = {
entry-00459,1,3,extensions/device-pair/index.ts,519,519,519,no,none,n/a,entry_file,strictly_after,strictly_after,n/a,return {
entry-00459,1,4,src/pairing/setup-code.ts,383,383,383,no,none,n/a,cross_file,n/a (cross-file),n/a,n/a,"url: urlResult.url,"
entry-00459,1,5,src/infra/device-bootstrap.ts,117,117,117,no,none,n/a,critical_file,strictly_before,n/a,strictly_before,export async function verifyDeviceBootstrapToken(params: {
entry-00459,1,6,src/infra/device-bootstrap.ts,131,131,131,no,none,n/a,critical_file,strictly_before,n/a,strictly_before,"const found = Object.entries(state).find(([, candidate]) =>"
entry-00459,1,7,src/infra/device-bootstrap.ts,139,139,139,no,none,n/a,critical_file,strictly_before,n/a,strictly_before,const deviceId = params.deviceId.trim();
entry-00459,1,8,src/infra/device-bootstrap.ts,142,142,142,no,none,n/a,critical_file,strictly_before,n/a,strictly_before,if (!deviceId || !publicKey || !role) {
entry-00459,1,9,src/infra/device-bootstrap.ts,150,150,150,no,after_critical,ambiguous,critical_file,overlapping,n/a,overlapping,return { ok: true };
entry-00462,1,0,onnx/external_data_helper.py,186,186,186,no,none,ambiguous,both,"ep=overlapping,co=strictly_before",overlapping,strictly_before,"def save_external_data(tensor: TensorProto, base_path: str) -> None:"
entry-00462,1,1,onnx/external_data_helper.py,197,197,197,no,none,ambiguous,both,"ep=strictly_after,co=strictly_before",strictly_after,strictly_before,"    if not tensor.HasField(""raw_data""):"
entry-00462,1,2,onnx/external_data_helper.py,202,202,202,no,none,ambiguous,both,"ep=strictly_after,co=overlapping",strictly_after,overlapping,"        with open(external_data_file_path, ""ab""):"
entry-00463,1,0,onnx/external_data_helper.py,35,35,35,no,none,ambiguous,both,"ep=overlapping,co=strictly_before",overlapping,strictly_before,"            setattr(self, entry.key, entry.value)"
entry-00463,1,1,onnx/external_data_helper.py,193,193,193,no,none,ambiguous,both,"ep=strictly_after,co=strictly_before",strictly_after,strictly_before,    info = ExternalDataInfo(tensor)
entry-00463,1,2,onnx/external_data_helper.py,194,194,194,no,none,ambiguous,both,"ep=strictly_after,co=overlapping",strictly_after,overlapping,"    external_data_file_path = os.path.join(base_path, info.location)"
entry-00464,1,0,airflow-core/src/airflow/example_dags/example_xcom.py,83,83,83,no,none,ambiguous,both,"ep=overlapping,co=overlapping",overlapping,overlapping,"        f'echo ""The xcom pushed manually is {XComArg(bash_push, key=""manually_pushed_value"")}"" && '"
entry-00464,1,1,airflow-core/src/airflow/example_dags/example_xcom.py,84,84,84,no,none,ambiguous,both,"ep=strictly_after,co=overlapping",strictly_after,overlapping,"        f'echo ""The returned_value xcom is {XComArg(bash_push)}"" && '"
entry-00464,1,2,airflow-core/src/airflow/example_dags/example_xcom.py,80-87,80,87,no,none,ambiguous,both,"ep=overlapping,co=overlapping",overlapping,overlapping,"    bash_pull = BashOperator(
        task_id=""bash_pull"",
        bash_command='echo ""bash pull dem"
entry-00465,1,0,packages/server/src/routes/index.ts,136,136,136,no,none,n/a,cross_file,n/a (cross-file),n/a,n/a,"router.use('/account', accountRouter)"
entry-00465,1,1,packages/server/src/enterprise/routes/account.route.ts,9,9,9,no,none,n/a,cross_file,n/a (cross-file),n/a,n/a,"router.post('/register', accountController.register)"
entry-00465,1,2,packages/server/src/enterprise/controllers/account.controller.ts,10,10,10,no,before_entry,ambiguous,entry_file,overlapping,overlapping,n/a,            const data = await accountService.register(req.body)
entry-00465,1,3,packages/server/src/enterprise/services/account.service.ts,280,280,280,no,none,n/a,cross_file,n/a (cross-file),n/a,n/a,    public async register(data: AccountDTO) {
entry-00465,1,4,packages/server/src/enterprise/services/account.service.ts,250,250,250,no,none,n/a,cross_file,n/a (cross-file),n/a,n/a,"            data = await this.createRegisterAccount(data, queryRunner)"
entry-00465,1,5,packages/server/src/enterprise/services/account.service.ts,130,130,130,no,none,n/a,cross_file,n/a (cross-file),n/a,n/a,"                data.user = await this.userService.createNewUser(data.user, queryRunner)"
entry-00465,1,6,packages/server/src/enterprise/services/user.service.ts,82,82,82,no,none,n/a,critical_file,strictly_before,n/a,strictly_before,"    public async createNewUser(data: Partial<User>, queryRunner: QueryRunner) {"
entry-00465,1,7,packages/server/src/enterprise/services/user.service.ts,101,101,101,no,after_critical,ambiguous,critical_file,overlapping,n/a,overlapping,"        const userObj = queryRunner.manager.create(User, data)"
entry-00466,1,0,packages/server/src/enterprise/routes/account.route.ts,9,9,9,no,none,n/a,cross_file,n/a (cross-file),n/a,n/a,"router.post('/register', accountController.register)"
entry-00466,1,1,packages/server/src/enterprise/controllers/account.controller.ts,10,10,10,no,before_entry,ambiguous,entry_file,overlapping,overlapping,n/a,            const data = await accountService.register(req.body)
entry-00466,1,2,packages/server/src/enterprise/services/account.service.ts,227,227,227,no,none,n/a,critical_file,strictly_before,n/a,strictly_before,        data.organizationUser.organizationId = data.organization.id
entry-00466,1,3,packages/server/src/enterprise/services/account.service.ts,229,229,229,no,none,n/a,critical_file,strictly_before,n/a,strictly_before,        data.organizationUser.createdBy = data.user.createdBy
entry-00466,1,4,packages/server/src/enterprise/services/account.service.ts,230,230,230,no,after_critical,ambiguous,critical_file,overlapping,n/a,overlapping,        data.organizationUser = this.organizationUserService.createNewOrganizationUser(data.organiza
entry-00467,1,0,packages/server/src/controllers/nodes/index.ts,90,90,90,no,before_entry,ambiguous,entry_file,overlapping,overlapping,n/a,"        const apiResponse = await nodesService.executeCustomFunction(req.body, workspaceId, orgId)"
entry-00467,1,1,packages/server/src/services/nodes/index.ts,151,151,151,no,none,n/a,cross_file,n/a (cross-file),n/a,n/a,        return await executeCustomNodeFunction(executeData)
entry-00467,1,2,packages/server/src/utils/executeCustomNodeFunction.ts,24,24,24,no,none,n/a,cross_file,n/a (cross-file),n/a,n/a,        const jsFunction = typeof body?.javascriptFunction === 'string' ? body.javascriptFunction : 
entry-00467,1,3,packages/server/src/utils/executeCustomNodeFunction.ts,49,49,49,no,none,n/a,cross_file,n/a (cross-file),n/a,n/a,"                const returnData = await newNodeInstance.init(nodeData, '', options)"
entry-00467,1,4,packages/components/nodes/utilities/CustomFunction/CustomFunction.ts,140,140,140,no,none,n/a,cross_file,n/a (cross-file),n/a,n/a,"            const response = await executeJavaScriptCode(javascriptFunction, sandbox)"
entry-00467,1,5,packages/components/src/utils.ts,1631,1631,1631,no,none,n/a,critical_file,strictly_before,n/a,strictly_before,        const builtinDeps = process.env.TOOL_FUNCTION_BUILTIN_DEP
entry-00467,1,6,packages/components/src/utils.ts,1640,1640,1640,no,none,n/a,critical_file,strictly_before,n/a,strictly_before,        const secureWrappers: ICommonObject = {}
entry-00467,1,7,packages/components/src/utils.ts,1671,1671,1671,no,after_critical,ambiguous,critical_file,overlapping,n/a,overlapping,"                builtin: builtinDeps,"
entry-00468,1,0,packages/components/src/utils.ts,1494,1494,1494,no,none,ambiguous,both,"ep=overlapping,co=strictly_before",overlapping,strictly_before,export const executeJavaScriptCode = async (
entry-00468,1,1,packages/components/src/utils.ts,1663,1663,1663,no,none,ambiguous,both,"ep=strictly_after,co=strictly_before",strictly_after,strictly_before,        const defaultNodeVMOptions: any = {
entry-00468,1,2,packages/components/src/utils.ts,1682,1682,1682,no,none,ambiguous,both,"ep=strictly_after,co=strictly_before",strictly_after,strictly_before,        const vm = new NodeVM(finalNodeVMOptions)
entry-00468,1,3,packages/components/src/utils.ts,1685,1685,1685,no,none,ambiguous,both,"ep=strictly_after,co=overlapping",strictly_after,overlapping,"            const response = await vm.run(`module.exports = async function() {${code}}()`, __dirname"
entry-00469,1,0,packages/components/src/utils.ts,1494,1494,1494,no,before_entry,ambiguous,entry_file,overlapping,overlapping,n/a,export const executeJavaScriptCode = async (
entry-00469,1,1,packages/components/src/utils.ts,1644,1644,1644,no,none,n/a,entry_file,strictly_after,strictly_after,n/a,            return await secureAxiosRequest(config)
entry-00469,1,2,packages/components/src/httpSecurity.ts,75,75,75,no,none,n/a,critical_file,strictly_before,n/a,strictly_before,        const target = await resolveAndValidate(currentUrl)
entry-00469,1,3,packages/components/src/httpSecurity.ts,88,88,88,no,after_critical,ambiguous,critical_file,overlapping,n/a,overlapping,        const response = await axios(currentConfig)
entry-00470,1,0,packages/components/src/utils.ts,409,409,409,no,before_entry,ambiguous,entry_file,overlapping,overlapping,n/a,"async function crawl(baseURL: string, currentURL: string, pages: string[], limit: number): Promise<s"
entry-00470,1,1,packages/components/src/httpSecurity.ts,192,192,192,no,none,n/a,critical_file,strictly_before,n/a,strictly_before,    const u = new URL(url)
entry-00470,1,2,packages/components/src/httpSecurity.ts,196,196,196,no,none,n/a,critical_file,strictly_before,n/a,strictly_before,    if (ipaddr.isValid(hostname)) {
entry-00470,1,3,packages/components/src/httpSecurity.ts,234,234,234,no,after_critical,ambiguous,critical_file,overlapping,n/a,overlapping,"        lookup: (_host, _opts, cb) => {"
entry-00471,1,0,packages/components/src/httpSecurity.ts,139,139,139,no,none,n/a,critical_file,strictly_before,n/a,strictly_before,const resolved = await resolveAndValidate(currentUrl)
entry-00471,1,1,packages/components/src/httpSecurity.ts,190,190,190,no,after_critical,clear,critical_file,strictly_after,n/a,strictly_after,"const denyList = denyListString ? denyListString.split(',').map((s) => s.trim()) : null"
entry-00472,1,0,packages/components/src/utils.ts,461,461,461,no,before_entry,ambiguous,entry_file,overlapping,overlapping,n/a,"    return await crawl(URLObj.protocol + '//' + URLObj.hostname, modifyURL, [], limit)"
entry-00472,1,1,packages/components/src/httpSecurity.ts,222,222,222,no,none,n/a,critical_file,strictly_before,n/a,strictly_before,    return {
entry-00472,1,2,packages/components/src/httpSecurity.ts,233,233,233,no,after_critical,ambiguous,critical_file,overlapping,n/a,overlapping,    return new Agent({
entry-00473,1,0,packages/server/src/services/fetch-links/index.ts,6,6,6,no,before_entry,ambiguous,entry_file,overlapping,overlapping,n/a,"const getAllLinks = async (requestUrl: string, relativeLinksMethod: string, queryLimit: string): Pro"
entry-00473,1,1,packages/server/src/services/fetch-links/index.ts,9,9,9,no,none,n/a,entry_file,strictly_after,strictly_after,n/a,        await checkDenyList(url)
entry-00473,1,2,packages/components/src/httpSecurity.ts,41,41,41,no,none,n/a,critical_file,strictly_before,n/a,strictly_before,    const httpDenyListString: string | undefined = process.env.HTTP_DENY_LIST
entry-00473,1,3,packages/components/src/httpSecurity.ts,42,42,42,no,after_critical,ambiguous,critical_file,overlapping,n/a,overlapping,    if (!httpDenyListString) return
entry-00474,1,0,packages/components/src/httpSecurity.ts,139,139,139,no,none,n/a,critical_file,strictly_before,n/a,strictly_before,        const resolved = await resolveAndValidate(currentUrl)
entry-00474,1,1,packages/components/src/httpSecurity.ts,189,189,189,no,after_critical,clear,critical_file,strictly_after,n/a,strictly_after,    const denyListString = process.env.HTTP_DENY_LIST
entry-00474,1,2,packages/components/src/httpSecurity.ts,190,190,190,no,after_critical,clear,critical_file,strictly_after,n/a,strictly_after,"    const denyList = denyListString ? denyListString.split(',').map((s) => s.trim()) : null"
entry-00474,1,3,packages/components/src/httpSecurity.ts,197,197,197,no,after_critical,clear,critical_file,strictly_after,n/a,strictly_after,        if (denyList) {
entry-00474,1,4,packages/components/src/httpSecurity.ts,209,209,209,no,after_critical,clear,critical_file,strictly_after,n/a,strictly_after,"    const records = await dns.lookup(hostname, { all: true })"
entry-00474,1,5,packages/components/src/httpSecurity.ts,220,220,220,no,after_critical,clear,critical_file,strictly_after,n/a,strictly_after,    const chosen = records.find((r) => r.family === 4) ?? records[0]
entry-00475,1,0,packages/components/src/utils.ts,478,478,478,no,before_entry,ambiguous,entry_file,overlapping,overlapping,n/a,"export async function xmlScrape(currentURL: string, limit: number): Promise<string[]> {"
entry-00475,1,1,packages/components/src/httpSecurity.ts,133,133,133,no,none,n/a,critical_file,strictly_before,n/a,strictly_before,"export async function secureFetch(url: string, init?: RequestInit, maxRedirects: number = 5): Promis"
entry-00475,1,2,packages/components/src/httpSecurity.ts,188,188,188,no,none,n/a,critical_file,strictly_before,n/a,strictly_before,async function resolveAndValidate(url: string): Promise<ResolvedTarget> {
entry-00475,1,3,packages/components/src/httpSecurity.ts,216,216,216,no,after_critical,ambiguous,critical_file,overlapping,n/a,overlapping,"            isDeniedIP(r.address, denyList)"
entry-00476,1,0,packages/components/src/utils.ts,457,457,457,no,none,n/a,entry_file,strictly_after,strictly_after,n/a,await checkDenyList(stringURL)
entry-00476,1,1,packages/components/src/httpSecurity.ts,51,51,51,no,after_critical,ambiguous,critical_file,overlapping,n/a,overlapping,"const addresses = await dns.lookup(hostname, { all: true })"
entry-00476,1,2,packages/components/src/httpSecurity.ts,52-54,52,54,no,after_critical,clear,critical_file,strictly_after,n/a,strictly_after,"for (const address of addresses) {
            isDeniedIP(address.address, httpDenyList)
        }"
entry-00476,1,3,packages/components/src/utils.ts,426,426,426,no,before_entry,clear,entry_file,strictly_before,strictly_before,n/a,const resp = await secureFetch(currentURL)
entry-00476,1,4,packages/components/src/httpSecurity.ts,209,209,209,no,after_critical,clear,critical_file,strictly_after,n/a,strictly_after,"const records = await dns.lookup(hostname, { all: true })"
entry-00476,1,5,packages/components/src/httpSecurity.ts,214-218,214,218,no,after_critical,clear,critical_file,strictly_after,n/a,strictly_after,"if (denyList) {
        for (const r of records) {
            isDeniedIP(r.address, denyList)
     "
entry-00476,1,6,packages/components/src/httpSecurity.ts,142,142,142,no,after_critical,clear,critical_file,strictly_after,n/a,strictly_after,"const response = await fetch(currentUrl, { ...currentInit, agent: () => agent })"
entry-00477,1,0,packages/server/src/utils/constants.ts,10,10,10,no,none,n/a,cross_file,n/a (cross-file),n/a,n/a,"'/api/v1/public-chatbotConfig',  // 白名单放行条目：中间件 startsWith 匹配后跳过所有认证检查"
entry-00477,1,1,packages/server/src/index.ts,221,221,221,no,none,n/a,cross_file,n/a (cross-file),n/a,n/a,const isWhitelisted = whitelistURLs.some((url) => req.path.startsWith(url))  // 此处判断为 true，执行 next()
entry-00477,1,2,packages/server/src/index.ts,223,223,223,no,none,n/a,cross_file,n/a (cross-file),n/a,n/a,if (isWhitelisted) { next() }  // 缺失：应有对 chatbotConfig 端点的 ownership 或访问控制校验
entry-00477,1,3,packages/server/src/controllers/chatflows/index.ts,246,246,246,no,none,n/a,cross_file,n/a (cross-file),n/a,n/a,const apiResponse = await chatflowsService.getSinglePublicChatbotConfig(req.params.id)  // chatflowI
entry-00477,1,4,packages/server/src/services/chatflows/index.ts,366,366,366,no,none,n/a,critical_file,strictly_before,n/a,strictly_before,const dbResponse = await appServer.AppDataSource.getRepository(ChatFlow).findOneBy({ id: chatflowId 
entry-00477,1,5,packages/server/src/services/chatflows/index.ts,391,391,391,no,after_critical,ambiguous,critical_file,overlapping,n/a,overlapping,"return { ...parsedConfig, uploads: uploadsConfig, flowData: dbResponse.flowData, isTTSEnabled }  // "
entry-00478,1,0,packages/server/src/utils/constants.ts,40,40,40,no,none,n/a,cross_file,n/a (cross-file),n/a,n/a,"'/api/v1/oauth2-credential/refresh',"
entry-00478,1,1,packages/server/src/index.ts,222,222,222,no,none,n/a,cross_file,n/a (cross-file),n/a,n/a,if (isWhitelisted) {
entry-00478,1,2,packages/server/src/routes/oauth2/index.ts,309,309,309,no,none,ambiguous,both,"ep=strictly_after,co=strictly_before",strictly_after,strictly_before,const { credentialId } = req.params
entry-00478,1,3,packages/server/src/routes/oauth2/index.ts,314,314,314,no,none,ambiguous,both,"ep=strictly_after,co=strictly_before",strictly_after,strictly_before,const credential = await credentialRepository.findOneBy({
entry-00478,1,4,packages/server/src/routes/oauth2/index.ts,325,325,325,no,none,ambiguous,both,"ep=strictly_after,co=strictly_before",strictly_after,strictly_before,const decryptedData = await decryptCredentialData(credential.encryptedData)
entry-00478,1,5,packages/server/src/routes/oauth2/index.ts,355,355,355,no,none,ambiguous,both,"ep=strictly_after,co=overlapping",strictly_after,overlapping,"const tokenResponse = await axios.post(tokenUrl, new URLSearchParams(refreshRequestData).toString(),"
entry-00479,1,0,packages/components/src/utils.ts,456,456,456,no,before_entry,ambiguous,entry_file,overlapping,overlapping,n/a,"export async function webCrawl(stringURL: string, limit: number): Promise<string[]> {"
entry-00479,1,1,packages/components/src/utils.ts,457,457,457,no,none,n/a,entry_file,strictly_after,strictly_after,n/a,    await checkDenyList(stringURL)
entry-00479,1,2,packages/components/src/httpSecurity.ts,40,40,40,no,after_critical,ambiguous,critical_file,overlapping,n/a,overlapping,export async function checkDenyList(url: string): Promise<void> {
entry-00480,1,0,packages/components/src/utils.ts,1659,1659,1659,no,before_entry,ambiguous,entry_file,overlapping,overlapping,n/a,"return await secureFetch(url, options)"
entry-00480,1,1,packages/components/src/httpSecurity.ts,193,193,193,no,none,n/a,critical_file,strictly_before,n/a,strictly_before,const hostname = u.hostname
entry-00480,1,2,packages/components/src/httpSecurity.ts,209,209,209,no,none,n/a,critical_file,strictly_before,n/a,strictly_before,"const records = await dns.lookup(hostname, { all: true })"
entry-00480,1,3,packages/components/src/httpSecurity.ts,210,210,210,no,none,n/a,critical_file,strictly_before,n/a,strictly_before,if (records.length === 0) {
entry-00480,1,4,packages/components/src/httpSecurity.ts,214,214,214,no,none,n/a,critical_file,strictly_before,n/a,strictly_before,if (denyList) {
entry-00480,1,5,packages/components/src/httpSecurity.ts,215,215,215,no,none,n/a,critical_file,strictly_before,n/a,strictly_before,for (const r of records) {
entry-00480,1,6,packages/components/src/httpSecurity.ts,224,224,224,no,none,n/a,critical_file,strictly_before,n/a,strictly_before,"ip: chosen.address,"
entry-00480,1,7,packages/components/src/httpSecurity.ts,235,235,235,no,after_critical,ambiguous,critical_file,overlapping,n/a,overlapping,"cb(null, target.ip, target.family)"
entry-00481,1,0,packages/components/src/httpSecurity.ts,139,139,139,no,none,n/a,critical_file,strictly_before,n/a,strictly_before,        const resolved = await resolveAndValidate(currentUrl)
entry-00481,1,1,packages/components/src/httpSecurity.ts,190,190,190,no,after_critical,clear,critical_file,strictly_after,n/a,strictly_after,"    const denyList = denyListString ? denyListString.split(',').map((s) => s.trim()) : null"
entry-00482,1,0,packages/components/nodes/tools/WebScraperTool/WebScraperTool.ts,60,60,60,no,before_entry,ambiguous,entry_file,overlapping,overlapping,n/a,"    private async scrapeSingleUrl(url: string): Promise<Omit<ScrapedPageData, 'url'> & { foundLinks:"
entry-00482,1,1,packages/components/nodes/tools/WebScraperTool/WebScraperTool.ts,62,62,62,no,none,n/a,entry_file,strictly_after,strictly_after,n/a,"            const response = await secureFetch(url, { timeout: this.timeoutMs, redirect: 'follow', f"
entry-00482,1,2,packages/components/src/httpSecurity.ts,222,222,222,no,after_critical,ambiguous,critical_file,overlapping,n/a,overlapping,    return {
entry-00483,1,0,server/src/routes/agents.ts,2013,2013,2013,no,none,n/a,entry_file,strictly_after,strictly_after,n/a,assertBoard(req);  // 仅校验 actor 类型为 board，不校验所属公司
entry-00483,1,1,server/src/routes/agents.ts,2014,2014,2014,no,none,n/a,entry_file,strictly_after,strictly_after,n/a,const id = req.params.id as string;  // 路径参数直接使用，可传入任意租户的 agent UUID
entry-00483,1,2,server/src/routes/agents.ts,2013,2013,2013,no,none,n/a,entry_file,strictly_after,strictly_after,n/a,"// 此处应有 assertCompanyAccess(req, agent.companyId) — 缺失，未验证调用方是否属于该 agent 所在公司"
entry-00483,1,3,server/src/services/agents.ts,595,595,595,no,after_critical,ambiguous,critical_file,overlapping,n/a,overlapping,"listKeys: (id: string) => db.select(...).from(agentApiKeys).where(eq(agentApiKeys.agentId, id))  // "
entry-00484,1,0,server/src/routes/agents.ts,2020,2020,2020,no,none,n/a,entry_file,strictly_after,strictly_after,n/a,assertBoard(req);
entry-00484,1,1,server/src/routes/agents.ts,2021,2021,2021,no,none,n/a,entry_file,strictly_after,strictly_after,n/a,const id = req.params.id as string;
entry-00484,1,2,server/src/routes/agents.ts,2020,2020,2020,yes,none,n/a,entry_file,strictly_after,strictly_after,n/a,assertBoard(req);
entry-00484,1,3,server/src/services/agents.ts,564,564,564,no,after_critical,ambiguous,critical_file,overlapping,n/a,overlapping,"    createApiKey: async (id: string, name: string) => {"
entry-00485,1,0,server/src/routes/agents.ts,2041,2041,2041,no,none,n/a,entry_file,strictly_after,strictly_after,n/a,assertBoard(req);  // 仅校验 actor 类型为 board
entry-00485,1,1,server/src/routes/agents.ts,2042,2042,2042,no,none,n/a,entry_file,strictly_after,strictly_after,n/a,const keyId = req.params.keyId as string;  // 攻击者控制的任意租户密钥 ID
entry-00485,1,2,server/src/routes/agents.ts,2041,2041,2041,no,none,n/a,entry_file,strictly_after,strictly_after,n/a,"// 此处应有 assertCompanyAccess(req, agent.companyId) — 缺失，可吊销任意租户密钥（DoS）"
entry-00485,1,3,server/src/services/agents.ts,606,606,606,no,after_critical,ambiguous,critical_file,overlapping,n/a,overlapping,revokeKey: async (keyId: string) => { ... db.update(agentApiKeys).set({ revokedAt: new Date() }).whe
entry-00486,1,0,server/src/routes/agents.ts,2013,2013,2013,no,none,n/a,entry_file,strictly_after,strictly_after,n/a,assertBoard(req);  // 仅校验 actor 类型为 board，不校验所属公司
entry-00486,1,1,server/src/routes/agents.ts,2014,2014,2014,no,none,n/a,entry_file,strictly_after,strictly_after,n/a,const id = req.params.id as string;  // 路径参数直接使用，可传入任意租户的 agent UUID
entry-00486,1,2,server/src/routes/agents.ts,2013,2013,2013,no,none,n/a,entry_file,strictly_after,strictly_after,n/a,"// 此处应有 assertCompanyAccess(req, agent.companyId) — 缺失，未验证调用方是否属于该 agent 所在公司"
entry-00486,1,3,server/src/services/agents.ts,595,595,595,no,after_critical,ambiguous,critical_file,overlapping,n/a,overlapping,"listKeys: (id: string) => db.select(...).from(agentApiKeys).where(eq(agentApiKeys.agentId, id))  // "
entry-00487,1,0,server/src/routes/agents.ts,2020,2020,2020,no,none,n/a,entry_file,strictly_after,strictly_after,n/a,assertBoard(req);
entry-00487,1,1,server/src/routes/agents.ts,2021,2021,2021,no,none,n/a,entry_file,strictly_after,strictly_after,n/a,const id = req.params.id as string;
entry-00487,1,2,server/src/routes/agents.ts,2020,2020,2020,yes,none,n/a,entry_file,strictly_after,strictly_after,n/a,assertBoard(req);
entry-00487,1,3,server/src/services/agents.ts,564,564,564,no,after_critical,ambiguous,critical_file,overlapping,n/a,overlapping,"createApiKey: async (id: string, name: string) => {"
entry-00488,1,0,server/src/routes/agents.ts,2041,2041,2041,no,none,n/a,entry_file,strictly_after,strictly_after,n/a,assertBoard(req);  // 仅校验 actor 类型为 board
entry-00488,1,1,server/src/routes/agents.ts,2042,2042,2042,no,none,n/a,entry_file,strictly_after,strictly_after,n/a,const keyId = req.params.keyId as string;  // 攻击者控制的任意租户密钥 ID
entry-00488,1,2,server/src/routes/agents.ts,2041,2041,2041,no,none,n/a,entry_file,strictly_after,strictly_after,n/a,"// 此处应有 assertCompanyAccess(req, agent.companyId) — 缺失，可吊销任意租户密钥（DoS）"
entry-00488,1,3,server/src/services/agents.ts,606,606,606,no,after_critical,ambiguous,critical_file,overlapping,n/a,overlapping,revokeKey: async (keyId: string) => { ... db.update(agentApiKeys).set({ revokedAt: new Date() }).whe
entry-00489,1,0,packages/server/src/controllers/documentstore/index.ts,28-29,28,29,no,before_entry,ambiguous,entry_file,overlapping,overlapping,n/a,"        const body = req.body
        body.workspaceId = req.user?.activeWorkspaceId"
entry-00489,1,1,packages/server/src/controllers/documentstore/index.ts,36,36,36,no,none,n/a,entry_file,strictly_after,strictly_after,n/a,        const docStore = DocumentStoreDTO.toEntity(body)
entry-00489,1,2,packages/server/src/Interface.DocumentStore.ts,300-308,300,308,no,none,n/a,cross_file,n/a (cross-file),n/a,n/a,"    static toEntity(body: any): DocumentStore {
        const docStore = new DocumentStore()
       "
entry-00489,1,3,packages/server/src/controllers/documentstore/index.ts,37,37,37,no,none,n/a,entry_file,strictly_after,strictly_after,n/a,"        const apiResponse = await documentStoreService.createDocumentStore(docStore, orgId)"
entry-00489,1,4,packages/server/src/services/documentstore/index.ts,63-64,63,64,no,after_critical,ambiguous,critical_file,overlapping,n/a,overlapping,        const documentStore = appServer.AppDataSource.getRepository(DocumentStore).create(newDocumen
entry-00490,1,0,packages/server/src/controllers/documentstore/index.ts,356-358,356,358,no,before_entry,ambiguous,entry_file,overlapping,overlapping,n/a,"        const body = req.body
        const updateDocStore = new DocumentStore()
        Object.assi"
entry-00490,1,1,packages/server/src/controllers/documentstore/index.ts,349,349,349,no,before_entry,clear,entry_file,strictly_before,strictly_before,n/a,"        const store = await documentStoreService.getDocumentStoreById(req.params.id, workspaceId)"
entry-00490,1,2,packages/server/src/controllers/documentstore/index.ts,359,359,359,no,none,n/a,entry_file,strictly_after,strictly_after,n/a,"        const apiResponse = await documentStoreService.updateDocumentStore(store, updateDocStore)"
entry-00490,1,3,packages/server/src/services/documentstore/index.ts,523-524,523,524,no,after_critical,ambiguous,critical_file,overlapping,n/a,overlapping,        const tmpUpdatedDocumentStore = appServer.AppDataSource.getRepository(DocumentStore).merge(d
entry-00491,1,0,packages/server/src/controllers/documentstore/index.ts,622-624,622,624,no,before_entry,ambiguous,entry_file,overlapping,overlapping,n/a,"        const body = req.body
        const files = (req.files as Express.Multer.File[]) || []
     "
entry-00491,1,1,packages/server/src/services/documentstore/index.ts,1775-1782,1775,1782,no,after_critical,ambiguous,critical_file,overlapping,n/a,overlapping,"    if (createNewDocStore) {
        const docStoreBody = typeof data.docStore === 'string' ? JSON.p"
entry-00492,1,0,packages/server/src/utils/constants.ts,41,41,41,no,before_entry,ambiguous,entry_file,overlapping,overlapping,n/a,"    '/api/v1/text-to-speech/generate',"
entry-00492,1,1,packages/server/src/index.ts,221,221,221,no,none,n/a,cross_file,n/a (cross-file),n/a,n/a,                    const isWhitelisted = whitelistURLs.some((url) => req.path.startsWith(url))
entry-00492,1,2,packages/server/src/index.ts,222,222,222,no,none,n/a,cross_file,n/a (cross-file),n/a,n/a,                    if (isWhitelisted) {
entry-00492,1,3,packages/server/src/routes/text-to-speech/index.ts,6,6,6,no,none,n/a,cross_file,n/a (cross-file),n/a,n/a,"router.post('/generate', textToSpeechController.generateTextToSpeech)"
entry-00492,1,4,packages/server/src/controllers/text-to-speech/index.ts,18,18,18,no,none,n/a,cross_file,n/a (cross-file),n/a,n/a,"            credentialId: bodyCredentialId,"
entry-00492,1,5,packages/server/src/controllers/text-to-speech/index.ts,58,58,58,no,none,n/a,cross_file,n/a (cross-file),n/a,n/a,        } else {
entry-00492,1,6,packages/server/src/controllers/text-to-speech/index.ts,95,95,95,no,none,n/a,cross_file,n/a (cross-file),n/a,n/a,        const textToSpeechConfig = {
entry-00492,1,7,packages/server/src/controllers/text-to-speech/index.ts,108,108,108,no,none,n/a,cross_file,n/a (cross-file),n/a,n/a,            await convertTextToSpeechStream(
entry-00492,1,8,packages/components/src/textToSpeech.ts,33,33,33,no,none,n/a,critical_file,strictly_before,n/a,strictly_before,                    const credentialId = textToSpeechConfig.credentialId as string
entry-00492,1,9,packages/components/src/textToSpeech.ts,34,34,34,no,after_critical,ambiguous,critical_file,overlapping,n/a,overlapping,"                    const credentialData = await getCredentialData(credentialId ?? '', options)"
entry-00493,1,0,src/channels/plugins/catalog.ts,325,325,325,no,none,n/a,cross_file,n/a (cross-file),n/a,n/a,const manifestEntries = listChannelCatalogEntries({
entry-00493,1,1,src/channels/plugins/catalog.ts,347,347,347,no,none,n/a,cross_file,n/a (cross-file),n/a,n/a,const priority = ORIGIN_PRIORITY[candidate.origin] ?? 99;
entry-00493,1,2,src/channels/plugins/catalog.ts,348,348,348,no,none,n/a,cross_file,n/a (cross-file),n/a,n/a,const existing = resolved.get(entry.id);
entry-00493,1,3,src/flows/channel-setup.ts,155,155,155,no,none,ambiguous,both,"ep=strictly_after,co=strictly_before",strictly_after,strictly_before,const explicitlyEnabled =
entry-00494,1,0,src/channels/plugins/catalog.ts,331,331,331,no,none,n/a,cross_file,n/a (cross-file),n/a,n/a,  for (const candidate of manifestEntries) {
entry-00494,1,1,src/commands/channel-setup/discovery.ts,85,85,85,no,after_critical,clear,both,strictly_after,strictly_after,strictly_after,const installableCatalogEntries = catalogEntries.filter(
entry-00495,1,0,src/commands/channel-setup/plugin-install.ts,277,277,277,no,after_critical,ambiguous,both,strictly_after,overlapping,strictly_after,"    getChannelPluginCatalogEntry(params.channel, {"
entry-00495,1,1,src/channels/plugins/catalog.ts,387,387,387,no,none,n/a,cross_file,n/a (cross-file),n/a,n/a,export function getChannelPluginCatalogEntry(
entry-00495,1,2,src/channels/plugins/catalog.ts,332,332,332,no,none,n/a,cross_file,n/a (cross-file),n/a,n/a,"    if (options.excludeWorkspace && candidate.origin === ""workspace"") {"
entry-00495,1,3,src/commands/channel-setup/plugin-install.ts,276,276,276,no,before_entry,ambiguous,both,strictly_before,strictly_before,overlapping,  return (
entry-00496,1,0,src/agents/bash-tools.exec-runtime.ts,151-155,151,155,no,none,ambiguous,both,"ep=overlapping,co=strictly_before",overlapping,strictly_before,"  host: Type.Optional(
    Type.String({
      description: ""Exec host/target (auto|sandbox|gateway|"
entry-00496,1,1,src/agents/bash-tools.exec-runtime.ts,244-253,244,253,no,after_critical,clear,both,strictly_after,strictly_after,strictly_after,"}) {
  const configuredTarget = params.configuredTarget ?? ""auto"";
  const requestedTarget = params."
entry-00496,1,2,src/agents/bash-tools.exec-runtime.ts,228-237,228,237,no,none,ambiguous,both,"ep=strictly_after,co=overlapping",strictly_after,overlapping,"    return true;
  }
  if (params.configuredTarget === ""auto"") {
    if (params.sandboxAvailable && "
entry-00496,1,3,src/agents/bash-tools.exec-runtime.ts,268-277,268,277,no,after_critical,clear,both,strictly_after,strictly_after,strictly_after,"  const selectedTarget = requestedTarget ?? configuredTarget;
  const resolvedTarget = params.elevat"
entry-00497,1,0,src/agents/exec-defaults.ts,56-65,56,65,no,none,ambiguous,both,"ep=overlapping,co=overlapping",overlapping,overlapping,"export function canExecRequestNode(params: {
  cfg?: OpenClawConfig;
  sessionEntry?: SessionEntry;
"
entry-00497,1,1,src/agents/exec-defaults.ts,115-118,115,118,no,after_critical,clear,both,strictly_after,strictly_after,strictly_after,"    canRequestNode: isRequestedExecTargetAllowed({
      configuredTarget: host,
      requestedTarg"
entry-00498,1,0,src/agents/sandbox/config.ts,148,148,148,no,none,n/a,cross_file,n/a (cross-file),n/a,n/a,"cdpSourceRange: agentBrowser?.cdpSourceRange ?? globalBrowser?.cdpSourceRange,  // 无默认值，用户未配置则 undef"
entry-00498,1,1,src/agents/sandbox/browser.ts,157,157,157,no,none,n/a,cross_file,n/a (cross-file),n/a,n/a,const cdpSourceRange = normalizeOptionalString(params.cfg.browser.cdpSourceRange);  // undefined → n
entry-00498,1,2,src/agents/sandbox/browser.ts,270,270,270,no,none,n/a,cross_file,n/a (cross-file),n/a,n/a,"if (cdpSourceRange) {
  args.push(""-e"", `${CDP_SOURCE_RANGE_ENV_KEY}=${cdpSourceRange}`);
}  // cdpS"
entry-00498,1,3,scripts/sandbox-browser-entrypoint.sh,12,12,12,no,none,n/a,critical_file,strictly_before,n/a,strictly_before,"CDP_SOURCE_RANGE=""${OPENCLAW_BROWSER_CDP_SOURCE_RANGE:-}""  // 默认空字符串"
entry-00498,1,4,scripts/sandbox-browser-entrypoint.sh,178,178,178,no,none,n/a,critical_file,strictly_before,n/a,strictly_before,"if [[ -n ""${CDP_SOURCE_RANGE}"" ]]; then
  SOCAT_LISTEN_ADDR=""${SOCAT_LISTEN_ADDR},range=${CDP_SOURCE"
entry-00499,1,0,src/security/audit-extra.sync.ts,850,850,850,no,none,ambiguous,both,"ep=strictly_after,co=strictly_before",strictly_after,strictly_before,"if (
  defaultBrowser.enabled &&
  normalizeOptionalLowercaseString(defaultBrowser.network) === ""bri"
entry-00499,1,1,src/security/audit-extra.sync.ts,873,873,873,no,none,ambiguous,both,"ep=strictly_after,co=strictly_before",strictly_after,strictly_before,"if (browserExposurePaths.length > 0) {
  findings.push({ checkId: ""sandbox.browser_cdp_bridge_unrest"
entry-00500,1,0,src/gateway/mcp-http.request.ts,91,91,91,no,none,n/a,cross_file,n/a (cross-file),n/a,n/a,export function resolveMcpRequestContext(
entry-00500,1,1,src/gateway/mcp-http.ts,44,44,44,no,none,n/a,entry_file,strictly_after,strictly_after,n/a,const scopedTools = toolCache.resolve({
entry-00500,1,2,src/gateway/mcp-http.runtime.ts,43,43,43,no,none,n/a,cross_file,n/a (cross-file),n/a,n/a,const next = resolveGatewayScopedTools({
entry-00500,1,3,src/gateway/tool-resolution.ts,71,71,71,no,none,n/a,cross_file,n/a (cross-file),n/a,n/a,const allTools = createOpenClawTools({
entry-00500,1,4,src/agents/openclaw-tools.ts,195,195,195,no,none,n/a,cross_file,n/a (cross-file),n/a,n/a,: createMessageTool({
entry-00500,1,5,src/agents/tools/message-tool.ts,807,807,807,no,none,n/a,cross_file,n/a (cross-file),n/a,n/a,const result = await runMessageActionForTool({
entry-00500,1,6,src/infra/outbound/message-action-runner.ts,695,695,695,no,none,n/a,cross_file,n/a (cross-file),n/a,n/a,const handled = await dispatchChannelMessageAction({
entry-00500,1,7,src/channels/plugins/message-action-dispatch.ts,30,30,30,no,none,n/a,cross_file,n/a (cross-file),n/a,n/a,return await plugin.actions.handleAction(ctx);
entry-00501,1,0,extensions/feishu/src/monitor.transport.ts,277,277,277,no,after_critical,ambiguous,both,strictly_after,overlapping,strictly_after,"    server.listen(port, host, () => {"
entry-00501,1,1,extensions/feishu/src/monitor.transport.ts,191,191,191,no,before_entry,ambiguous,both,strictly_before,strictly_before,strictly_after,        const body = await readWebhookBodyOrReject({
entry-00501,1,2,extensions/feishu/src/monitor.transport.ts,211,211,211,no,before_entry,ambiguous,both,strictly_before,strictly_before,strictly_after,"            encryptKey: account.encryptKey,"
entry-00501,1,3,extensions/feishu/src/monitor.transport.ts,58,58,58,no,before_entry,ambiguous,both,strictly_before,strictly_before,overlapping,  if (!encryptKey) {
entry-00502,1,0,extensions/feishu/src/card-action.ts,187-190,187,190,no,after_critical,clear,both,strictly_after,strictly_after,strictly_after,"  const claimedToken = beginFeishuCardActionToken({
    token: event.token,
    accountId: account.a"
entry-00502,1,1,extensions/feishu/src/card-action.ts,64-67,64,67,no,before_entry,ambiguous,both,strictly_before,strictly_before,overlapping,"  const normalizedToken = params.token.trim();
  if (!normalizedToken) {
    return true;
  }"
entry-00502,1,2,extensions/feishu/src/card-action.ts,191-194,191,194,no,after_critical,clear,both,strictly_after,strictly_after,strictly_after,"  if (!claimedToken) {
    log(`feishu[${account.accountId}]: skipping duplicate card action token $"
entry-00502,1,3,extensions/feishu/src/card-action.ts,304-311,304,311,no,after_critical,clear,both,strictly_after,strictly_after,strictly_after,"    await dispatchSyntheticCommand({
      cfg,
      event,
      command: content,
      botOpenId"
entry-00503,1,0,extensions/feishu/src/monitor.transport.ts,161,161,161,no,after_critical,ambiguous,both,strictly_after,overlapping,strictly_after,"  server.on(""request"", (req, res) => {"
entry-00503,1,1,extensions/feishu/src/monitor.transport.ts,204,204,204,no,after_critical,clear,both,strictly_after,strictly_after,strictly_after,        const rawBody = body.value;
entry-00503,1,2,extensions/feishu/src/monitor.transport.ts,208,208,208,no,after_critical,clear,both,strictly_after,strictly_after,strictly_after,          !isFeishuWebhookSignatureValid({
entry-00503,1,3,extensions/feishu/src/monitor.transport.ts,57,57,57,no,before_entry,clear,both,strictly_before,strictly_before,strictly_before,  const encryptKey = params.encryptKey?.trim();
entry-00503,1,4,extensions/feishu/src/monitor.transport.ts,234,234,234,no,after_critical,clear,both,strictly_after,strictly_after,strictly_after,"        const value = await eventDispatcher.invoke(buildFeishuWebhookEnvelope(req, payload), {"
entry-00503,1,5,extensions/feishu/src/monitor.transport.ts,59,59,59,no,before_entry,ambiguous,both,strictly_before,strictly_before,overlapping,    return true;
entry-00504,1,0,extensions/feishu/src/card-action.ts,176,176,176,no,after_critical,ambiguous,both,strictly_after,overlapping,strictly_after,export async function handleFeishuCardAction(params: {
entry-00504,1,1,extensions/feishu/src/card-action.ts,187,187,187,no,after_critical,clear,both,strictly_after,strictly_after,strictly_after,  const claimedToken = beginFeishuCardActionToken({
entry-00504,1,2,extensions/feishu/src/card-action.ts,65,65,65,no,before_entry,ambiguous,both,strictly_before,strictly_before,overlapping,  if (!normalizedToken) {
entry-00505,1,0,src/node-host/invoke-system-run-plan.ts,1171,1171,1171,no,after_critical,clear,both,strictly_after,strictly_after,strictly_after,  const command = resolveSystemRunCommandRequest({
entry-00505,1,1,src/node-host/invoke-system-run-plan.ts,1195,1195,1195,no,after_critical,clear,both,strictly_after,strictly_after,strictly_after,  const mutableFileOperand = resolveMutableFileOperandSnapshotSync({
entry-00505,1,2,src/node-host/invoke-system-run-plan.ts,926,926,926,no,before_entry,ambiguous,both,strictly_before,strictly_before,strictly_after,"  const argvIndex = resolveMutableFileOperandIndex(params.argv, params.cwd);"
entry-00505,1,3,src/node-host/invoke-system-run-plan.ts,749,749,749,no,before_entry,ambiguous,both,strictly_before,strictly_before,strictly_after,"function resolveMutableFileOperandIndex(argv: string[], cwd: string | undefined): number | null {"
entry-00505,1,4,src/node-host/invoke-system-run-plan.ts,296,296,296,no,before_entry,ambiguous,both,strictly_before,strictly_before,strictly_after,    const shellMultiplexerUnwrap = unwrapKnownShellMultiplexerInvocation(current);
entry-00505,1,5,src/infra/shell-wrapper-resolution.ts,161,161,161,no,none,n/a,cross_file,n/a (cross-file),n/a,n/a,export function unwrapKnownShellMultiplexerInvocation(
entry-00505,1,6,src/node-host/invoke-system-run-plan.ts,745,745,745,no,before_entry,ambiguous,both,strictly_before,strictly_before,strictly_after,function isMutableScriptRunner(executable: string): boolean {
entry-00505,1,7,src/infra/exec-safe-bin-runtime-policy.ts,23,23,23,no,none,n/a,cross_file,n/a (cross-file),n/a,n/a,const INTERPRETER_LIKE_SAFE_BINS = new Set([
entry-00505,1,8,src/infra/exec-safe-bin-runtime-policy.ts,69,69,69,no,none,n/a,cross_file,n/a (cross-file),n/a,n/a,export function isInterpreterLikeSafeBin(raw: string): boolean {
entry-00505,1,9,src/node-host/invoke-system-run-plan.ts,1200,1200,1200,no,after_critical,clear,both,strictly_after,strictly_after,strictly_after,  if (!mutableFileOperand.ok) {
entry-00506,1,0,src/http-server-single-session.ts,1266,1266,1266,no,none,ambiguous,both,"ep=overlapping,co=strictly_before",overlapping,strictly_before,"    app.delete('/mcp', async (req: express.Request, res: express.Response): Promise<void> => {"
entry-00506,1,1,src/http-server-single-session.ts,1267,1267,1267,no,none,ambiguous,both,"ep=strictly_after,co=strictly_before",strictly_after,strictly_before,      const mcpSessionId = req.headers['mcp-session-id'] as string;
entry-00506,1,2,src/http-server-single-session.ts,1295,1295,1295,no,none,ambiguous,both,"ep=strictly_after,co=strictly_before",strictly_after,strictly_before,      if (this.transports[mcpSessionId]) {
entry-00506,1,3,src/http-server-single-session.ts,1298,1298,1298,no,none,ambiguous,both,"ep=strictly_after,co=overlapping",strictly_after,overlapping,"          await this.removeSession(mcpSessionId, 'manual_termination');"
entry-00507,1,0,src/http-server-single-session.ts,1067,1067,1067,no,none,ambiguous,both,"ep=overlapping,co=strictly_before",overlapping,strictly_before,"    app.get('/mcp', async (req, res) => {"
entry-00507,1,1,src/http-server-single-session.ts,1067,1067,1067,yes,none,ambiguous,both,"ep=overlapping,co=strictly_before",overlapping,strictly_before,"    app.get('/mcp', async (req, res) => {"
entry-00507,1,2,src/http-server-single-session.ts,1069,1069,1069,no,none,ambiguous,both,"ep=strictly_after,co=strictly_before",strictly_after,strictly_before,      const sessionId = req.headers['mcp-session-id'] as string | undefined;
entry-00507,1,3,src/http-server-single-session.ts,1070,1070,1070,no,none,ambiguous,both,"ep=strictly_after,co=strictly_before",strictly_after,strictly_before,      const existingTransport = sessionId ? this.transports[sessionId] : undefined;
entry-00507,1,4,src/http-server-single-session.ts,1071,1071,1071,no,none,ambiguous,both,"ep=strictly_after,co=strictly_before",strictly_after,strictly_before,      if (existingTransport && existingTransport instanceof StreamableHTTPServerTransport) {
entry-00507,1,5,src/http-server-single-session.ts,1074,1074,1074,no,none,ambiguous,both,"ep=strictly_after,co=overlapping",strictly_after,overlapping,"          await existingTransport.handleRequest(req, res, undefined);"
entry-00508,1,0,src/http-server-single-session.ts,985,985,985,no,none,ambiguous,both,"ep=overlapping,co=strictly_before",overlapping,strictly_before,"    app.get('/health', (req, res) => {"
entry-00508,1,1,src/http-server-single-session.ts,986,986,986,no,none,ambiguous,both,"ep=strictly_after,co=strictly_before",strictly_after,strictly_before,      const activeTransports = Object.keys(this.transports);
entry-00508,1,2,src/http-server-single-session.ts,988,988,988,no,none,ambiguous,both,"ep=strictly_after,co=strictly_before",strictly_after,strictly_before,      const sessionMetrics = this.getSessionMetrics();
entry-00508,1,3,src/http-server-single-session.ts,990,990,990,no,none,ambiguous,both,"ep=strictly_after,co=strictly_before",strictly_after,strictly_before,      const isDefaultToken = this.authToken === 'REPLACE_THIS_AUTH_TOKEN_32_CHARS_MIN_abcdefgh';
entry-00508,1,4,src/http-server-single-session.ts,992,992,992,no,none,ambiguous,both,"ep=strictly_after,co=overlapping",strictly_after,overlapping,      res.json({ 
entry-00509,1,0,extensions/feishu/src/monitor.transport.ts,121,121,121,no,before_entry,ambiguous,entry_file,overlapping,overlapping,n/a,"    void Promise.resolve(webhookHandler(req, res))"
entry-00509,1,1,extensions/feishu/src/monitor.account.ts,533-536,533,536,no,after_critical,clear,critical_file,strictly_after,n/a,strictly_after,"  const connectionMode = account.config.connectionMode ?? ""websocket"";
  if (connectionMode === ""web"
entry-00509,1,2,extensions/feishu/src/config-schema.ts,241-250,241,250,no,none,n/a,cross_file,n/a (cross-file),n/a,n/a,"    const defaultConnectionMode = value.connectionMode ?? ""websocket"";
    const defaultVerification"
entry-00509,1,3,extensions/feishu/src/client.ts,174-178,174,178,no,none,n/a,cross_file,n/a (cross-file),n/a,n/a,"  return new Lark.EventDispatcher({
    encryptKey: account.encryptKey,
    verificationToken: accou"
entry-00509,1,4,extensions/feishu/src/monitor.account.ts,544-552,544,552,no,after_critical,clear,critical_file,strictly_after,n/a,strictly_after,"  const chatHistories = new Map<string, HistoryEntry[]>();

  registerEventHandlers(eventDispatcher,"
entry-00509,1,5,extensions/feishu/src/monitor.account.ts,392-400,392,400,no,after_critical,ambiguous,critical_file,overlapping,n/a,overlapping,"  eventDispatcher.register({
    ""im.message.receive_v1"": async (data) => {
      const processMessa"
entry-00510,1,0,extensions/feishu/src/monitor.account.ts,543,543,543,no,after_critical,clear,critical_file,strictly_after,n/a,strictly_after,  const eventDispatcher = createEventDispatcher(account);
entry-00510,1,1,extensions/feishu/src/client.ts,173,173,173,no,none,n/a,cross_file,n/a (cross-file),n/a,n/a,export function createEventDispatcher(account: ResolvedFeishuAccount): Lark.EventDispatcher {
entry-00510,1,2,extensions/feishu/src/monitor.account.ts,477,477,477,no,none,n/a,critical_file,strictly_before,n/a,strictly_before,"    ""card.action.trigger"": async (data: unknown) => {"
entry-00511,0,0,packages/workflow/src/expression.ts,484-492,484,492,no,before_entry,ambiguous,entry_file,overlapping,overlapping,n/a,"		// expression extensions
		data.extend = extend;
		data.extendOptional = extendOptional;

		Object"
entry-00511,0,1,packages/workflow/src/expression.ts,496-503,496,503,no,none,n/a,entry_file,strictly_after,strictly_after,n/a,"		const constructorValidation = new RegExp(/\.\s*constructor/gm);
		if (parameterValue.match(constru"
entry-00511,0,2,packages/workflow/src/expression-sandboxing.ts,137,137,137,no,none,n/a,cross_file,n/a (cross-file),n/a,n/a,"export const ThisSanitizer: ASTBeforeHook = (ast, dataNode) => {"
entry-00511,0,3,packages/@n8n/expression-runtime/src/runtime/reset.ts,167-168,167,168,no,none,n/a,cross_file,n/a (cross-file),n/a,n/a,"	globalThis.__data.extend = extend;
	globalThis.__data.extendOptional = extendOptional;"
entry-00511,0,4,packages/@n8n/expression-runtime/src/extensions/extend.ts,105-106,105,106,no,after_critical,clear,critical_file,strictly_after,n/a,strictly_after,"export function extend(input: unknown, functionName: string, args: unknown[]) {
	const foundFunction"
entry-00511,0,5,packages/@n8n/expression-runtime/src/extensions/extend.ts,79-85,79,85,no,after_critical,ambiguous,critical_file,overlapping,n/a,overlapping,"		const inputAny: any = input;
		// This is likely a builtin we're implementing for another type
		/"
entry-00512,0,0,packages/workflow/src/expression.ts,524,524,524,no,before_entry,ambiguous,entry_file,overlapping,overlapping,n/a,"	private renderExpression(expression: string, data: IWorkflowDataProxyData) {"
entry-00512,0,1,packages/workflow/src/expression-sandboxing.ts,493-502,493,502,no,none,n/a,cross_file,n/a (cross-file),n/a,n/a,"				path.replace(
					b.memberExpression(
						// eslint-disable-next-line @typescript-eslint/no-u"
entry-00512,0,2,packages/@n8n/expression-runtime/src/runtime/reset.ts,46,46,46,no,after_critical,ambiguous,critical_file,overlapping,n/a,overlapping,	globalThis.__data.__sanitize = __sanitize;
entry-00513,1,0,src/agents/tools/session-status-tool.ts,257,257,257,no,none,ambiguous,both,"ep=strictly_after,co=strictly_before",strictly_after,strictly_before,"const requestedKeyParam = readStringParam(params, ""sessionKey"");"
entry-00513,1,1,src/agents/tools/session-status-tool.ts,244,244,244,no,none,ambiguous,both,"ep=strictly_after,co=strictly_before",strictly_after,strictly_before,const visibilityGuard =
entry-00513,1,2,src/agents/tools/session-status-tool.ts,277,277,277,no,none,ambiguous,both,"ep=strictly_after,co=strictly_before",strictly_after,strictly_before,"if (requestedKeyRaw.startsWith(""agent:"")) {"
entry-00513,1,3,src/agents/tools/session-status-tool.ts,288,288,288,no,none,ambiguous,both,"ep=strictly_after,co=strictly_before",strictly_after,strictly_before,"const isExplicitAgentKey = requestedKeyRaw.startsWith(""agent:"");"
entry-00513,1,4,src/agents/tools/session-status-tool.ts,311,311,311,no,none,ambiguous,both,"ep=strictly_after,co=strictly_before",strictly_after,strictly_before,!resolved &&
entry-00513,1,5,src/agents/tools/sessions-resolution.ts,328,328,328,no,none,n/a,cross_file,n/a (cross-file),n/a,n/a,export async function resolveSessionReference(params: {
entry-00513,1,6,src/agents/tools/sessions-resolution.ts,397,397,397,no,none,n/a,cross_file,n/a (cross-file),n/a,n/a,export async function resolveVisibleSessionReference(params: {
entry-00513,1,7,src/agents/tools/session-status-tool.ts,332,332,332,no,none,ambiguous,both,"ep=strictly_after,co=strictly_before",strictly_after,strictly_before,ensureAgentAccess(resolveAgentIdFromSessionKey(visibleSession.key));
entry-00513,1,8,src/agents/tools/session-status-tool.ts,365,365,365,no,none,ambiguous,both,"ep=strictly_after,co=strictly_before",strictly_after,strictly_before,if (!resolved) {
entry-00513,1,9,src/agents/tools/session-status-tool.ts,370,370,370,no,none,ambiguous,both,"ep=strictly_after,co=overlapping",strictly_after,overlapping,"if (visibilityGuard && !requestedKeyRaw.startsWith(""agent:"")) {"
